image_path,true_class,predicted_class
/home/yapbenzet/Desktop/Jean/cnn_food_classification/data/val/Adana Kebap/000007_aug_78.jpg,Adana Kebap,Adana Kebap
/home/yapbenzet/Desktop/Jean/cnn_food_classification/data/val/Adana Kebap/000030.jpg,Adana Kebap,Adana Kebap
/home/yapbenzet/Desktop/Jean/cnn_food_classification/data/val/Adana Kebap/000032.jpg,Adana Kebap,Adana Kebap
/home/yapbenzet/Desktop/Jean/cnn_food_classification/data/val/Adana Kebap/000037_aug_69.jpg,Adana Kebap,Adana Kebap
/home/yapbenzet/Desktop/Jean/cnn_food_classification/data/val/Adana Kebap/000043_aug_102.jpg,Adana Kebap,Adana Kebap
/home/yapbenzet/Desktop/Jean/cnn_food_classification/data/val/Adana Kebap/000046_aug_96.jpg,Adana Kebap,Adana Kebap
/home/yapbenzet/Desktop/Jean/cnn_food_classification/data/val/Adana Kebap/000047.jpg,Adana Kebap,Adana Kebap
/home/yapbenzet/Desktop/Jean/cnn_food_classification/data/val/Adana Kebap/000050.png,Adana Kebap,Adana Kebap
/home/yapbenzet/Desktop/Jean/cnn_food_classification/data/val/Adana Kebap/000070.png,Adana Kebap,Adana Kebap
/home/yapbenzet/Desktop/Jean/cnn_food_classification/data/val/Adana Kebap/000070_aug_60.jpg,Adana Kebap,Adana Kebap
/home/yapbenzet/Desktop/Jean/cnn_food_classification/data/val/Adana Kebap/000073_aug_101.jpg,Adana Kebap,İskender
/home/yapbenzet/Desktop/Jean/cnn_food_classification/data/val/Adana Kebap/000078.jpg,Adana Kebap,Adana Kebap
/home/yapbenzet/Desktop/Jean/cnn_food_classification/data/val/Adana Kebap/000079.png,Adana Kebap,Adana Kebap
/home/yapbenzet/Desktop/Jean/cnn_food_classification/data/val/Adana Kebap/000081.jpg,Adana Kebap,Adana Kebap
/home/yapbenzet/Desktop/Jean/cnn_food_classification/data/val/Adana Kebap/000082.jpg,Adana Kebap,Adana Kebap
/home/yapbenzet/Desktop/Jean/cnn_food_classification/data/val/Adana Kebap/000084.jpg,Adana Kebap,Adana Kebap
/home/yapbenzet/Desktop/Jean/cnn_food_classification/data/val/Adana Kebap/adana-kebap-320x213.jpg,Adana Kebap,Adana Kebap
/home/yapbenzet/Desktop/Jean/cnn_food_classification/data/val/Adana Kebap/adana-kebap-gercek-tarifi-2.webp,Adana Kebap,Adana Kebap
/home/yapbenzet/Desktop/Jean/cnn_food_classification/data/val/Adana Kebap/adana-kebap-gercek-tarifi-5.webp,Adana Kebap,Adana Kebap
/home/yapbenzet/Desktop/Jean/cnn_food_classification/data/val/Adana Kebap/dfsadfasfa.PNG,Adana Kebap,Adana Kebap
/home/yapbenzet/Desktop/Jean/cnn_food_classification/data/val/Adana Kebap/ev-usulu-adana-kebap-600x400.webp,Adana Kebap,Adana Kebap
/home/yapbenzet/Desktop/Jean/cnn_food_classification/data/val/Adana Kebap/ev-yapimi-adana-kebap-fotografi-320x213.jpg,Adana Kebap,Adana Kebap
/home/yapbenzet/Desktop/Jean/cnn_food_classification/data/val/Adana Kebap/ev-yapimi-adana-kebap-fotografi.webp,Adana Kebap,Adana Kebap
/home/yapbenzet/Desktop/Jean/cnn_food_classification/data/val/Adana Kebap/images (12).jpg,Adana Kebap,Adana Kebap
/home/yapbenzet/Desktop/Jean/cnn_food_classification/data/val/Adana Kebap/istockphoto-1140319792-612x612.jpg,Adana Kebap,Adana Kebap
/home/yapbenzet/Desktop/Jean/cnn_food_classification/data/val/Adana Kebap/istockphoto-1151276732-1024x1024.jpg,Adana Kebap,Adana Kebap
/home/yapbenzet/Desktop/Jean/cnn_food_classification/data/val/Adana Kebap/istockphoto-1195109100-612x612.jpg,Adana Kebap,Adana Kebap
/home/yapbenzet/Desktop/Jean/cnn_food_classification/data/val/Adana Kebap/istockphoto-1210801133-612x612.jpg,Adana Kebap,Adana Kebap
/home/yapbenzet/Desktop/Jean/cnn_food_classification/data/val/Adana Kebap/istockphoto-1290118494-1024x1024.jpg,Adana Kebap,Adana Kebap
/home/yapbenzet/Desktop/Jean/cnn_food_classification/data/val/Adana Kebap/istockphoto-138066674-612x612.jpg,Adana Kebap,Adana Kebap
/home/yapbenzet/Desktop/Jean/cnn_food_classification/data/val/Adana Kebap/istockphoto-170618530-612x612.jpg,Adana Kebap,Adana Kebap
/home/yapbenzet/Desktop/Jean/cnn_food_classification/data/val/Adana Kebap/istockphoto-1771158607-612x612.jpg,Adana Kebap,Adana Kebap
/home/yapbenzet/Desktop/Jean/cnn_food_classification/data/val/Adana Kebap/istockphoto-1914765709-612x612.jpg,Adana Kebap,Adana Kebap
/home/yapbenzet/Desktop/Jean/cnn_food_classification/data/val/Adana Kebap/istockphoto-2150878631-1024x1024.jpg,Adana Kebap,Adana Kebap
/home/yapbenzet/Desktop/Jean/cnn_food_classification/data/val/Adana Kebap/istockphoto-484297660-612x612.jpg,Adana Kebap,Adana Kebap
/home/yapbenzet/Desktop/Jean/cnn_food_classification/data/val/Adana Kebap/istockphoto-524092543-612x612.jpg,Adana Kebap,Adana Kebap
/home/yapbenzet/Desktop/Jean/cnn_food_classification/data/val/Adana Kebap/istockphoto-691669776-1024x1024.jpg,Adana Kebap,Adana Kebap
/home/yapbenzet/Desktop/Jean/cnn_food_classification/data/val/Adana Kebap/istockphoto-855318138-612x612.jpg,Adana Kebap,Adana Kebap
/home/yapbenzet/Desktop/Jean/cnn_food_classification/data/val/Adana Kebap/istockphoto-942410690-612x612.jpg,Adana Kebap,Adana Kebap
/home/yapbenzet/Desktop/Jean/cnn_food_classification/data/val/Adana Kebap/kebapcilara-tas-cikaracak-adana-kebap-12.webp,Adana Kebap,Adana Kebap
/home/yapbenzet/Desktop/Jean/cnn_food_classification/data/val/Adana Kebap/kebapcilara-tas-cikaracak-adana-kebap-14.webp,Adana Kebap,Adana Kebap
/home/yapbenzet/Desktop/Jean/cnn_food_classification/data/val/Adana Kebap/kebapcilara-tas-cikaracak-adana-kebap-8.webp,Adana Kebap,Adana Kebap
/home/yapbenzet/Desktop/Jean/cnn_food_classification/data/val/Adana Kebap/nyt-up-140830_attachment-320x240.jpg,Adana Kebap,Adana Kebap
/home/yapbenzet/Desktop/Jean/cnn_food_classification/data/val/Adana Kebap/nyt-up-2228201_recipe-2019-04-21-18-10-31-320x569.jpg,Adana Kebap,Adana Kebap
/home/yapbenzet/Desktop/Jean/cnn_food_classification/data/val/Adana Kebap/nyt-up-2228201_recipe-2023-08-18-19-48-01-320x427.jpg,Adana Kebap,Adana Kebap
/home/yapbenzet/Desktop/Jean/cnn_food_classification/data/val/Adana Kebap/nyt-up-6112166_recipe-2020-08-30-12-38-37-320x240.jpg,Adana Kebap,Adana Kebap
/home/yapbenzet/Desktop/Jean/cnn_food_classification/data/val/Adana Kebap/nyt-up-6822789_1835e969767c4085036568449-320x180.jpg,Adana Kebap,Adana Kebap
/home/yapbenzet/Desktop/Jean/cnn_food_classification/data/val/Adana Kebap/nyt-up-6822789_recipe-2020-05-25-18-23-52-320x247.jpg,Adana Kebap,Adana Kebap
/home/yapbenzet/Desktop/Jean/cnn_food_classification/data/val/Adana Kebap/nyt-up-6822789_recipe-2020-11-06-19-19-27-320x382.jpg,Adana Kebap,Adana Kebap
/home/yapbenzet/Desktop/Jean/cnn_food_classification/data/val/Adana Kebap/nyt-up-6822789_recipe-2021-04-26-23-33-02-320x427.jpg,Adana Kebap,Adana Kebap
/home/yapbenzet/Desktop/Jean/cnn_food_classification/data/val/Adana Kebap/nyt-up-6822789_recipe-2022-06-11-21-21-52-320x240.jpg,Adana Kebap,Adana Kebap
/home/yapbenzet/Desktop/Jean/cnn_food_classification/data/val/Adana Kebap/nyt-up-767754_recipe-2021-01-01-15-56-27-320x320.jpg,Adana Kebap,Adana Kebap
/home/yapbenzet/Desktop/Jean/cnn_food_classification/data/val/Adana Kebap/nyt-up-767754_recipe-2021-01-01-15-57-32-320x144.jpg,Adana Kebap,Adana Kebap
/home/yapbenzet/Desktop/Jean/cnn_food_classification/data/val/Adana Kebap/nyt-up-8496272_702607b3448c7287594476208-320x427.jpeg,Adana Kebap,Adana Kebap
/home/yapbenzet/Desktop/Jean/cnn_food_classification/data/val/Adana Kebap/nyt-up-8496272_8525fe0ca9519b94170471827-320x313.jpg,Adana Kebap,Patates Kızartması
/home/yapbenzet/Desktop/Jean/cnn_food_classification/data/val/Adana Kebap/nyt-up-8496272_recipe-2021-03-23-22-01-19-320x180.jpg,Adana Kebap,Adana Kebap
/home/yapbenzet/Desktop/Jean/cnn_food_classification/data/val/Adana Kebap/nyt-up-8496272_recipe-2022-10-24-22-18-52-320x427.jpg,Adana Kebap,Adana Kebap
/home/yapbenzet/Desktop/Jean/cnn_food_classification/data/val/Adana Kebap/nyt-up-9069692_9406675c9ad43c69144922391-320x427.jpeg,Adana Kebap,Adana Kebap
/home/yapbenzet/Desktop/Jean/cnn_food_classification/data/val/Adana Kebap/nyt-up-9069692_attachment-320x427.jpg,Adana Kebap,Adana Kebap
/home/yapbenzet/Desktop/Jean/cnn_food_classification/data/val/Adana Kebap/nyt-up-9069692_recipe-2021-04-17-18-19-44-320x569.jpg,Adana Kebap,Köfte
/home/yapbenzet/Desktop/Jean/cnn_food_classification/data/val/Adana Kebap/nyt_up_140830_recipe-2017-12-08-15-14-49-320x427.jpg,Adana Kebap,Adana Kebap
/home/yapbenzet/Desktop/Jean/cnn_food_classification/data/val/Aşure/000011.jpg,Aşure,Aşure
/home/yapbenzet/Desktop/Jean/cnn_food_classification/data/val/Aşure/000013.jpg,Aşure,Aşure
/home/yapbenzet/Desktop/Jean/cnn_food_classification/data/val/Aşure/000032.jpg,Aşure,Aşure
/home/yapbenzet/Desktop/Jean/cnn_food_classification/data/val/Aşure/000033.jpg,Aşure,Aşure
/home/yapbenzet/Desktop/Jean/cnn_food_classification/data/val/Aşure/000035.jpg,Aşure,Aşure
/home/yapbenzet/Desktop/Jean/cnn_food_classification/data/val/Aşure/000036.jpg,Aşure,Aşure
/home/yapbenzet/Desktop/Jean/cnn_food_classification/data/val/Aşure/000041.jpg,Aşure,Aşure
/home/yapbenzet/Desktop/Jean/cnn_food_classification/data/val/Aşure/000047.png,Aşure,Aşure
/home/yapbenzet/Desktop/Jean/cnn_food_classification/data/val/Aşure/000051.jpg,Aşure,Aşure
/home/yapbenzet/Desktop/Jean/cnn_food_classification/data/val/Aşure/000063.jpg,Aşure,Aşure
/home/yapbenzet/Desktop/Jean/cnn_food_classification/data/val/Aşure/000072.jpg,Aşure,Aşure
/home/yapbenzet/Desktop/Jean/cnn_food_classification/data/val/Aşure/000077.jpg,Aşure,Aşure
/home/yapbenzet/Desktop/Jean/cnn_food_classification/data/val/Aşure/000082.jpg,Aşure,Aşure
/home/yapbenzet/Desktop/Jean/cnn_food_classification/data/val/Aşure/asure-tarifi-videosu-320x213.jpg,Aşure,Aşure
/home/yapbenzet/Desktop/Jean/cnn_food_classification/data/val/Aşure/nyt-up-1050_1525f49266d99523961973423-320x427.jpeg,Aşure,Yulaf Ekmeği
/home/yapbenzet/Desktop/Jean/cnn_food_classification/data/val/Aşure/nyt-up-1050_3055f6f979d94b10204632145-320x240.jpg,Aşure,Aşure
/home/yapbenzet/Desktop/Jean/cnn_food_classification/data/val/Aşure/nyt-up-1050_attachment-1-320x404.jpg,Aşure,Aşure
/home/yapbenzet/Desktop/Jean/cnn_food_classification/data/val/Aşure/nyt-up-1050_attachment-1-320x427_2.jpg,Aşure,Aşure
/home/yapbenzet/Desktop/Jean/cnn_food_classification/data/val/Aşure/nyt-up-1050_attachment-320x427_14.jpg,Aşure,Aşure
/home/yapbenzet/Desktop/Jean/cnn_food_classification/data/val/Aşure/nyt-up-1050_attachment-320x427_17.jpg,Aşure,Aşure
/home/yapbenzet/Desktop/Jean/cnn_food_classification/data/val/Aşure/nyt-up-1050_attachment-320x427_5.jpg,Aşure,Aşure
/home/yapbenzet/Desktop/Jean/cnn_food_classification/data/val/Aşure/nyt-up-1050_attachment-5-320x427.jpg,Aşure,Aşure
/home/yapbenzet/Desktop/Jean/cnn_food_classification/data/val/Aşure/nyt-up-1050_recipe-2019-09-09-17-51-48-320x568.jpg,Aşure,Aşure
/home/yapbenzet/Desktop/Jean/cnn_food_classification/data/val/Aşure/nyt-up-1050_recipe-2019-09-10-11-14-34-320x180.jpg,Aşure,Aşure
/home/yapbenzet/Desktop/Jean/cnn_food_classification/data/val/Aşure/nyt-up-1050_recipe-2020-08-28-09-13-33-320x427.jpg,Aşure,Aşure
/home/yapbenzet/Desktop/Jean/cnn_food_classification/data/val/Aşure/nyt-up-1050_recipe-2020-08-29-14-21-29-320x180.jpg,Aşure,Aşure
/home/yapbenzet/Desktop/Jean/cnn_food_classification/data/val/Aşure/nyt-up-1050_recipe-2020-09-02-17-28-12-320x427.jpg,Aşure,Aşure
/home/yapbenzet/Desktop/Jean/cnn_food_classification/data/val/Aşure/nyt-up-1050_recipe-2020-09-04-13-24-41-320x427.jpg,Aşure,Aşure
/home/yapbenzet/Desktop/Jean/cnn_food_classification/data/val/Aşure/nyt-up-1050_recipe-2020-09-07-13-14-57-320x427.jpg,Aşure,Aşure
/home/yapbenzet/Desktop/Jean/cnn_food_classification/data/val/Aşure/nyt-up-1050_recipe-2021-08-18-15-30-31-320x240.jpg,Aşure,Aşure
/home/yapbenzet/Desktop/Jean/cnn_food_classification/data/val/Aşure/nyt-up-1050_recipe-2021-08-18-17-26-26-320x427.jpg,Aşure,Aşure
/home/yapbenzet/Desktop/Jean/cnn_food_classification/data/val/Aşure/nyt-up-1050_recipe-2021-08-21-18-12-51-320x427.jpg,Aşure,Aşure
/home/yapbenzet/Desktop/Jean/cnn_food_classification/data/val/Aşure/nyt-up-1050_recipe-2021-08-23-17-41-46-320x240.jpg,Aşure,Aşure
/home/yapbenzet/Desktop/Jean/cnn_food_classification/data/val/Aşure/nyt-up-1050_recipe-2022-08-13-23-06-43-320x427.jpg,Aşure,Aşure
/home/yapbenzet/Desktop/Jean/cnn_food_classification/data/val/Aşure/nyt-up-1050_recipe-2022-08-18-13-29-05-320x427.jpg,Aşure,Aşure
/home/yapbenzet/Desktop/Jean/cnn_food_classification/data/val/Aşure/nyt-up-1050_recipe-2023-07-29-14-14-51-320x168.jpg,Aşure,Aşure
/home/yapbenzet/Desktop/Jean/cnn_food_classification/data/val/Aşure/nyt-up-1050_recipe-2023-07-29-18-54-54-320x240.jpg,Aşure,Aşure
/home/yapbenzet/Desktop/Jean/cnn_food_classification/data/val/Aşure/nyt-up-1050_recipe-2023-08-01-08-27-29-320x147.jpg,Aşure,Aşure
/home/yapbenzet/Desktop/Jean/cnn_food_classification/data/val/Aşure/nyt-up-322543_recipe-2019-09-15-17-10-49-320x569.jpg,Aşure,Aşure
/home/yapbenzet/Desktop/Jean/cnn_food_classification/data/val/Aşure/nyt-up-322543_recipe-2019-09-22-15-46-52-320x568.jpg,Aşure,Aşure
/home/yapbenzet/Desktop/Jean/cnn_food_classification/data/val/Aşure/nyt-up-322543_recipe-2021-08-31-18-00-28-320x428.jpg,Aşure,Aşure
/home/yapbenzet/Desktop/Jean/cnn_food_classification/data/val/Aşure/nyt-up-322543_recipe-2022-11-10-21-57-45-e1668112828347-320x240.jpg,Aşure,Aşure
/home/yapbenzet/Desktop/Jean/cnn_food_classification/data/val/Aşure/nyt-up-403064_attachment-1-320x240.jpg,Aşure,Aşure
/home/yapbenzet/Desktop/Jean/cnn_food_classification/data/val/Aşure/nyt-up-403064_recipe-2022-08-08-19-01-50-320x427.jpg,Aşure,Aşure
/home/yapbenzet/Desktop/Jean/cnn_food_classification/data/val/Aşure/nyt-up-599120_attachment-320x427_2.jpg,Aşure,Aşure
/home/yapbenzet/Desktop/Jean/cnn_food_classification/data/val/Aşure/nyt-up-599120_recipe-2020-08-28-15-22-41-320x427.jpg,Aşure,Aşure
/home/yapbenzet/Desktop/Jean/cnn_food_classification/data/val/Aşure/nyt-up-599120_recipe-2021-08-26-11-53-30-320x240.jpg,Aşure,Aşure
/home/yapbenzet/Desktop/Jean/cnn_food_classification/data/val/Aşure/nyt-up-76944-20190922-150501-320x180.jpg,Aşure,Aşure
/home/yapbenzet/Desktop/Jean/cnn_food_classification/data/val/Aşure/nyt-up-76944-4fa94f70-4e1d-4c8b-9440-7aaff34a862e-320x180.jpg,Aşure,Aşure
/home/yapbenzet/Desktop/Jean/cnn_food_classification/data/val/Aşure/nyt-up-76944_32166976a1522fb2906043561-320x569.jpeg,Aşure,Aşure
/home/yapbenzet/Desktop/Jean/cnn_food_classification/data/val/Aşure/nyt-up-76944_6015f52237203880471410599-320x240.jpeg,Aşure,Aşure
/home/yapbenzet/Desktop/Jean/cnn_food_classification/data/val/Aşure/nyt-up-76944_attachment-1-320x240_1.jpg,Aşure,Aşure
/home/yapbenzet/Desktop/Jean/cnn_food_classification/data/val/Aşure/nyt-up-76944_attachment-1-320x427_1.jpg,Aşure,Aşure
/home/yapbenzet/Desktop/Jean/cnn_food_classification/data/val/Aşure/nyt-up-76944_attachment-1-320x427_10.jpg,Aşure,Aşure
/home/yapbenzet/Desktop/Jean/cnn_food_classification/data/val/Aşure/nyt-up-76944_attachment-1-320x427_12.jpg,Aşure,Börek
/home/yapbenzet/Desktop/Jean/cnn_food_classification/data/val/Aşure/nyt-up-76944_attachment-1-320x427_6.jpg,Aşure,Aşure
/home/yapbenzet/Desktop/Jean/cnn_food_classification/data/val/Aşure/nyt-up-76944_attachment-2-320x232.jpg,Aşure,Aşure
/home/yapbenzet/Desktop/Jean/cnn_food_classification/data/val/Aşure/nyt-up-76944_attachment-2-320x240_2.jpg,Aşure,Aşure
/home/yapbenzet/Desktop/Jean/cnn_food_classification/data/val/Aşure/nyt-up-76944_attachment-2-320x427.jpg,Aşure,Aşure
/home/yapbenzet/Desktop/Jean/cnn_food_classification/data/val/Aşure/nyt-up-76944_attachment-2-320x427_10.jpg,Aşure,Aşure
/home/yapbenzet/Desktop/Jean/cnn_food_classification/data/val/Aşure/nyt-up-76944_attachment-2-320x427_5.jpg,Aşure,Sütlaç
/home/yapbenzet/Desktop/Jean/cnn_food_classification/data/val/Aşure/nyt-up-76944_attachment-2-320x569_2.jpg,Aşure,Karnıyarık
/home/yapbenzet/Desktop/Jean/cnn_food_classification/data/val/Aşure/nyt-up-76944_attachment-3-320x180.jpg,Aşure,Aşure
/home/yapbenzet/Desktop/Jean/cnn_food_classification/data/val/Aşure/nyt-up-76944_attachment-3-320x351.jpg,Aşure,Aşure
/home/yapbenzet/Desktop/Jean/cnn_food_classification/data/val/Aşure/nyt-up-76944_attachment-3-320x427_3.jpg,Aşure,Aşure
/home/yapbenzet/Desktop/Jean/cnn_food_classification/data/val/Aşure/nyt-up-76944_attachment-320x180.jpg,Aşure,Aşure
/home/yapbenzet/Desktop/Jean/cnn_food_classification/data/val/Aşure/nyt-up-76944_attachment-320x240_7.jpg,Aşure,Aşure
/home/yapbenzet/Desktop/Jean/cnn_food_classification/data/val/Aşure/nyt-up-76944_attachment-320x427_20.jpg,Aşure,Aşure
/home/yapbenzet/Desktop/Jean/cnn_food_classification/data/val/Aşure/nyt-up-76944_attachment-320x427_21.jpg,Aşure,Sütlaç
/home/yapbenzet/Desktop/Jean/cnn_food_classification/data/val/Aşure/nyt-up-76944_attachment-320x427_23.jpg,Aşure,Aşure
/home/yapbenzet/Desktop/Jean/cnn_food_classification/data/val/Aşure/nyt-up-76944_attachment-320x427_28.jpg,Aşure,Aşure
/home/yapbenzet/Desktop/Jean/cnn_food_classification/data/val/Aşure/nyt-up-76944_attachment-320x427_29.jpg,Aşure,Aşure
/home/yapbenzet/Desktop/Jean/cnn_food_classification/data/val/Aşure/nyt-up-76944_attachment-320x427_34.jpg,Aşure,Aşure
/home/yapbenzet/Desktop/Jean/cnn_food_classification/data/val/Aşure/nyt-up-76944_attachment-320x427_35.jpg,Aşure,Aşure
/home/yapbenzet/Desktop/Jean/cnn_food_classification/data/val/Aşure/nyt-up-76944_attachment-320x427_45.jpg,Aşure,Aşure
/home/yapbenzet/Desktop/Jean/cnn_food_classification/data/val/Aşure/nyt-up-76944_attachment-320x427_48.jpg,Aşure,Aşure
/home/yapbenzet/Desktop/Jean/cnn_food_classification/data/val/Aşure/nyt-up-76944_attachment-320x427_52.jpg,Aşure,Aşure
/home/yapbenzet/Desktop/Jean/cnn_food_classification/data/val/Aşure/nyt-up-76944_attachment-320x427_7.jpg,Aşure,Aşure
/home/yapbenzet/Desktop/Jean/cnn_food_classification/data/val/Aşure/nyt-up-76944_attachment-320x428.jpg,Aşure,Aşure
/home/yapbenzet/Desktop/Jean/cnn_food_classification/data/val/Aşure/nyt-up-76944_attachment-320x569_15.jpg,Aşure,Aşure
/home/yapbenzet/Desktop/Jean/cnn_food_classification/data/val/Aşure/nyt-up-76944_attachment-4-320x240_1.jpg,Aşure,Aşure
/home/yapbenzet/Desktop/Jean/cnn_food_classification/data/val/Aşure/nyt-up-76944_recipe-2019-04-27-23-46-12-320x427.jpg,Aşure,Aşure
/home/yapbenzet/Desktop/Jean/cnn_food_classification/data/val/Aşure/nyt-up-76944_recipe-2019-05-16-20-17-41-320x427.jpg,Aşure,Aşure
/home/yapbenzet/Desktop/Jean/cnn_food_classification/data/val/Aşure/nyt-up-76944_recipe-2019-09-08-16-02-37-320x569.jpg,Aşure,Aşure
/home/yapbenzet/Desktop/Jean/cnn_food_classification/data/val/Aşure/nyt-up-76944_recipe-2019-09-10-13-10-11-320x281.jpg,Aşure,Aşure
/home/yapbenzet/Desktop/Jean/cnn_food_classification/data/val/Aşure/nyt-up-76944_recipe-2019-09-10-17-40-31-320x180.jpg,Aşure,Aşure
/home/yapbenzet/Desktop/Jean/cnn_food_classification/data/val/Aşure/nyt-up-76944_recipe-2019-09-11-11-16-32-320x240.jpg,Aşure,Aşure
/home/yapbenzet/Desktop/Jean/cnn_food_classification/data/val/Aşure/nyt-up-76944_recipe-2019-09-12-18-39-03-320x240.jpg,Aşure,Aşure
/home/yapbenzet/Desktop/Jean/cnn_food_classification/data/val/Aşure/nyt-up-76944_recipe-2019-09-13-18-48-44-e1568392333194-320x240.jpg,Aşure,Aşure
/home/yapbenzet/Desktop/Jean/cnn_food_classification/data/val/Aşure/nyt-up-76944_recipe-2019-09-14-11-53-26-320x427.jpg,Aşure,Aşure
/home/yapbenzet/Desktop/Jean/cnn_food_classification/data/val/Aşure/nyt-up-76944_recipe-2019-09-14-15-25-25-320x569.jpg,Aşure,Aşure
/home/yapbenzet/Desktop/Jean/cnn_food_classification/data/val/Aşure/nyt-up-76944_recipe-2019-09-14-22-18-14-320x180.jpg,Aşure,Aşure
/home/yapbenzet/Desktop/Jean/cnn_food_classification/data/val/Aşure/nyt-up-76944_recipe-2019-09-17-23-11-17-320x569.jpg,Aşure,Aşure
/home/yapbenzet/Desktop/Jean/cnn_food_classification/data/val/Aşure/nyt-up-76944_recipe-2019-09-18-21-07-22-320x427.jpg,Aşure,Aşure
/home/yapbenzet/Desktop/Jean/cnn_food_classification/data/val/Aşure/nyt-up-76944_recipe-2019-09-19-11-48-36-320x240.jpg,Aşure,Bulgur Pilavı
/home/yapbenzet/Desktop/Jean/cnn_food_classification/data/val/Aşure/nyt-up-76944_recipe-2019-09-19-19-04-59-320x427.jpg,Aşure,Aşure
/home/yapbenzet/Desktop/Jean/cnn_food_classification/data/val/Aşure/nyt-up-76944_recipe-2019-09-20-22-06-42-320x569.jpg,Aşure,Aşure
/home/yapbenzet/Desktop/Jean/cnn_food_classification/data/val/Aşure/nyt-up-76944_recipe-2019-09-21-19-58-07-320x569.jpg,Aşure,Aşure
/home/yapbenzet/Desktop/Jean/cnn_food_classification/data/val/Aşure/nyt-up-76944_recipe-2019-09-22-14-20-11-320x427.jpg,Aşure,Aşure
/home/yapbenzet/Desktop/Jean/cnn_food_classification/data/val/Aşure/nyt-up-76944_recipe-2019-09-25-12-03-07-320x180.jpg,Aşure,Aşure
/home/yapbenzet/Desktop/Jean/cnn_food_classification/data/val/Aşure/nyt-up-76944_recipe-2019-09-25-13-21-43-320x427.jpg,Aşure,Aşure
/home/yapbenzet/Desktop/Jean/cnn_food_classification/data/val/Aşure/nyt-up-76944_recipe-2019-10-01-11-39-59-320x568.jpg,Aşure,Aşure
/home/yapbenzet/Desktop/Jean/cnn_food_classification/data/val/Aşure/nyt-up-76944_recipe-2020-02-29-21-32-18-308x640.jpg,Aşure,Aşure
/home/yapbenzet/Desktop/Jean/cnn_food_classification/data/val/Aşure/nyt-up-76944_recipe-2020-08-16-15-48-21-320x427.jpg,Aşure,Aşure
/home/yapbenzet/Desktop/Jean/cnn_food_classification/data/val/Aşure/nyt-up-76944_recipe-2020-08-30-00-54-29-311x640.jpg,Aşure,Aşure
/home/yapbenzet/Desktop/Jean/cnn_food_classification/data/val/Aşure/nyt-up-76944_recipe-2020-08-30-14-50-12-320x427.jpg,Aşure,Aşure
/home/yapbenzet/Desktop/Jean/cnn_food_classification/data/val/Aşure/nyt-up-76944_recipe-2020-08-30-23-49-53-320x427.jpg,Aşure,Aşure
/home/yapbenzet/Desktop/Jean/cnn_food_classification/data/val/Aşure/nyt-up-76944_recipe-2020-08-31-18-41-46-320x427.jpg,Aşure,Aşure
/home/yapbenzet/Desktop/Jean/cnn_food_classification/data/val/Aşure/nyt-up-76944_recipe-2020-08-31-19-04-11-320x240.jpg,Aşure,Aşure
/home/yapbenzet/Desktop/Jean/cnn_food_classification/data/val/Aşure/nyt-up-76944_recipe-2020-09-01-17-22-23-289x640.jpg,Aşure,Aşure
/home/yapbenzet/Desktop/Jean/cnn_food_classification/data/val/Aşure/nyt-up-76944_recipe-2020-09-02-13-16-38-320x240.jpg,Aşure,Aşure
/home/yapbenzet/Desktop/Jean/cnn_food_classification/data/val/Aşure/nyt-up-76944_recipe-2020-09-02-13-52-08-320x427.jpg,Aşure,Aşure
/home/yapbenzet/Desktop/Jean/cnn_food_classification/data/val/Aşure/nyt-up-76944_recipe-2020-09-04-12-35-48-320x240.jpg,Aşure,Aşure
/home/yapbenzet/Desktop/Jean/cnn_food_classification/data/val/Aşure/nyt-up-76944_recipe-2020-09-04-22-34-06-320x240.jpg,Aşure,Aşure
/home/yapbenzet/Desktop/Jean/cnn_food_classification/data/val/Aşure/nyt-up-76944_recipe-2020-09-05-11-18-47-320x144.jpg,Aşure,Aşure
/home/yapbenzet/Desktop/Jean/cnn_food_classification/data/val/Aşure/nyt-up-76944_recipe-2020-09-05-20-16-14-320x569.jpg,Aşure,Aşure
/home/yapbenzet/Desktop/Jean/cnn_food_classification/data/val/Aşure/nyt-up-76944_recipe-2020-09-07-16-04-59-320x240.jpg,Aşure,Aşure
/home/yapbenzet/Desktop/Jean/cnn_food_classification/data/val/Aşure/nyt-up-76944_recipe-2020-09-08-18-52-05-320x144.jpg,Aşure,Kumpir
/home/yapbenzet/Desktop/Jean/cnn_food_classification/data/val/Aşure/nyt-up-76944_recipe-2020-09-09-17-38-50-320x400.jpg,Aşure,Aşure
/home/yapbenzet/Desktop/Jean/cnn_food_classification/data/val/Aşure/nyt-up-76944_recipe-2020-09-25-18-22-03-320x427.jpg,Aşure,Aşure
/home/yapbenzet/Desktop/Jean/cnn_food_classification/data/val/Aşure/nyt-up-76944_recipe-2020-10-16-11-47-22-320x569.jpg,Aşure,Aşure
/home/yapbenzet/Desktop/Jean/cnn_food_classification/data/val/Aşure/nyt-up-76944_recipe-2021-08-18-16-43-43-320x427.jpg,Aşure,Aşure
/home/yapbenzet/Desktop/Jean/cnn_food_classification/data/val/Aşure/nyt-up-76944_recipe-2021-08-18-17-20-17-320x427.jpg,Aşure,Aşure
/home/yapbenzet/Desktop/Jean/cnn_food_classification/data/val/Aşure/nyt-up-76944_recipe-2021-08-19-13-10-50-320x148.jpg,Aşure,Aşure
/home/yapbenzet/Desktop/Jean/cnn_food_classification/data/val/Aşure/nyt-up-76944_recipe-2021-08-19-13-39-56-320x427.jpg,Aşure,Aşure
/home/yapbenzet/Desktop/Jean/cnn_food_classification/data/val/Aşure/nyt-up-76944_recipe-2021-08-19-16-54-32-320x427.jpg,Aşure,Aşure
/home/yapbenzet/Desktop/Jean/cnn_food_classification/data/val/Aşure/nyt-up-76944_recipe-2021-08-20-18-08-25-320x400.jpg,Aşure,Aşure
/home/yapbenzet/Desktop/Jean/cnn_food_classification/data/val/Aşure/nyt-up-76944_recipe-2021-08-21-16-49-00-e1629573001108-320x180.jpg,Aşure,Aşure
/home/yapbenzet/Desktop/Jean/cnn_food_classification/data/val/Aşure/nyt-up-76944_recipe-2021-08-24-12-02-53-320x427.jpg,Aşure,Aşure
/home/yapbenzet/Desktop/Jean/cnn_food_classification/data/val/Aşure/nyt-up-76944_recipe-2021-08-26-17-04-16-320x254.jpg,Aşure,Aşure
/home/yapbenzet/Desktop/Jean/cnn_food_classification/data/val/Aşure/nyt-up-76944_recipe-2021-08-27-12-50-23-296x640.jpg,Aşure,Aşure
/home/yapbenzet/Desktop/Jean/cnn_food_classification/data/val/Aşure/nyt-up-76944_recipe-2021-08-29-12-54-00-320x427.jpg,Aşure,Aşure
/home/yapbenzet/Desktop/Jean/cnn_food_classification/data/val/Aşure/nyt-up-76944_recipe-2021-08-30-09-46-39-288x640.jpg,Aşure,Aşure
/home/yapbenzet/Desktop/Jean/cnn_food_classification/data/val/Aşure/nyt-up-76944_recipe-2021-09-07-10-32-35-320x427.jpg,Aşure,Aşure
/home/yapbenzet/Desktop/Jean/cnn_food_classification/data/val/Aşure/nyt-up-76944_recipe-2021-09-10-18-54-42-320x568.jpg,Aşure,Aşure
/home/yapbenzet/Desktop/Jean/cnn_food_classification/data/val/Aşure/nyt-up-76944_recipe-2021-09-19-15-11-35-320x320.jpg,Aşure,Aşure
/home/yapbenzet/Desktop/Jean/cnn_food_classification/data/val/Aşure/nyt-up-76944_recipe-2022-01-02-20-29-06-296x640.jpg,Aşure,Aşure
/home/yapbenzet/Desktop/Jean/cnn_food_classification/data/val/Aşure/nyt-up-76944_recipe-2022-08-10-19-27-36-320x427.jpg,Aşure,Aşure
/home/yapbenzet/Desktop/Jean/cnn_food_classification/data/val/Aşure/nyt-up-76944_recipe-2023-07-22-15-47-40-320x241.jpg,Aşure,Aşure
/home/yapbenzet/Desktop/Jean/cnn_food_classification/data/val/Aşure/nyt-up-76944_recipe-2024-02-13-15-01-07-320x428.jpg,Aşure,Aşure
/home/yapbenzet/Desktop/Jean/cnn_food_classification/data/val/Aşure/nyt-up-76944_recipe-2024-02-25-10-45-39-320x427.jpg,Aşure,Aşure
/home/yapbenzet/Desktop/Jean/cnn_food_classification/data/val/Aşure/nyt-up-76944_recipe-2024-07-16-20-22-37-320x569.jpg,Aşure,Aşure
/home/yapbenzet/Desktop/Jean/cnn_food_classification/data/val/Aşure/nyt-up-76944_recipe-2024-07-24-18-50-35-320x428.jpg,Aşure,Aşure
/home/yapbenzet/Desktop/Jean/cnn_food_classification/data/val/Aşure/nyt-up-76944_recipe-2024-10-29-21-34-15-320x569.jpg,Aşure,Aşure
/home/yapbenzet/Desktop/Jean/cnn_food_classification/data/val/Aşure/nyt-up-77019_recipe-2019-09-14-18-57-34-320x427.jpg,Aşure,Aşure
/home/yapbenzet/Desktop/Jean/cnn_food_classification/data/val/Aşure/nyt-up-77019_recipe-2020-09-12-14-00-47-320x240.jpg,Aşure,Aşure
/home/yapbenzet/Desktop/Jean/cnn_food_classification/data/val/Aşure/nyt_up_1050_10689859_10152834412304082_2043140017872214372_n-320x181.jpg,Aşure,Aşure
/home/yapbenzet/Desktop/Jean/cnn_food_classification/data/val/Aşure/nyt_up_1050_1920546_10152834412379082_7287701653473478965_n-1-320x180.jpg,Aşure,Aşure
/home/yapbenzet/Desktop/Jean/cnn_food_classification/data/val/Aşure/nyt_up_1050_2014-11-08-3125-320x240.jpg,Aşure,Aşure
/home/yapbenzet/Desktop/Jean/cnn_food_classification/data/val/Aşure/nyt_up_1050_20141108_142110-320x240.jpg,Aşure,Aşure
/home/yapbenzet/Desktop/Jean/cnn_food_classification/data/val/Aşure/nyt_up_1050_20141112_220508-320x180.jpg,Aşure,Aşure
/home/yapbenzet/Desktop/Jean/cnn_food_classification/data/val/Aşure/nyt_up_1050_20151023_190600-e1445618112587-320x427.jpg,Aşure,Aşure
/home/yapbenzet/Desktop/Jean/cnn_food_classification/data/val/Aşure/nyt_up_1050_20161011_191211-e1476251528583-320x427.jpg,Aşure,Aşure
/home/yapbenzet/Desktop/Jean/cnn_food_classification/data/val/Aşure/nyt_up_1050_20161017_203836-320x180.jpg,Aşure,Aşure
/home/yapbenzet/Desktop/Jean/cnn_food_classification/data/val/Aşure/nyt_up_1050_999305_10152043564451635_103359918_n-180x320.jpg,Aşure,Aşure
/home/yapbenzet/Desktop/Jean/cnn_food_classification/data/val/Aşure/nyt_up_1050_DSC_0208-e1446991397227-320x569.jpg,Aşure,Aşure
/home/yapbenzet/Desktop/Jean/cnn_food_classification/data/val/Aşure/nyt_up_1050_Fotograf1337-240x320.jpg,Aşure,Aşure
/home/yapbenzet/Desktop/Jean/cnn_food_classification/data/val/Aşure/nyt_up_1050_Fotograf1338-320x240.jpg,Aşure,Aşure
/home/yapbenzet/Desktop/Jean/cnn_food_classification/data/val/Aşure/nyt_up_1050_IMG_0476-320x180.jpg,Aşure,Aşure
/home/yapbenzet/Desktop/Jean/cnn_food_classification/data/val/Aşure/nyt_up_1050_IMG_20161015_181636-320x427.jpg,Aşure,Aşure
/home/yapbenzet/Desktop/Jean/cnn_food_classification/data/val/Aşure/nyt_up_1050_InstagramCapture_716d9099-0ccc-43ef-8dfe-957ef7f07b58-320x320.jpg,Aşure,Aşure
/home/yapbenzet/Desktop/Jean/cnn_food_classification/data/val/Aşure/nyt_up_1050_PhotoGrid_1415224556200-320x320.jpg,Aşure,Aşure
/home/yapbenzet/Desktop/Jean/cnn_food_classification/data/val/Aşure/nyt_up_1050_attachment-2-320x180.jpg,Aşure,Aşure
/home/yapbenzet/Desktop/Jean/cnn_food_classification/data/val/Aşure/nyt_up_1050_attachment-3-320x215.jpg,Aşure,Aşure
/home/yapbenzet/Desktop/Jean/cnn_food_classification/data/val/Aşure/nyt_up_1050_attachment-320x223.jpg,Aşure,Aşure
/home/yapbenzet/Desktop/Jean/cnn_food_classification/data/val/Aşure/nyt_up_1050_attachment-320x240_7.jpg,Aşure,Aşure
/home/yapbenzet/Desktop/Jean/cnn_food_classification/data/val/Aşure/nyt_up_1050_attachment-320x341.jpg,Aşure,Aşure
/home/yapbenzet/Desktop/Jean/cnn_food_classification/data/val/Aşure/nyt_up_1050_attachment-320x427_15.jpg,Aşure,Aşure
/home/yapbenzet/Desktop/Jean/cnn_food_classification/data/val/Aşure/nyt_up_1050_attachment-320x427_18.jpg,Aşure,Aşure
/home/yapbenzet/Desktop/Jean/cnn_food_classification/data/val/Aşure/nyt_up_1050_attachment-320x427_25.jpg,Aşure,Aşure
/home/yapbenzet/Desktop/Jean/cnn_food_classification/data/val/Aşure/nyt_up_1050_attachment-320x427_26.jpg,Aşure,Aşure
/home/yapbenzet/Desktop/Jean/cnn_food_classification/data/val/Aşure/nyt_up_1050_attachment-320x427_28.jpg,Aşure,Aşure
/home/yapbenzet/Desktop/Jean/cnn_food_classification/data/val/Aşure/nyt_up_1050_attachment-320x569.jpg,Aşure,Aşure
/home/yapbenzet/Desktop/Jean/cnn_food_classification/data/val/Aşure/nyt_up_1050_image-320x239.jpeg,Aşure,Aşure
/home/yapbenzet/Desktop/Jean/cnn_food_classification/data/val/Aşure/nyt_up_1050_image-e1445930731374-320x427.jpeg,Aşure,Aşure
/home/yapbenzet/Desktop/Jean/cnn_food_classification/data/val/Aşure/nyt_up_1050_nyt-up-1050-20180920-144644-e1537450555167-320x240.jpg,Aşure,Aşure
/home/yapbenzet/Desktop/Jean/cnn_food_classification/data/val/Aşure/nyt_up_1050_nyt-up-1050-20180920-154729-320x180.jpg,Aşure,Aşure
/home/yapbenzet/Desktop/Jean/cnn_food_classification/data/val/Aşure/nyt_up_1050_nyt-up-1050-20181004-173430-320x240.jpg,Aşure,Aşure
/home/yapbenzet/Desktop/Jean/cnn_food_classification/data/val/Aşure/nyt_up_1050_nyt-up-1050-img-7601-320x569.jpg,Aşure,Aşure
/home/yapbenzet/Desktop/Jean/cnn_food_classification/data/val/Aşure/nyt_up_1050_recipe-2014-11-06-11-33-531-320x180.jpg,Aşure,Aşure
/home/yapbenzet/Desktop/Jean/cnn_food_classification/data/val/Aşure/nyt_up_1050_recipe-2014-11-08-23-15-27-240x320.jpg,Aşure,Aşure
/home/yapbenzet/Desktop/Jean/cnn_food_classification/data/val/Aşure/nyt_up_1050_recipe-2014-11-11-13-05-57-180x320.jpg,Aşure,Aşure
/home/yapbenzet/Desktop/Jean/cnn_food_classification/data/val/Aşure/nyt_up_1050_recipe-2014-11-14-22-33-43-320x240.jpg,Aşure,Aşure
/home/yapbenzet/Desktop/Jean/cnn_food_classification/data/val/Aşure/nyt_up_1050_recipe-2014-12-01-16-10-52-320x320.jpg,Aşure,Aşure
/home/yapbenzet/Desktop/Jean/cnn_food_classification/data/val/Aşure/nyt_up_1050_recipe-2015-09-23-14-19-53-320x180.jpg,Aşure,Aşure
/home/yapbenzet/Desktop/Jean/cnn_food_classification/data/val/Aşure/nyt_up_1050_recipe-2015-10-22-16-13-54-320x569.jpg,Aşure,Aşure
/home/yapbenzet/Desktop/Jean/cnn_food_classification/data/val/Aşure/nyt_up_1050_recipe-2015-10-23-00-06-56-320x427.jpg,Aşure,Aşure
/home/yapbenzet/Desktop/Jean/cnn_food_classification/data/val/Aşure/nyt_up_1050_recipe-2015-10-23-22-32-43-320x569.jpg,Aşure,Aşure
/home/yapbenzet/Desktop/Jean/cnn_food_classification/data/val/Aşure/nyt_up_1050_recipe-2015-10-24-00-56-02-320x240.jpg,Aşure,Aşure
/home/yapbenzet/Desktop/Jean/cnn_food_classification/data/val/Aşure/nyt_up_1050_recipe-2015-10-25-08-43-51-320x180.jpg,Aşure,Aşure
/home/yapbenzet/Desktop/Jean/cnn_food_classification/data/val/Aşure/nyt_up_1050_recipe-2015-10-25-19-17-08-320x180.jpg,Aşure,Aşure
/home/yapbenzet/Desktop/Jean/cnn_food_classification/data/val/Aşure/nyt_up_1050_recipe-2015-10-26-09-43-20-320x427.jpg,Aşure,Aşure
/home/yapbenzet/Desktop/Jean/cnn_food_classification/data/val/Aşure/nyt_up_1050_recipe-2015-10-28-13-18-38-320x180.jpg,Aşure,Aşure
/home/yapbenzet/Desktop/Jean/cnn_food_classification/data/val/Aşure/nyt_up_1050_recipe-2015-10-28-19-28-09-320x568.jpg,Aşure,Aşure
/home/yapbenzet/Desktop/Jean/cnn_food_classification/data/val/Aşure/nyt_up_1050_recipe-2015-10-29-21-41-38-320x180.jpg,Aşure,Aşure
/home/yapbenzet/Desktop/Jean/cnn_food_classification/data/val/Aşure/nyt_up_1050_recipe-2015-10-30-11-37-42-320x240.jpg,Aşure,Aşure
/home/yapbenzet/Desktop/Jean/cnn_food_classification/data/val/Aşure/nyt_up_1050_recipe-2015-10-30-17-10-20-320x180.jpg,Aşure,Aşure
/home/yapbenzet/Desktop/Jean/cnn_food_classification/data/val/Aşure/nyt_up_1050_recipe-2015-10-31-02-02-50-320x427.jpg,Aşure,Aşure
/home/yapbenzet/Desktop/Jean/cnn_food_classification/data/val/Aşure/nyt_up_1050_recipe-2015-11-02-18-03-49-320x320.jpg,Aşure,Aşure
/home/yapbenzet/Desktop/Jean/cnn_food_classification/data/val/Aşure/nyt_up_1050_recipe-2015-11-13-19-06-59-320x569.jpg,Aşure,Aşure
/home/yapbenzet/Desktop/Jean/cnn_food_classification/data/val/Aşure/nyt_up_1050_recipe-2015-11-15-23-49-20-320x180.jpg,Aşure,Aşure
/home/yapbenzet/Desktop/Jean/cnn_food_classification/data/val/Aşure/nyt_up_1050_recipe-2015-11-25-13-44-05-320x427.jpg,Aşure,Aşure
/home/yapbenzet/Desktop/Jean/cnn_food_classification/data/val/Aşure/nyt_up_1050_recipe-2016-10-07-21-30-06-320x569.jpg,Aşure,Aşure
/home/yapbenzet/Desktop/Jean/cnn_food_classification/data/val/Aşure/nyt_up_1050_recipe-2016-10-09-15-04-21-320x427.jpg,Aşure,Aşure
/home/yapbenzet/Desktop/Jean/cnn_food_classification/data/val/Aşure/nyt_up_1050_recipe-2016-10-11-14-56-05-320x180.jpg,Aşure,Aşure
/home/yapbenzet/Desktop/Jean/cnn_food_classification/data/val/Aşure/nyt_up_1050_recipe-2016-10-11-16-36-26-320x569.jpg,Aşure,Aşure
/home/yapbenzet/Desktop/Jean/cnn_food_classification/data/val/Aşure/nyt_up_1050_recipe-2016-10-11-18-21-23-320x180.jpg,Aşure,Aşure
/home/yapbenzet/Desktop/Jean/cnn_food_classification/data/val/Aşure/nyt_up_1050_recipe-2016-10-11-20-07-32-320x431.jpg,Aşure,Aşure
/home/yapbenzet/Desktop/Jean/cnn_food_classification/data/val/Aşure/nyt_up_1050_recipe-2016-10-11-21-21-20-320x180.jpg,Aşure,Aşure
/home/yapbenzet/Desktop/Jean/cnn_food_classification/data/val/Aşure/nyt_up_1050_recipe-2016-10-14-13-54-05-320x427.jpg,Aşure,Aşure
/home/yapbenzet/Desktop/Jean/cnn_food_classification/data/val/Aşure/nyt_up_1050_recipe-2016-10-14-15-46-39-320x180.jpg,Aşure,Aşure
/home/yapbenzet/Desktop/Jean/cnn_food_classification/data/val/Aşure/nyt_up_1050_recipe-2016-10-15-16-57-31-320x566.jpg,Aşure,Aşure
/home/yapbenzet/Desktop/Jean/cnn_food_classification/data/val/Aşure/nyt_up_1050_recipe-2016-10-15-19-31-52-320x568.jpg,Aşure,Aşure
/home/yapbenzet/Desktop/Jean/cnn_food_classification/data/val/Aşure/nyt_up_1050_recipe-2016-12-15-16-30-06-320x569.jpg,Aşure,Aşure
/home/yapbenzet/Desktop/Jean/cnn_food_classification/data/val/Aşure/nyt_up_1050_recipe-2017-01-24-15-24-05-320x180.jpg,Aşure,Aşure
/home/yapbenzet/Desktop/Jean/cnn_food_classification/data/val/Aşure/nyt_up_1050_recipe-2017-09-30-19-55-29-320x427.jpg,Aşure,Aşure
/home/yapbenzet/Desktop/Jean/cnn_food_classification/data/val/Aşure/nyt_up_1050_recipe-2017-10-01-20-15-59-320x427.jpg,Aşure,Aşure
/home/yapbenzet/Desktop/Jean/cnn_food_classification/data/val/Aşure/nyt_up_1050_recipe-2017-10-01-23-30-32-320x180.jpg,Aşure,Aşure
/home/yapbenzet/Desktop/Jean/cnn_food_classification/data/val/Aşure/nyt_up_1050_recipe-2017-10-06-12-14-47-320x570.jpg,Aşure,Aşure
/home/yapbenzet/Desktop/Jean/cnn_food_classification/data/val/Aşure/nyt_up_1050_recipe-2017-10-07-15-41-57-320x180.jpg,Aşure,Aşure
/home/yapbenzet/Desktop/Jean/cnn_food_classification/data/val/Aşure/nyt_up_1050_recipe-2017-10-10-00-02-27-320x180.jpg,Aşure,Aşure
/home/yapbenzet/Desktop/Jean/cnn_food_classification/data/val/Aşure/nyt_up_1050_recipe-2017-10-11-11-51-49-320x320.jpg,Aşure,Aşure
/home/yapbenzet/Desktop/Jean/cnn_food_classification/data/val/Aşure/nyt_up_1050_recipe-2018-09-20-15-57-26-320x185.jpg,Aşure,Aşure
/home/yapbenzet/Desktop/Jean/cnn_food_classification/data/val/Aşure/nyt_up_1050_recipe-2018-09-20-19-01-28-320x408.jpg,Aşure,Aşure
/home/yapbenzet/Desktop/Jean/cnn_food_classification/data/val/Aşure/nyt_up_1050_recipe-2018-09-22-19-31-59-320x427.jpg,Aşure,Aşure
/home/yapbenzet/Desktop/Jean/cnn_food_classification/data/val/Aşure/nyt_up_1050_recipe-2018-09-25-09-33-06-320x569.jpg,Aşure,Aşure
/home/yapbenzet/Desktop/Jean/cnn_food_classification/data/val/Aşure/nyt_up_1050_recipe-2018-09-27-12-50-05-320x180.jpg,Aşure,Aşure
/home/yapbenzet/Desktop/Jean/cnn_food_classification/data/val/Aşure/nyt_up_1050_recipe-2018-09-30-21-24-20-320x180.jpg,Aşure,Aşure
/home/yapbenzet/Desktop/Jean/cnn_food_classification/data/val/Aşure/nyt_up_322543_attachment-320x568.jpg,Aşure,Aşure
/home/yapbenzet/Desktop/Jean/cnn_food_classification/data/val/Aşure/nyt_up_322543_attachment1-e1446066307887-320x240.jpg,Aşure,Aşure
/home/yapbenzet/Desktop/Jean/cnn_food_classification/data/val/Aşure/nyt_up_322543_recipe-2015-10-24-17-19-56-320x569.jpg,Aşure,Aşure
/home/yapbenzet/Desktop/Jean/cnn_food_classification/data/val/Aşure/nyt_up_322543_recipe-2015-10-31-19-51-55-320x180.jpg,Aşure,Aşure
/home/yapbenzet/Desktop/Jean/cnn_food_classification/data/val/Aşure/nyt_up_322543_recipe-2016-10-11-21-18-46-320x568.jpg,Aşure,Aşure
/home/yapbenzet/Desktop/Jean/cnn_food_classification/data/val/Aşure/nyt_up_322543_recipe-2016-10-18-15-50-24-320x568.jpg,Aşure,Aşure
/home/yapbenzet/Desktop/Jean/cnn_food_classification/data/val/Aşure/nyt_up_322543_recipe-2017-10-01-18-11-12-320x180.jpg,Aşure,Aşure
/home/yapbenzet/Desktop/Jean/cnn_food_classification/data/val/Aşure/nyt_up_322543_recipe-2018-09-14-18-18-01-320x399.jpg,Aşure,Aşure
/home/yapbenzet/Desktop/Jean/cnn_food_classification/data/val/Aşure/nyt_up_322543_recipe-2018-09-24-19-27-56-320x569.jpg,Aşure,Aşure
/home/yapbenzet/Desktop/Jean/cnn_food_classification/data/val/Aşure/nyt_up_403064_IMG_20151024_204020-320x240.jpg,Aşure,Aşure
/home/yapbenzet/Desktop/Jean/cnn_food_classification/data/val/Aşure/nyt_up_403064_attachment-320x427.jpg,Aşure,Aşure
/home/yapbenzet/Desktop/Jean/cnn_food_classification/data/val/Aşure/nyt_up_403064_recipe-2016-10-11-18-57-51-320x568.jpg,Aşure,Aşure
/home/yapbenzet/Desktop/Jean/cnn_food_classification/data/val/Aşure/nyt_up_599120_recipe-2016-10-16-16-30-37-320x569.jpg,Aşure,Aşure
/home/yapbenzet/Desktop/Jean/cnn_food_classification/data/val/Aşure/nyt_up_76944_14705684_10154644997319661_5124902413479738511_n-1-320x427.jpg,Aşure,Aşure
/home/yapbenzet/Desktop/Jean/cnn_food_classification/data/val/Aşure/nyt_up_76944_58171ed8dca57-320x320.jpg,Aşure,Aşure
/home/yapbenzet/Desktop/Jean/cnn_food_classification/data/val/Aşure/nyt_up_76944_58305e50c20e5-e1479565671250-320x427.jpg,Aşure,Aşure
/home/yapbenzet/Desktop/Jean/cnn_food_classification/data/val/Aşure/nyt_up_76944_IMG-20161016-WA00062-320x467.jpg,Aşure,Aşure
/home/yapbenzet/Desktop/Jean/cnn_food_classification/data/val/Aşure/nyt_up_76944_attachment-1-320x320_3.jpg,Aşure,Aşure
/home/yapbenzet/Desktop/Jean/cnn_food_classification/data/val/Aşure/nyt_up_76944_attachment-1-320x427_4.jpg,Aşure,Aşure
/home/yapbenzet/Desktop/Jean/cnn_food_classification/data/val/Aşure/nyt_up_76944_attachment-1-320x428.jpg,Aşure,Aşure
/home/yapbenzet/Desktop/Jean/cnn_food_classification/data/val/Aşure/nyt_up_76944_attachment-10-e1537555640712-320x240.jpg,Aşure,Aşure
/home/yapbenzet/Desktop/Jean/cnn_food_classification/data/val/Aşure/nyt_up_76944_attachment-2-e1507562010320-320x240.jpg,Aşure,Aşure
/home/yapbenzet/Desktop/Jean/cnn_food_classification/data/val/Aşure/nyt_up_76944_attachment-3-320x240_2.jpg,Aşure,Aşure
/home/yapbenzet/Desktop/Jean/cnn_food_classification/data/val/Aşure/nyt_up_76944_attachment-320x310.jpg,Aşure,Aşure
/home/yapbenzet/Desktop/Jean/cnn_food_classification/data/val/Aşure/nyt_up_76944_attachment-320x427_2.jpg,Aşure,Aşure
/home/yapbenzet/Desktop/Jean/cnn_food_classification/data/val/Aşure/nyt_up_76944_attachment-320x427_4.jpg,Aşure,Aşure
/home/yapbenzet/Desktop/Jean/cnn_food_classification/data/val/Aşure/nyt_up_76944_attachment-320x568_2.jpg,Aşure,Aşure
/home/yapbenzet/Desktop/Jean/cnn_food_classification/data/val/Aşure/nyt_up_76944_attachment-320x569_3.jpg,Aşure,Aşure
/home/yapbenzet/Desktop/Jean/cnn_food_classification/data/val/Aşure/nyt_up_76944_attachment-5-320x240.jpg,Aşure,Aşure
/home/yapbenzet/Desktop/Jean/cnn_food_classification/data/val/Aşure/nyt_up_76944_attachment-6-320x240_1.jpg,Aşure,Aşure
/home/yapbenzet/Desktop/Jean/cnn_food_classification/data/val/Aşure/nyt_up_76944_attachment-8-320x427_1.jpg,Aşure,Aşure
/home/yapbenzet/Desktop/Jean/cnn_food_classification/data/val/Aşure/nyt_up_76944_nyt-up-76944-f6ce12cd-da0a-4010-961c-255bd7abe4a7-320x569.jpg,Aşure,Aşure
/home/yapbenzet/Desktop/Jean/cnn_food_classification/data/val/Aşure/nyt_up_76944_nyt-up-76944-f893f566-dcf5-4dbd-9194-3ec32c28a91a-320x320.jpeg,Aşure,Aşure
/home/yapbenzet/Desktop/Jean/cnn_food_classification/data/val/Aşure/nyt_up_76944_nyt-up-76944-img-20180926-180119-1-320x427.jpg,Aşure,Aşure
/home/yapbenzet/Desktop/Jean/cnn_food_classification/data/val/Aşure/nyt_up_76944_recipe-2015-12-06-15-00-30-320x240.jpg,Aşure,Sütlaç
/home/yapbenzet/Desktop/Jean/cnn_food_classification/data/val/Aşure/nyt_up_76944_recipe-2016-10-11-21-35-43-320x569.jpg,Aşure,Aşure
/home/yapbenzet/Desktop/Jean/cnn_food_classification/data/val/Aşure/nyt_up_76944_recipe-2016-10-12-14-21-48-320x569.jpg,Aşure,Aşure
/home/yapbenzet/Desktop/Jean/cnn_food_classification/data/val/Aşure/nyt_up_76944_recipe-2016-10-15-14-42-21-320x180.jpg,Aşure,Aşure
/home/yapbenzet/Desktop/Jean/cnn_food_classification/data/val/Aşure/nyt_up_76944_recipe-2016-10-23-17-24-19-e1477236741420-320x569.jpg,Aşure,Aşure
/home/yapbenzet/Desktop/Jean/cnn_food_classification/data/val/Aşure/nyt_up_76944_recipe-2016-10-26-22-36-50-320x533.jpg,Aşure,Aşure
/home/yapbenzet/Desktop/Jean/cnn_food_classification/data/val/Aşure/nyt_up_76944_recipe-2016-10-28-20-35-03-320x180.jpg,Aşure,Aşure
/home/yapbenzet/Desktop/Jean/cnn_food_classification/data/val/Aşure/nyt_up_76944_recipe-2017-09-28-13-54-25-320x240.jpg,Aşure,Aşure
/home/yapbenzet/Desktop/Jean/cnn_food_classification/data/val/Aşure/nyt_up_76944_recipe-2017-09-29-19-52-33-320x180.jpg,Aşure,Aşure
/home/yapbenzet/Desktop/Jean/cnn_food_classification/data/val/Aşure/nyt_up_76944_recipe-2017-09-30-12-15-20-320x427.jpg,Aşure,Aşure
/home/yapbenzet/Desktop/Jean/cnn_food_classification/data/val/Aşure/nyt_up_76944_recipe-2017-09-30-21-59-25-320x569.jpg,Aşure,Aşure
/home/yapbenzet/Desktop/Jean/cnn_food_classification/data/val/Aşure/nyt_up_76944_recipe-2017-10-01-10-40-42-320x569.jpg,Aşure,Aşure
/home/yapbenzet/Desktop/Jean/cnn_food_classification/data/val/Aşure/nyt_up_76944_recipe-2017-10-01-18-07-16-320x569.jpg,Aşure,Aşure
/home/yapbenzet/Desktop/Jean/cnn_food_classification/data/val/Aşure/nyt_up_76944_recipe-2017-10-04-18-16-09-320x240.jpg,Aşure,Aşure
/home/yapbenzet/Desktop/Jean/cnn_food_classification/data/val/Aşure/nyt_up_76944_recipe-2017-10-08-23-53-04-320x569.jpg,Aşure,Aşure
/home/yapbenzet/Desktop/Jean/cnn_food_classification/data/val/Aşure/nyt_up_76944_recipe-2017-10-14-19-11-14-320x569.jpg,Aşure,Aşure
/home/yapbenzet/Desktop/Jean/cnn_food_classification/data/val/Aşure/nyt_up_76944_recipe-2017-10-15-14-14-10-320x180.jpg,Aşure,Aşure
/home/yapbenzet/Desktop/Jean/cnn_food_classification/data/val/Aşure/nyt_up_76944_recipe-2018-03-23-14-20-21-320x320.jpg,Aşure,Aşure
/home/yapbenzet/Desktop/Jean/cnn_food_classification/data/val/Aşure/nyt_up_76944_recipe-2018-09-18-21-54-25-320x569.jpg,Aşure,Aşure
/home/yapbenzet/Desktop/Jean/cnn_food_classification/data/val/Aşure/nyt_up_76944_recipe-2018-09-20-16-30-48-320x240.jpg,Aşure,Aşure
/home/yapbenzet/Desktop/Jean/cnn_food_classification/data/val/Aşure/nyt_up_76944_recipe-2018-09-21-13-18-20-320x239.jpg,Aşure,Aşure
/home/yapbenzet/Desktop/Jean/cnn_food_classification/data/val/Aşure/nyt_up_76944_recipe-2018-09-22-13-03-09-320x569.jpg,Aşure,Aşure
/home/yapbenzet/Desktop/Jean/cnn_food_classification/data/val/Aşure/nyt_up_76944_recipe-2018-09-24-15-02-58-320x427.jpg,Aşure,Aşure
/home/yapbenzet/Desktop/Jean/cnn_food_classification/data/val/Aşure/nyt_up_76944_recipe-2018-09-24-20-07-01-320x240.jpg,Aşure,Aşure
/home/yapbenzet/Desktop/Jean/cnn_food_classification/data/val/Aşure/nyt_up_76944_recipe-2018-09-26-18-35-31-320x569.jpg,Aşure,Aşure
/home/yapbenzet/Desktop/Jean/cnn_food_classification/data/val/Aşure/nyt_up_76944_recipe-2018-10-01-13-47-31-320x240.jpg,Aşure,Aşure
/home/yapbenzet/Desktop/Jean/cnn_food_classification/data/val/Aşure/nyt_up_77019_recipe-2015-11-01-22-54-23-320x180.jpg,Aşure,Aşure
/home/yapbenzet/Desktop/Jean/cnn_food_classification/data/val/Aşure/nyt_up_77019_recipe-2015-11-03-13-57-04-320x180.jpg,Aşure,Aşure
/home/yapbenzet/Desktop/Jean/cnn_food_classification/data/val/Aşure/nyt_up_77019_recipe-2018-09-27-20-01-02-320x240.jpg,Aşure,Aşure
/home/yapbenzet/Desktop/Jean/cnn_food_classification/data/val/Baklava/000001.jpg,Baklava,Baklava
/home/yapbenzet/Desktop/Jean/cnn_food_classification/data/val/Baklava/000003.jpg,Baklava,Baklava
/home/yapbenzet/Desktop/Jean/cnn_food_classification/data/val/Baklava/000005(1).jpg,Baklava,Baklava
/home/yapbenzet/Desktop/Jean/cnn_food_classification/data/val/Baklava/000007.jpg,Baklava,Baklava
/home/yapbenzet/Desktop/Jean/cnn_food_classification/data/val/Baklava/000013(1).jpg,Baklava,Baklava
/home/yapbenzet/Desktop/Jean/cnn_food_classification/data/val/Baklava/000013.jpg,Baklava,Baklava
/home/yapbenzet/Desktop/Jean/cnn_food_classification/data/val/Baklava/000015(1).jpg,Baklava,Baklava
/home/yapbenzet/Desktop/Jean/cnn_food_classification/data/val/Baklava/000018(1).jpg,Baklava,Baklava
/home/yapbenzet/Desktop/Jean/cnn_food_classification/data/val/Baklava/000020.jpg,Baklava,Baklava
/home/yapbenzet/Desktop/Jean/cnn_food_classification/data/val/Baklava/000024.png,Baklava,Baklava
/home/yapbenzet/Desktop/Jean/cnn_food_classification/data/val/Baklava/000026 (2).jpg,Baklava,Tavuk
/home/yapbenzet/Desktop/Jean/cnn_food_classification/data/val/Baklava/000031.jpg,Baklava,Baklava
/home/yapbenzet/Desktop/Jean/cnn_food_classification/data/val/Baklava/000039 (2).jpg,Baklava,Baklava
/home/yapbenzet/Desktop/Jean/cnn_food_classification/data/val/Baklava/000041 (2).jpg,Baklava,Baklava
/home/yapbenzet/Desktop/Jean/cnn_food_classification/data/val/Baklava/000042 (2).jpg,Baklava,Baklava
/home/yapbenzet/Desktop/Jean/cnn_food_classification/data/val/Baklava/000047.jpg,Baklava,Baklava
/home/yapbenzet/Desktop/Jean/cnn_food_classification/data/val/Baklava/000048 (2).jpg,Baklava,Baklava
/home/yapbenzet/Desktop/Jean/cnn_food_classification/data/val/Baklava/000048.jpg,Baklava,Baklava
/home/yapbenzet/Desktop/Jean/cnn_food_classification/data/val/Baklava/000049.jpg,Baklava,Baklava
/home/yapbenzet/Desktop/Jean/cnn_food_classification/data/val/Baklava/000054.jpg,Baklava,Baklava
/home/yapbenzet/Desktop/Jean/cnn_food_classification/data/val/Baklava/000055.jpg,Baklava,Yulaf Ekmeği
/home/yapbenzet/Desktop/Jean/cnn_food_classification/data/val/Baklava/000057 (2).jpg,Baklava,Baklava
/home/yapbenzet/Desktop/Jean/cnn_food_classification/data/val/Baklava/000057.jpg,Baklava,Börek
/home/yapbenzet/Desktop/Jean/cnn_food_classification/data/val/Baklava/000059.png,Baklava,Baklava
/home/yapbenzet/Desktop/Jean/cnn_food_classification/data/val/Baklava/000061.jpg,Baklava,Baklava
/home/yapbenzet/Desktop/Jean/cnn_food_classification/data/val/Baklava/000062.jpg,Baklava,Baklava
/home/yapbenzet/Desktop/Jean/cnn_food_classification/data/val/Baklava/000063 (2).jpg,Baklava,Baklava
/home/yapbenzet/Desktop/Jean/cnn_food_classification/data/val/Baklava/000063.png,Baklava,Baklava
/home/yapbenzet/Desktop/Jean/cnn_food_classification/data/val/Baklava/000068 (2).jpg,Baklava,Baklava
/home/yapbenzet/Desktop/Jean/cnn_food_classification/data/val/Baklava/000069.jpg,Baklava,Baklava
/home/yapbenzet/Desktop/Jean/cnn_food_classification/data/val/Baklava/000071.jpg,Baklava,Baklava
/home/yapbenzet/Desktop/Jean/cnn_food_classification/data/val/Baklava/000073 (2).jpg,Baklava,Baklava
/home/yapbenzet/Desktop/Jean/cnn_food_classification/data/val/Baklava/000075 (2).jpg,Baklava,Baklava
/home/yapbenzet/Desktop/Jean/cnn_food_classification/data/val/Baklava/000078.jpg,Baklava,Baklava
/home/yapbenzet/Desktop/Jean/cnn_food_classification/data/val/Baklava/000081.jpg,Baklava,Baklava
/home/yapbenzet/Desktop/Jean/cnn_food_classification/data/val/Baklava/000082 (2).jpg,Baklava,Baklava
/home/yapbenzet/Desktop/Jean/cnn_food_classification/data/val/Baklava/000084.jpg,Baklava,Baklava
/home/yapbenzet/Desktop/Jean/cnn_food_classification/data/val/Baklava/ev-baklavasi-12-320x213.jpg,Baklava,Baklava
/home/yapbenzet/Desktop/Jean/cnn_food_classification/data/val/Baklava/kolay-ev-baklavasi-tarifi-20-320x213.jpg,Baklava,Baklava
/home/yapbenzet/Desktop/Jean/cnn_food_classification/data/val/Baklava/nyt-up-230011_attachment-320x427.jpg,Baklava,Baklava
/home/yapbenzet/Desktop/Jean/cnn_food_classification/data/val/Baklava/nyt-up-230011_recipe-2020-04-24-10-54-50-320x569.jpg,Baklava,Menemen
/home/yapbenzet/Desktop/Jean/cnn_food_classification/data/val/Baklava/nyt-up-230011_recipe-2020-07-28-15-02-15-320x568.jpg,Baklava,Baklava
/home/yapbenzet/Desktop/Jean/cnn_food_classification/data/val/Baklava/nyt-up-230011_recipe-2020-11-22-13-41-32-320x569.jpg,Baklava,Baklava
/home/yapbenzet/Desktop/Jean/cnn_food_classification/data/val/Baklava/nyt-up-230011_recipe-2021-04-25-17-35-38-320x427.jpg,Baklava,Baklava
/home/yapbenzet/Desktop/Jean/cnn_food_classification/data/val/Baklava/nyt-up-230011_recipe-2021-05-13-00-49-06-320x180.jpg,Baklava,Baklava
/home/yapbenzet/Desktop/Jean/cnn_food_classification/data/val/Baklava/nyt-up-230011_recipe-2021-12-28-11-49-01-320x427.jpg,Baklava,Baklava
/home/yapbenzet/Desktop/Jean/cnn_food_classification/data/val/Baklava/nyt-up-230011_recipe-2022-05-01-20-15-18-303x640.jpg,Baklava,Baklava
/home/yapbenzet/Desktop/Jean/cnn_food_classification/data/val/Baklava/nyt-up-230011_recipe-2024-04-08-17-04-49-320x425.jpg,Baklava,Baklava
/home/yapbenzet/Desktop/Jean/cnn_food_classification/data/val/Baklava/nyt-up-2767745_25860f5c8c6544f6237364118-320x427.jpg,Baklava,Baklava
/home/yapbenzet/Desktop/Jean/cnn_food_classification/data/val/Baklava/nyt-up-2767745_attachment-320x427.jpg,Baklava,Baklava
/home/yapbenzet/Desktop/Jean/cnn_food_classification/data/val/Baklava/nyt-up-2767745_recipe-2019-11-12-21-50-09-320x569.jpg,Baklava,Baklava
/home/yapbenzet/Desktop/Jean/cnn_food_classification/data/val/Baklava/nyt-up-2767745_recipe-2020-05-16-17-15-20-e1589639716343-320x180.jpg,Baklava,Baklava
/home/yapbenzet/Desktop/Jean/cnn_food_classification/data/val/Baklava/nyt-up-2767745_recipe-2020-05-30-13-39-33-320x320.jpg,Baklava,Baklava
/home/yapbenzet/Desktop/Jean/cnn_food_classification/data/val/Baklava/nyt-up-2767745_recipe-2020-12-04-12-42-21-320x427.jpg,Baklava,Baklava
/home/yapbenzet/Desktop/Jean/cnn_food_classification/data/val/Baklava/nyt-up-2767745_recipe-2022-05-02-12-34-21-320x427.jpg,Baklava,Baklava
/home/yapbenzet/Desktop/Jean/cnn_food_classification/data/val/Baklava/nyt-up-2767745_recipe-2023-04-04-12-31-32-320x569.jpg,Baklava,Baklava
/home/yapbenzet/Desktop/Jean/cnn_food_classification/data/val/Baklava/nyt-up-2767745_recipe-2024-04-09-17-08-53-320x240.jpg,Baklava,Baklava
/home/yapbenzet/Desktop/Jean/cnn_food_classification/data/val/Baklava/nyt-up-27733_attachment-320x240_1.jpg,Baklava,Baklava
/home/yapbenzet/Desktop/Jean/cnn_food_classification/data/val/Baklava/nyt-up-27733_attachment-320x427.jpg,Baklava,Baklava
/home/yapbenzet/Desktop/Jean/cnn_food_classification/data/val/Baklava/nyt-up-27733_attachment-e1718728289120-320x240.jpg,Baklava,Baklava
/home/yapbenzet/Desktop/Jean/cnn_food_classification/data/val/Baklava/nyt-up-27733_recipe-2019-08-09-21-22-16-320x192.jpg,Baklava,Baklava
/home/yapbenzet/Desktop/Jean/cnn_food_classification/data/val/Baklava/nyt-up-27733_recipe-2020-05-16-23-38-53-311x640.jpg,Baklava,Baklava
/home/yapbenzet/Desktop/Jean/cnn_food_classification/data/val/Baklava/nyt-up-27733_recipe-2020-05-24-23-04-50-320x426.jpg,Baklava,Baklava
/home/yapbenzet/Desktop/Jean/cnn_food_classification/data/val/Baklava/nyt-up-27733_recipe-2020-07-10-22-01-36-320x240.jpg,Baklava,Baklava
/home/yapbenzet/Desktop/Jean/cnn_food_classification/data/val/Baklava/nyt-up-27733_recipe-2020-08-25-11-21-32-320x240.jpg,Baklava,Baklava
/home/yapbenzet/Desktop/Jean/cnn_food_classification/data/val/Baklava/nyt-up-27733_recipe-2021-01-13-18-24-55-320x568.jpg,Baklava,Börek
/home/yapbenzet/Desktop/Jean/cnn_food_classification/data/val/Baklava/nyt-up-27733_recipe-2021-04-14-17-07-59-320x240.jpg,Baklava,Baklava
/home/yapbenzet/Desktop/Jean/cnn_food_classification/data/val/Baklava/nyt-up-27733_recipe-2021-05-10-19-11-55-320x427.jpg,Baklava,Baklava
/home/yapbenzet/Desktop/Jean/cnn_food_classification/data/val/Baklava/nyt-up-27733_recipe-2021-05-12-22-04-56-320x427.jpg,Baklava,Baklava
/home/yapbenzet/Desktop/Jean/cnn_food_classification/data/val/Baklava/nyt-up-27733_recipe-2021-05-14-16-19-26-320x427.jpg,Baklava,Baklava
/home/yapbenzet/Desktop/Jean/cnn_food_classification/data/val/Baklava/nyt-up-27733_recipe-2022-03-27-20-19-47-320x240.jpg,Baklava,Baklava
/home/yapbenzet/Desktop/Jean/cnn_food_classification/data/val/Baklava/nyt-up-27733_recipe-2022-11-28-10-20-15-320x474.jpg,Baklava,Baklava
/home/yapbenzet/Desktop/Jean/cnn_food_classification/data/val/Baklava/nyt-up-286469_attachment-320x240.jpg,Baklava,Baklava
/home/yapbenzet/Desktop/Jean/cnn_food_classification/data/val/Baklava/nyt-up-286469_attachment-320x427_1.jpg,Baklava,Baklava
/home/yapbenzet/Desktop/Jean/cnn_food_classification/data/val/Baklava/nyt-up-286469_attachment-320x427_19.jpg,Baklava,Baklava
/home/yapbenzet/Desktop/Jean/cnn_food_classification/data/val/Baklava/nyt-up-286469_attachment-320x569_4.jpg,Baklava,Baklava
/home/yapbenzet/Desktop/Jean/cnn_food_classification/data/val/Baklava/nyt-up-286469_attachment-320x569_6.jpg,Baklava,Baklava
/home/yapbenzet/Desktop/Jean/cnn_food_classification/data/val/Baklava/nyt-up-286469_attachment-e1713725839458-320x180.jpg,Baklava,Baklava
/home/yapbenzet/Desktop/Jean/cnn_food_classification/data/val/Baklava/nyt-up-286469_recipe-2021-05-16-23-38-30-320x427.jpg,Baklava,Baklava
/home/yapbenzet/Desktop/Jean/cnn_food_classification/data/val/Baklava/nyt-up-286469_recipe-2021-12-30-14-47-31-320x180.jpg,Baklava,Baklava
/home/yapbenzet/Desktop/Jean/cnn_food_classification/data/val/Baklava/nyt-up-286469_recipe-2022-02-16-16-46-22-320x569.jpg,Baklava,Baklava
/home/yapbenzet/Desktop/Jean/cnn_food_classification/data/val/Baklava/nyt-up-286469_recipe-2022-03-08-16-40-53-320x426.jpg,Baklava,Baklava
/home/yapbenzet/Desktop/Jean/cnn_food_classification/data/val/Baklava/nyt-up-286469_recipe-2022-03-11-19-10-52-320x427.jpg,Baklava,Baklava
/home/yapbenzet/Desktop/Jean/cnn_food_classification/data/val/Baklava/nyt-up-286469_recipe-2022-03-31-22-12-28-320x426.jpg,Baklava,Baklava
/home/yapbenzet/Desktop/Jean/cnn_food_classification/data/val/Baklava/nyt-up-286469_recipe-2022-04-09-23-07-58-320x569.jpg,Baklava,Baklava
/home/yapbenzet/Desktop/Jean/cnn_food_classification/data/val/Baklava/nyt-up-286469_recipe-2022-04-17-21-29-07-320x569.jpg,Baklava,Köfte
/home/yapbenzet/Desktop/Jean/cnn_food_classification/data/val/Baklava/nyt-up-286469_recipe-2022-04-30-18-12-59-320x427.jpg,Baklava,Baklava
/home/yapbenzet/Desktop/Jean/cnn_food_classification/data/val/Baklava/nyt-up-286469_recipe-2022-05-02-20-09-23-320x240.jpg,Baklava,Baklava
/home/yapbenzet/Desktop/Jean/cnn_food_classification/data/val/Baklava/nyt-up-286469_recipe-2022-05-06-15-40-58-320x569.jpg,Baklava,Baklava
/home/yapbenzet/Desktop/Jean/cnn_food_classification/data/val/Baklava/nyt-up-286469_recipe-2022-07-08-14-40-31-320x180.jpg,Baklava,Baklava
/home/yapbenzet/Desktop/Jean/cnn_food_classification/data/val/Baklava/nyt-up-286469_recipe-2023-04-19-09-53-58-288x640.jpg,Baklava,Baklava
/home/yapbenzet/Desktop/Jean/cnn_food_classification/data/val/Baklava/nyt-up-286469_recipe-2023-04-25-21-04-11-320x569.jpg,Baklava,Baklava
/home/yapbenzet/Desktop/Jean/cnn_food_classification/data/val/Baklava/nyt-up-286469_recipe-2023-06-11-18-12-04-320x148.jpg,Baklava,Baklava
/home/yapbenzet/Desktop/Jean/cnn_food_classification/data/val/Baklava/nyt-up-286469_recipe-2023-09-13-20-33-41-320x427.jpg,Baklava,Baklava
/home/yapbenzet/Desktop/Jean/cnn_food_classification/data/val/Baklava/nyt-up-286469_recipe-2024-03-04-18-45-23-320x569.jpg,Baklava,Baklava
/home/yapbenzet/Desktop/Jean/cnn_food_classification/data/val/Baklava/nyt-up-286469_recipe-2024-06-15-22-19-24-320x569.jpg,Baklava,Baklava
/home/yapbenzet/Desktop/Jean/cnn_food_classification/data/val/Baklava/nyt-up-36746_attachment-320x427_1.jpg,Baklava,Baklava
/home/yapbenzet/Desktop/Jean/cnn_food_classification/data/val/Baklava/nyt-up-36746_attachment-320x427_5.jpg,Baklava,Baklava
/home/yapbenzet/Desktop/Jean/cnn_food_classification/data/val/Baklava/nyt-up-36746_recipe-2020-04-18-21-16-32-320x240.jpg,Baklava,Baklava
/home/yapbenzet/Desktop/Jean/cnn_food_classification/data/val/Baklava/nyt-up-36746_recipe-2020-05-23-01-07-01-320x427.jpg,Baklava,Baklava
/home/yapbenzet/Desktop/Jean/cnn_food_classification/data/val/Baklava/nyt-up-36746_recipe-2022-04-05-16-38-19-320x240.jpg,Baklava,Baklava
/home/yapbenzet/Desktop/Jean/cnn_food_classification/data/val/Baklava/nyt-up-36746_recipe-2023-04-14-12-44-28-288x640.jpg,Baklava,Baklava
/home/yapbenzet/Desktop/Jean/cnn_food_classification/data/val/Baklava/nyt-up-4741425_attachment-320x427_13.jpg,Baklava,Baklava
/home/yapbenzet/Desktop/Jean/cnn_food_classification/data/val/Baklava/nyt-up-4741425_attachment-320x427_15.jpg,Baklava,Baklava
/home/yapbenzet/Desktop/Jean/cnn_food_classification/data/val/Baklava/nyt-up-4741425_attachment-320x427_6.jpg,Baklava,Baklava
/home/yapbenzet/Desktop/Jean/cnn_food_classification/data/val/Baklava/nyt-up-4741425_attachment-320x569.jpg,Baklava,Baklava
/home/yapbenzet/Desktop/Jean/cnn_food_classification/data/val/Baklava/nyt-up-4741425_recipe-2019-05-30-00-19-11-320x427.jpg,Baklava,Baklava
/home/yapbenzet/Desktop/Jean/cnn_food_classification/data/val/Baklava/nyt-up-4741425_recipe-2019-06-04-09-35-04-320x427.jpg,Baklava,Baklava
/home/yapbenzet/Desktop/Jean/cnn_food_classification/data/val/Baklava/nyt-up-4741425_recipe-2020-04-23-16-36-07-320x240.jpg,Baklava,Baklava
/home/yapbenzet/Desktop/Jean/cnn_food_classification/data/val/Baklava/nyt-up-4741425_recipe-2020-04-24-01-01-11-320x221.jpg,Baklava,Baklava
/home/yapbenzet/Desktop/Jean/cnn_food_classification/data/val/Baklava/nyt-up-4741425_recipe-2020-05-02-17-10-14-320x568.jpg,Baklava,Baklava
/home/yapbenzet/Desktop/Jean/cnn_food_classification/data/val/Baklava/nyt-up-4741425_recipe-2020-05-23-18-49-37-320x428.jpg,Baklava,Baklava
/home/yapbenzet/Desktop/Jean/cnn_food_classification/data/val/Baklava/nyt-up-4741425_recipe-2020-06-03-21-14-40-320x427.jpg,Baklava,Baklava
/home/yapbenzet/Desktop/Jean/cnn_food_classification/data/val/Baklava/nyt-up-4741425_recipe-2021-03-08-17-17-12-320x465.jpg,Baklava,Baklava
/home/yapbenzet/Desktop/Jean/cnn_food_classification/data/val/Baklava/nyt-up-4741425_recipe-2021-05-26-17-34-51-320x240.jpg,Baklava,Baklava
/home/yapbenzet/Desktop/Jean/cnn_food_classification/data/val/Baklava/nyt-up-4741425_recipe-2023-04-21-18-45-31-e1682104110239-320x240.jpg,Baklava,Baklava
/home/yapbenzet/Desktop/Jean/cnn_food_classification/data/val/Baklava/nyt-up-4741425_recipe-2024-10-02-14-22-24-320x425.jpg,Baklava,Baklava
/home/yapbenzet/Desktop/Jean/cnn_food_classification/data/val/Baklava/nyt-up-7634199_11561cdf88520f02274678796-295x640.jpg,Baklava,Baklava
/home/yapbenzet/Desktop/Jean/cnn_food_classification/data/val/Baklava/nyt-up-7634199_187649b1abcd3551986268067-320x569.jpeg,Baklava,Baklava
/home/yapbenzet/Desktop/Jean/cnn_food_classification/data/val/Baklava/nyt-up-7634199_199600ef137a28bc745558827-320x180.jpg,Baklava,Baklava
/home/yapbenzet/Desktop/Jean/cnn_food_classification/data/val/Baklava/nyt-up-7634199_688656626cfed8c5393864058-320x427.jpg,Baklava,Baklava
/home/yapbenzet/Desktop/Jean/cnn_food_classification/data/val/Baklava/nyt-up-7634199_attachment-1-320x240.jpg,Baklava,Baklava
/home/yapbenzet/Desktop/Jean/cnn_food_classification/data/val/Baklava/nyt-up-7634199_recipe-2020-05-23-13-10-39-320x427.jpg,Baklava,Baklava
/home/yapbenzet/Desktop/Jean/cnn_food_classification/data/val/Baklava/nyt-up-7634199_recipe-2020-05-23-15-23-47-320x427.jpg,Baklava,Baklava
/home/yapbenzet/Desktop/Jean/cnn_food_classification/data/val/Baklava/nyt-up-7634199_recipe-2020-05-23-16-54-39-320x240.jpg,Baklava,Baklava
/home/yapbenzet/Desktop/Jean/cnn_food_classification/data/val/Baklava/nyt-up-7634199_recipe-2020-05-24-13-14-32-320x180.jpg,Baklava,Baklava
/home/yapbenzet/Desktop/Jean/cnn_food_classification/data/val/Baklava/nyt-up-7634199_recipe-2020-05-24-15-17-30-320x427.jpg,Baklava,Baklava
/home/yapbenzet/Desktop/Jean/cnn_food_classification/data/val/Baklava/nyt-up-7634199_recipe-2021-05-11-13-27-51-320x568.jpg,Baklava,Baklava
/home/yapbenzet/Desktop/Jean/cnn_food_classification/data/val/Baklava/nyt-up-7634199_recipe-2021-05-11-15-40-26-320x180.jpg,Baklava,Baklava
/home/yapbenzet/Desktop/Jean/cnn_food_classification/data/val/Baklava/nyt-up-7634199_recipe-2021-12-07-16-01-21-320x240.jpg,Baklava,Baklava
/home/yapbenzet/Desktop/Jean/cnn_food_classification/data/val/Baklava/nyt-up-7634199_recipe-2022-04-19-15-25-55-320x427.jpg,Baklava,Baklava
/home/yapbenzet/Desktop/Jean/cnn_food_classification/data/val/Baklava/nyt-up-7634199_recipe-2024-02-28-17-31-38-320x267.jpg,Baklava,Baklava
/home/yapbenzet/Desktop/Jean/cnn_food_classification/data/val/Baklava/nyt-up-7634199_recipe-2024-06-21-14-04-24-320x427.jpg,Baklava,Börek
/home/yapbenzet/Desktop/Jean/cnn_food_classification/data/val/Baklava/nyt-up-959_6445ec4d8202f7ab710270270-320x569.jpeg,Baklava,Baklava
/home/yapbenzet/Desktop/Jean/cnn_food_classification/data/val/Baklava/nyt-up-959_959609d87300ae92118869433-320x180.jpeg,Baklava,Baklava
/home/yapbenzet/Desktop/Jean/cnn_food_classification/data/val/Baklava/nyt-up-959_attachment-320x427_1.jpg,Baklava,Baklava
/home/yapbenzet/Desktop/Jean/cnn_food_classification/data/val/Baklava/nyt-up-959_attachment-320x427_6.jpg,Baklava,Baklava
/home/yapbenzet/Desktop/Jean/cnn_food_classification/data/val/Baklava/nyt-up-959_recipe-2019-05-29-19-07-04-320x568.jpg,Baklava,Baklava
/home/yapbenzet/Desktop/Jean/cnn_food_classification/data/val/Baklava/nyt-up-959_recipe-2019-09-30-19-56-57-320x240.jpg,Baklava,Baklava
/home/yapbenzet/Desktop/Jean/cnn_food_classification/data/val/Baklava/nyt-up-959_recipe-2020-05-23-21-08-17-320x488.jpg,Baklava,Baklava
/home/yapbenzet/Desktop/Jean/cnn_food_classification/data/val/Baklava/nyt-up-959_recipe-2021-01-09-18-33-33-320x568.jpg,Baklava,Baklava
/home/yapbenzet/Desktop/Jean/cnn_food_classification/data/val/Baklava/nyt-up-959_recipe-2023-04-20-21-07-07-320x425.jpg,Baklava,Baklava
/home/yapbenzet/Desktop/Jean/cnn_food_classification/data/val/Baklava/nyt-up-959_recipe-2024-02-26-10-47-19-320x427.jpg,Baklava,Baklava
/home/yapbenzet/Desktop/Jean/cnn_food_classification/data/val/Baklava/nyt-up-959_recipe-2024-04-09-21-47-55-320x427.jpg,Baklava,Baklava
/home/yapbenzet/Desktop/Jean/cnn_food_classification/data/val/Baklava/nyt-up-959_recipe-2024-06-13-16-34-13-320x427.jpg,Baklava,Baklava
/home/yapbenzet/Desktop/Jean/cnn_food_classification/data/val/Baklava/nyt_up_230011_IMG-20140726-WA0000-320x240.jpg,Baklava,Baklava
/home/yapbenzet/Desktop/Jean/cnn_food_classification/data/val/Baklava/nyt_up_230011_attachment-320x427_4.jpg,Baklava,Baklava
/home/yapbenzet/Desktop/Jean/cnn_food_classification/data/val/Baklava/nyt_up_230011_attachment-320x427_5.jpg,Baklava,Baklava
/home/yapbenzet/Desktop/Jean/cnn_food_classification/data/val/Baklava/nyt_up_230011_nyt-up-230011-15449741958317872424011894820569-320x180.jpg,Baklava,Baklava
/home/yapbenzet/Desktop/Jean/cnn_food_classification/data/val/Baklava/nyt_up_230011_recipe-2017-04-17-18-30-20-320x569.jpg,Baklava,Baklava
/home/yapbenzet/Desktop/Jean/cnn_food_classification/data/val/Baklava/nyt_up_2767745_recipe-2017-01-20-00-55-44-320x427.jpg,Baklava,Baklava
/home/yapbenzet/Desktop/Jean/cnn_food_classification/data/val/Baklava/nyt_up_2767745_recipe-2017-01-23-21-15-19-320x427.jpg,Baklava,Baklava
/home/yapbenzet/Desktop/Jean/cnn_food_classification/data/val/Baklava/nyt_up_2767745_recipe-2017-04-06-12-21-48-320x427.jpg,Baklava,Baklava
/home/yapbenzet/Desktop/Jean/cnn_food_classification/data/val/Baklava/nyt_up_2767745_recipe-2017-06-22-09-35-15-320x569.jpg,Baklava,Baklava
/home/yapbenzet/Desktop/Jean/cnn_food_classification/data/val/Baklava/nyt_up_2767745_recipe-2017-10-15-00-07-17-320x568.jpg,Baklava,Baklava
/home/yapbenzet/Desktop/Jean/cnn_food_classification/data/val/Baklava/nyt_up_2767745_recipe-2018-03-13-17-44-19-320x180.jpg,Baklava,Baklava
/home/yapbenzet/Desktop/Jean/cnn_food_classification/data/val/Baklava/nyt_up_2767745_recipe-2018-03-29-16-42-15-320x427.jpg,Baklava,Baklava
/home/yapbenzet/Desktop/Jean/cnn_food_classification/data/val/Baklava/nyt_up_2767745_recipe-2018-06-02-18-57-33-320x569.jpg,Baklava,Baklava
/home/yapbenzet/Desktop/Jean/cnn_food_classification/data/val/Baklava/nyt_up_2767745_recipe-2018-06-14-14-43-48-320x568.jpg,Baklava,Baklava
/home/yapbenzet/Desktop/Jean/cnn_food_classification/data/val/Baklava/nyt_up_27733_attachment-320x427_4.jpg,Baklava,Baklava
/home/yapbenzet/Desktop/Jean/cnn_food_classification/data/val/Baklava/nyt_up_27733_recipe-2015-07-26-14-28-54-320x320.jpg,Baklava,Baklava
/home/yapbenzet/Desktop/Jean/cnn_food_classification/data/val/Baklava/nyt_up_27733_recipe-2016-01-05-01-36-20-320x180.jpg,Baklava,Baklava
/home/yapbenzet/Desktop/Jean/cnn_food_classification/data/val/Baklava/nyt_up_36746_recipe-2015-07-16-07-34-31-320x427.jpg,Baklava,Baklava
/home/yapbenzet/Desktop/Jean/cnn_food_classification/data/val/Baklava/nyt_up_36746_recipe-2015-12-08-19-06-22-320x240.jpg,Baklava,Baklava
/home/yapbenzet/Desktop/Jean/cnn_food_classification/data/val/Baklava/nyt_up_36746_recipe-2016-08-27-17-33-59-320x427.jpg,Baklava,Baklava
/home/yapbenzet/Desktop/Jean/cnn_food_classification/data/val/Baklava/nyt_up_4741425_recipe-2018-06-14-22-58-05-320x240.jpg,Baklava,Baklava
/home/yapbenzet/Desktop/Jean/cnn_food_classification/data/val/Baklava/nyt_up_4741425_recipe-2018-06-16-14-51-27-e1529160237865-320x569.jpg,Baklava,Baklava
/home/yapbenzet/Desktop/Jean/cnn_food_classification/data/val/Baklava/nyt_up_4741425_recipe-2018-06-17-13-26-57-320x180.jpg,Baklava,Baklava
/home/yapbenzet/Desktop/Jean/cnn_food_classification/data/val/Baklava/nyt_up_4741425_recipe-2018-11-12-11-29-01-320x427.jpg,Baklava,Baklava
/home/yapbenzet/Desktop/Jean/cnn_food_classification/data/val/Baklava/nyt_up_959_20160315_222557-320x240.jpg,Baklava,Baklava
/home/yapbenzet/Desktop/Jean/cnn_food_classification/data/val/Baklava/nyt_up_959_IMG_20160613_213952-320x320.jpg,Baklava,Baklava
/home/yapbenzet/Desktop/Jean/cnn_food_classification/data/val/Baklava/nyt_up_959_IMG_20160911_185200-320x240.jpg,Baklava,Baklava
/home/yapbenzet/Desktop/Jean/cnn_food_classification/data/val/Baklava/nyt_up_959_attachment-320x427.jpg,Baklava,Baklava
/home/yapbenzet/Desktop/Jean/cnn_food_classification/data/val/Baklava/nyt_up_959_nyt-up-959-img-20180619-wa0001-1-320x463.jpg,Baklava,Baklava
/home/yapbenzet/Desktop/Jean/cnn_food_classification/data/val/Baklava/nyt_up_959_recipe-2015-09-23-16-34-25-320x569.jpg,Baklava,Baklava
/home/yapbenzet/Desktop/Jean/cnn_food_classification/data/val/Baklava/nyt_up_959_recipe-2015-11-09-18-31-16-320x569.jpg,Baklava,Baklava
/home/yapbenzet/Desktop/Jean/cnn_food_classification/data/val/Baklava/nyt_up_959_recipe-2016-01-31-18-07-38-320x320.jpg,Baklava,Baklava
/home/yapbenzet/Desktop/Jean/cnn_food_classification/data/val/Baklava/nyt_up_959_recipe-2018-06-13-21-48-38-320x427.jpg,Baklava,Baklava
/home/yapbenzet/Desktop/Jean/cnn_food_classification/data/val/Beyaz Ekmek/000001.jpg,Beyaz Ekmek,Beyaz Ekmek
/home/yapbenzet/Desktop/Jean/cnn_food_classification/data/val/Beyaz Ekmek/000004.jpg,Beyaz Ekmek,Beyaz Ekmek
/home/yapbenzet/Desktop/Jean/cnn_food_classification/data/val/Beyaz Ekmek/000008.jpg,Beyaz Ekmek,Beyaz Ekmek
/home/yapbenzet/Desktop/Jean/cnn_food_classification/data/val/Beyaz Ekmek/000016.jpg,Beyaz Ekmek,Beyaz Ekmek
/home/yapbenzet/Desktop/Jean/cnn_food_classification/data/val/Beyaz Ekmek/000018.jpg,Beyaz Ekmek,Beyaz Ekmek
/home/yapbenzet/Desktop/Jean/cnn_food_classification/data/val/Beyaz Ekmek/000019.jpg,Beyaz Ekmek,Beyaz Ekmek
/home/yapbenzet/Desktop/Jean/cnn_food_classification/data/val/Beyaz Ekmek/000024.jpg,Beyaz Ekmek,Beyaz Ekmek
/home/yapbenzet/Desktop/Jean/cnn_food_classification/data/val/Beyaz Ekmek/000035.jpg,Beyaz Ekmek,Esmer Ekmek
/home/yapbenzet/Desktop/Jean/cnn_food_classification/data/val/Beyaz Ekmek/000042.jpg,Beyaz Ekmek,Esmer Ekmek
/home/yapbenzet/Desktop/Jean/cnn_food_classification/data/val/Beyaz Ekmek/000049.jpg,Beyaz Ekmek,Beyaz Ekmek
/home/yapbenzet/Desktop/Jean/cnn_food_classification/data/val/Beyaz Ekmek/000061.jpg,Beyaz Ekmek,Beyaz Ekmek
/home/yapbenzet/Desktop/Jean/cnn_food_classification/data/val/Beyaz Ekmek/000064.jpg,Beyaz Ekmek,Beyaz Ekmek
/home/yapbenzet/Desktop/Jean/cnn_food_classification/data/val/Beyaz Ekmek/000071.jpg,Beyaz Ekmek,Beyaz Ekmek
/home/yapbenzet/Desktop/Jean/cnn_food_classification/data/val/Beyaz Ekmek/istockphoto-1056306760-1024x1024.jpg,Beyaz Ekmek,Beyaz Ekmek
/home/yapbenzet/Desktop/Jean/cnn_food_classification/data/val/Beyaz Ekmek/istockphoto-1131544541-1024x1024.jpg,Beyaz Ekmek,Beyaz Ekmek
/home/yapbenzet/Desktop/Jean/cnn_food_classification/data/val/Beyaz Ekmek/istockphoto-1133538373-1024x1024.jpg,Beyaz Ekmek,Beyaz Ekmek
/home/yapbenzet/Desktop/Jean/cnn_food_classification/data/val/Beyaz Ekmek/istockphoto-1138392304-1024x1024.jpg,Beyaz Ekmek,Beyaz Ekmek
/home/yapbenzet/Desktop/Jean/cnn_food_classification/data/val/Beyaz Ekmek/istockphoto-116059124-1024x1024.jpg,Beyaz Ekmek,Beyaz Ekmek
/home/yapbenzet/Desktop/Jean/cnn_food_classification/data/val/Beyaz Ekmek/istockphoto-1162912441-1024x1024.jpg,Beyaz Ekmek,Beyaz Ekmek
/home/yapbenzet/Desktop/Jean/cnn_food_classification/data/val/Beyaz Ekmek/istockphoto-1178562749-1024x1024.jpg,Beyaz Ekmek,Beyaz Ekmek
/home/yapbenzet/Desktop/Jean/cnn_food_classification/data/val/Beyaz Ekmek/istockphoto-1190542871-1024x1024.jpg,Beyaz Ekmek,Beyaz Ekmek
/home/yapbenzet/Desktop/Jean/cnn_food_classification/data/val/Beyaz Ekmek/istockphoto-1214312834-1024x1024.jpg,Beyaz Ekmek,Beyaz Ekmek
/home/yapbenzet/Desktop/Jean/cnn_food_classification/data/val/Beyaz Ekmek/istockphoto-1267344264-1024x1024.jpg,Beyaz Ekmek,Beyaz Ekmek
/home/yapbenzet/Desktop/Jean/cnn_food_classification/data/val/Beyaz Ekmek/istockphoto-1269591525-1024x1024.jpg,Beyaz Ekmek,Beyaz Ekmek
/home/yapbenzet/Desktop/Jean/cnn_food_classification/data/val/Beyaz Ekmek/istockphoto-1286197763-1024x1024.jpg,Beyaz Ekmek,Beyaz Ekmek
/home/yapbenzet/Desktop/Jean/cnn_food_classification/data/val/Beyaz Ekmek/istockphoto-1352001519-1024x1024.jpg,Beyaz Ekmek,Beyaz Ekmek
/home/yapbenzet/Desktop/Jean/cnn_food_classification/data/val/Beyaz Ekmek/istockphoto-1369898886-1024x1024.jpg,Beyaz Ekmek,Beyaz Ekmek
/home/yapbenzet/Desktop/Jean/cnn_food_classification/data/val/Beyaz Ekmek/istockphoto-1386498197-1024x1024.jpg,Beyaz Ekmek,Beyaz Ekmek
/home/yapbenzet/Desktop/Jean/cnn_food_classification/data/val/Beyaz Ekmek/istockphoto-1389275531-1024x1024.jpg,Beyaz Ekmek,Beyaz Ekmek
/home/yapbenzet/Desktop/Jean/cnn_food_classification/data/val/Beyaz Ekmek/istockphoto-1392343994-1024x1024.jpg,Beyaz Ekmek,Beyaz Ekmek
/home/yapbenzet/Desktop/Jean/cnn_food_classification/data/val/Beyaz Ekmek/istockphoto-139708586-1024x1024.jpg,Beyaz Ekmek,Beyaz Ekmek
/home/yapbenzet/Desktop/Jean/cnn_food_classification/data/val/Beyaz Ekmek/istockphoto-139709000-1024x1024.jpg,Beyaz Ekmek,Beyaz Ekmek
/home/yapbenzet/Desktop/Jean/cnn_food_classification/data/val/Beyaz Ekmek/istockphoto-1401818181-1024x1024.jpg,Beyaz Ekmek,Beyaz Ekmek
/home/yapbenzet/Desktop/Jean/cnn_food_classification/data/val/Beyaz Ekmek/istockphoto-1444873627-1024x1024.jpg,Beyaz Ekmek,Beyaz Ekmek
/home/yapbenzet/Desktop/Jean/cnn_food_classification/data/val/Beyaz Ekmek/istockphoto-147042922-1024x1024.jpg,Beyaz Ekmek,Beyaz Ekmek
/home/yapbenzet/Desktop/Jean/cnn_food_classification/data/val/Beyaz Ekmek/istockphoto-1480327384-1024x1024.jpg,Beyaz Ekmek,Beyaz Ekmek
/home/yapbenzet/Desktop/Jean/cnn_food_classification/data/val/Beyaz Ekmek/istockphoto-153687856-1024x1024.jpg,Beyaz Ekmek,Beyaz Ekmek
/home/yapbenzet/Desktop/Jean/cnn_food_classification/data/val/Beyaz Ekmek/istockphoto-1639414883-1024x1024.jpg,Beyaz Ekmek,Beyaz Ekmek
/home/yapbenzet/Desktop/Jean/cnn_food_classification/data/val/Beyaz Ekmek/istockphoto-178832185-1024x1024.jpg,Beyaz Ekmek,Beyaz Ekmek
/home/yapbenzet/Desktop/Jean/cnn_food_classification/data/val/Beyaz Ekmek/istockphoto-182471870-1024x1024.jpg,Beyaz Ekmek,Beyaz Ekmek
/home/yapbenzet/Desktop/Jean/cnn_food_classification/data/val/Beyaz Ekmek/istockphoto-183522508-1024x1024.jpg,Beyaz Ekmek,Beyaz Ekmek
/home/yapbenzet/Desktop/Jean/cnn_food_classification/data/val/Beyaz Ekmek/istockphoto-186663283-1024x1024.jpg,Beyaz Ekmek,Beyaz Ekmek
/home/yapbenzet/Desktop/Jean/cnn_food_classification/data/val/Beyaz Ekmek/istockphoto-1974410089-1024x1024.jpg,Beyaz Ekmek,Beyaz Ekmek
/home/yapbenzet/Desktop/Jean/cnn_food_classification/data/val/Beyaz Ekmek/istockphoto-450867995-1024x1024.jpg,Beyaz Ekmek,Beyaz Ekmek
/home/yapbenzet/Desktop/Jean/cnn_food_classification/data/val/Beyaz Ekmek/istockphoto-472851006-1024x1024 (1).jpg,Beyaz Ekmek,Beyaz Ekmek
/home/yapbenzet/Desktop/Jean/cnn_food_classification/data/val/Beyaz Ekmek/istockphoto-487046875-1024x1024.jpg,Beyaz Ekmek,Beyaz Ekmek
/home/yapbenzet/Desktop/Jean/cnn_food_classification/data/val/Beyaz Ekmek/istockphoto-498531482-1024x1024.jpg,Beyaz Ekmek,Beyaz Ekmek
/home/yapbenzet/Desktop/Jean/cnn_food_classification/data/val/Beyaz Ekmek/istockphoto-505492738-1024x1024.jpg,Beyaz Ekmek,Beyaz Ekmek
/home/yapbenzet/Desktop/Jean/cnn_food_classification/data/val/Beyaz Ekmek/istockphoto-520797162-1024x1024.jpg,Beyaz Ekmek,Beyaz Ekmek
/home/yapbenzet/Desktop/Jean/cnn_food_classification/data/val/Beyaz Ekmek/istockphoto-538615019-1024x1024.jpg,Beyaz Ekmek,Beyaz Ekmek
/home/yapbenzet/Desktop/Jean/cnn_food_classification/data/val/Beyaz Ekmek/istockphoto-577633854-1024x1024.jpg,Beyaz Ekmek,Beyaz Ekmek
/home/yapbenzet/Desktop/Jean/cnn_food_classification/data/val/Beyaz Ekmek/istockphoto-577633964-1024x1024.jpg,Beyaz Ekmek,Beyaz Ekmek
/home/yapbenzet/Desktop/Jean/cnn_food_classification/data/val/Beyaz Ekmek/istockphoto-627839788-1024x1024.jpg,Beyaz Ekmek,Beyaz Ekmek
/home/yapbenzet/Desktop/Jean/cnn_food_classification/data/val/Beyaz Ekmek/istockphoto-662663686-1024x1024.jpg,Beyaz Ekmek,Beyaz Ekmek
/home/yapbenzet/Desktop/Jean/cnn_food_classification/data/val/Beyaz Ekmek/istockphoto-667211400-1024x1024.jpg,Beyaz Ekmek,Beyaz Ekmek
/home/yapbenzet/Desktop/Jean/cnn_food_classification/data/val/Beyaz Ekmek/istockphoto-693641172-1024x1024.jpg,Beyaz Ekmek,Beyaz Ekmek
/home/yapbenzet/Desktop/Jean/cnn_food_classification/data/val/Beyaz Ekmek/istockphoto-875818934-1024x1024.jpg,Beyaz Ekmek,Beyaz Ekmek
/home/yapbenzet/Desktop/Jean/cnn_food_classification/data/val/Beyaz Ekmek/istockphoto-92206315-1024x1024.jpg,Beyaz Ekmek,Beyaz Ekmek
/home/yapbenzet/Desktop/Jean/cnn_food_classification/data/val/Beyaz Ekmek/istockphoto-97689025-1024x1024.jpg,Beyaz Ekmek,Beyaz Ekmek
/home/yapbenzet/Desktop/Jean/cnn_food_classification/data/val/Beyaz Ekmek/nyt-up-2745169_attachment-320x427_2.jpg,Beyaz Ekmek,Beyaz Ekmek
/home/yapbenzet/Desktop/Jean/cnn_food_classification/data/val/Beyaz Ekmek/nyt-up-2745169_recipe-2020-03-25-22-46-33-320x427.jpg,Beyaz Ekmek,Beyaz Ekmek
/home/yapbenzet/Desktop/Jean/cnn_food_classification/data/val/Beyaz Ekmek/nyt-up-37698_1435e92033e87a4b276611208-320x427.jpg,Beyaz Ekmek,Beyaz Ekmek
/home/yapbenzet/Desktop/Jean/cnn_food_classification/data/val/Beyaz Ekmek/nyt-up-37698_2095e8dffb1cff42145425791-320x240.jpg,Beyaz Ekmek,Beyaz Ekmek
/home/yapbenzet/Desktop/Jean/cnn_food_classification/data/val/Beyaz Ekmek/nyt-up-37698_2125ea952a5911a4500814223-320x427.jpg,Beyaz Ekmek,Beyaz Ekmek
/home/yapbenzet/Desktop/Jean/cnn_food_classification/data/val/Beyaz Ekmek/nyt-up-37698_2315e7dcdce01276386036508-320x428.jpg,Beyaz Ekmek,Beyaz Ekmek
/home/yapbenzet/Desktop/Jean/cnn_food_classification/data/val/Beyaz Ekmek/nyt-up-37698_2695eadeec446471062374728-320x234.jpg,Beyaz Ekmek,Beyaz Ekmek
/home/yapbenzet/Desktop/Jean/cnn_food_classification/data/val/Beyaz Ekmek/nyt-up-37698_3185e81ef945b8c0253127917-320x427.jpg,Beyaz Ekmek,Beyaz Ekmek
/home/yapbenzet/Desktop/Jean/cnn_food_classification/data/val/Beyaz Ekmek/nyt-up-37698_3205e7e483d43f99836434262-320x569.jpeg,Beyaz Ekmek,Beyaz Ekmek
/home/yapbenzet/Desktop/Jean/cnn_food_classification/data/val/Beyaz Ekmek/nyt-up-37698_46763fb5732d4390706124457-320x180.jpeg,Beyaz Ekmek,Beyaz Ekmek
/home/yapbenzet/Desktop/Jean/cnn_food_classification/data/val/Beyaz Ekmek/nyt-up-37698_6615e7dc4ee54318008079422-320x180.jpeg,Beyaz Ekmek,Beyaz Ekmek
/home/yapbenzet/Desktop/Jean/cnn_food_classification/data/val/Beyaz Ekmek/nyt-up-37698_7085e921a07b98ad209990089-320x569.jpg,Beyaz Ekmek,Beyaz Ekmek
/home/yapbenzet/Desktop/Jean/cnn_food_classification/data/val/Beyaz Ekmek/nyt-up-37698_8145e831ee3938f0697339672-320x569.jpg,Beyaz Ekmek,Beyaz Ekmek
/home/yapbenzet/Desktop/Jean/cnn_food_classification/data/val/Beyaz Ekmek/nyt-up-37698_81865635ed42a1eb229207043-320x427.jpg,Beyaz Ekmek,Beyaz Ekmek
/home/yapbenzet/Desktop/Jean/cnn_food_classification/data/val/Beyaz Ekmek/nyt-up-37698_8565ea6d50e75744398474037-320x243.jpg,Beyaz Ekmek,Beyaz Ekmek
/home/yapbenzet/Desktop/Jean/cnn_food_classification/data/val/Beyaz Ekmek/nyt-up-37698_8575e82a3fd52e91251015468-320x240.jpeg,Beyaz Ekmek,Beyaz Ekmek
/home/yapbenzet/Desktop/Jean/cnn_food_classification/data/val/Beyaz Ekmek/nyt-up-37698_9005e8db994f404a905021943-320x427.jpg,Beyaz Ekmek,Beyaz Ekmek
/home/yapbenzet/Desktop/Jean/cnn_food_classification/data/val/Beyaz Ekmek/nyt-up-37698_attachment-1-320x252.jpg,Beyaz Ekmek,Beyaz Ekmek
/home/yapbenzet/Desktop/Jean/cnn_food_classification/data/val/Beyaz Ekmek/nyt-up-37698_attachment-1-320x427_6.jpg,Beyaz Ekmek,Beyaz Ekmek
/home/yapbenzet/Desktop/Jean/cnn_food_classification/data/val/Beyaz Ekmek/nyt-up-37698_attachment-1-320x427_7.jpg,Beyaz Ekmek,Beyaz Ekmek
/home/yapbenzet/Desktop/Jean/cnn_food_classification/data/val/Beyaz Ekmek/nyt-up-37698_attachment-1-320x568.jpg,Beyaz Ekmek,Beyaz Ekmek
/home/yapbenzet/Desktop/Jean/cnn_food_classification/data/val/Beyaz Ekmek/nyt-up-37698_attachment-2-320x427_4.jpg,Beyaz Ekmek,Beyaz Ekmek
/home/yapbenzet/Desktop/Jean/cnn_food_classification/data/val/Beyaz Ekmek/nyt-up-37698_attachment-3-320x569.jpg,Beyaz Ekmek,Beyaz Ekmek
/home/yapbenzet/Desktop/Jean/cnn_food_classification/data/val/Beyaz Ekmek/nyt-up-37698_attachment-320x240_3.jpg,Beyaz Ekmek,Beyaz Ekmek
/home/yapbenzet/Desktop/Jean/cnn_food_classification/data/val/Beyaz Ekmek/nyt-up-37698_attachment-320x320.jpg,Beyaz Ekmek,Beyaz Ekmek
/home/yapbenzet/Desktop/Jean/cnn_food_classification/data/val/Beyaz Ekmek/nyt-up-37698_attachment-320x339.jpg,Beyaz Ekmek,Beyaz Ekmek
/home/yapbenzet/Desktop/Jean/cnn_food_classification/data/val/Beyaz Ekmek/nyt-up-37698_attachment-320x427_12.jpg,Beyaz Ekmek,Börek
/home/yapbenzet/Desktop/Jean/cnn_food_classification/data/val/Beyaz Ekmek/nyt-up-37698_attachment-320x427_24.jpg,Beyaz Ekmek,Beyaz Ekmek
/home/yapbenzet/Desktop/Jean/cnn_food_classification/data/val/Beyaz Ekmek/nyt-up-37698_attachment-320x427_3.jpg,Beyaz Ekmek,Beyaz Ekmek
/home/yapbenzet/Desktop/Jean/cnn_food_classification/data/val/Beyaz Ekmek/nyt-up-37698_attachment-320x427_4.jpg,Beyaz Ekmek,Beyaz Ekmek
/home/yapbenzet/Desktop/Jean/cnn_food_classification/data/val/Beyaz Ekmek/nyt-up-37698_attachment-4-320x568.jpg,Beyaz Ekmek,Beyaz Ekmek
/home/yapbenzet/Desktop/Jean/cnn_food_classification/data/val/Beyaz Ekmek/nyt-up-37698_attachment-6-320x427.jpg,Beyaz Ekmek,Beyaz Ekmek
/home/yapbenzet/Desktop/Jean/cnn_food_classification/data/val/Beyaz Ekmek/nyt-up-37698_attachment-7-320x569.jpg,Beyaz Ekmek,Beyaz Ekmek
/home/yapbenzet/Desktop/Jean/cnn_food_classification/data/val/Beyaz Ekmek/nyt-up-37698_recipe-2020-03-28-10-52-14-320x240.jpg,Beyaz Ekmek,Beyaz Ekmek
/home/yapbenzet/Desktop/Jean/cnn_food_classification/data/val/Beyaz Ekmek/nyt-up-37698_recipe-2020-03-28-14-20-01-320x427.jpg,Beyaz Ekmek,Beyaz Ekmek
/home/yapbenzet/Desktop/Jean/cnn_food_classification/data/val/Beyaz Ekmek/nyt-up-37698_recipe-2020-03-28-15-36-17-320x426.jpg,Beyaz Ekmek,Beyaz Ekmek
/home/yapbenzet/Desktop/Jean/cnn_food_classification/data/val/Beyaz Ekmek/nyt-up-37698_recipe-2020-03-29-17-57-58-320x427.jpg,Beyaz Ekmek,Beyaz Ekmek
/home/yapbenzet/Desktop/Jean/cnn_food_classification/data/val/Beyaz Ekmek/nyt-up-37698_recipe-2020-03-31-23-39-10-320x569.jpg,Beyaz Ekmek,Beyaz Ekmek
/home/yapbenzet/Desktop/Jean/cnn_food_classification/data/val/Beyaz Ekmek/nyt-up-37698_recipe-2020-04-03-17-35-26-320x569.jpg,Beyaz Ekmek,Beyaz Ekmek
/home/yapbenzet/Desktop/Jean/cnn_food_classification/data/val/Beyaz Ekmek/nyt-up-37698_recipe-2020-04-10-00-57-02-320x569.jpg,Beyaz Ekmek,Beyaz Ekmek
/home/yapbenzet/Desktop/Jean/cnn_food_classification/data/val/Beyaz Ekmek/nyt-up-37698_recipe-2020-04-18-22-56-01-320x569.jpg,Beyaz Ekmek,Beyaz Ekmek
/home/yapbenzet/Desktop/Jean/cnn_food_classification/data/val/Beyaz Ekmek/nyt-up-37698_recipe-2020-04-23-20-08-16-320x569.jpg,Beyaz Ekmek,Beyaz Ekmek
/home/yapbenzet/Desktop/Jean/cnn_food_classification/data/val/Beyaz Ekmek/nyt-up-37698_recipe-2020-05-23-01-38-56-320x240.jpg,Beyaz Ekmek,Börek
/home/yapbenzet/Desktop/Jean/cnn_food_classification/data/val/Beyaz Ekmek/nyt-up-37698_recipe-2022-01-23-16-02-30-320x569.jpg,Beyaz Ekmek,Beyaz Ekmek
/home/yapbenzet/Desktop/Jean/cnn_food_classification/data/val/Beyaz Ekmek/nyt-up-37698_recipe-2023-03-14-00-53-43-320x569.jpg,Beyaz Ekmek,Beyaz Ekmek
/home/yapbenzet/Desktop/Jean/cnn_food_classification/data/val/Beyaz Ekmek/nyt-up-37698_recipe-2023-04-03-21-13-23-320x273.jpg,Beyaz Ekmek,Beyaz Ekmek
/home/yapbenzet/Desktop/Jean/cnn_food_classification/data/val/Beyaz Ekmek/nyt-up-37698_recipe-2023-05-09-11-03-55-320x569.jpg,Beyaz Ekmek,Esmer Ekmek
/home/yapbenzet/Desktop/Jean/cnn_food_classification/data/val/Beyaz Ekmek/nyt-up-37698_recipe-2023-12-30-16-34-06-288x640.jpg,Beyaz Ekmek,Beyaz Ekmek
/home/yapbenzet/Desktop/Jean/cnn_food_classification/data/val/Beyaz Ekmek/nyt-up-37698_recipe-2024-01-14-15-16-17-296x640.jpg,Beyaz Ekmek,Beyaz Ekmek
/home/yapbenzet/Desktop/Jean/cnn_food_classification/data/val/Beyaz Ekmek/nyt-up-37698_recipe-2024-07-29-19-24-09-320x427.jpg,Beyaz Ekmek,Beyaz Ekmek
/home/yapbenzet/Desktop/Jean/cnn_food_classification/data/val/Beyaz Ekmek/nyt-up-37698_recipe-2024-08-02-21-46-24-320x427.jpg,Beyaz Ekmek,Beyaz Ekmek
/home/yapbenzet/Desktop/Jean/cnn_food_classification/data/val/Beyaz Ekmek/nyt-up-37698_recipe-2024-10-13-23-09-38-320x568.jpg,Beyaz Ekmek,Beyaz Ekmek
/home/yapbenzet/Desktop/Jean/cnn_food_classification/data/val/Beyaz Ekmek/nyt-up-37698_recipe-2024-11-23-16-35-04-320x428.jpg,Beyaz Ekmek,Beyaz Ekmek
/home/yapbenzet/Desktop/Jean/cnn_food_classification/data/val/Beyaz Ekmek/nyt-up-4354068_recipe-2020-03-20-15-07-17-320x289.jpg,Beyaz Ekmek,Beyaz Ekmek
/home/yapbenzet/Desktop/Jean/cnn_food_classification/data/val/Beyaz Ekmek/nyt-up-4354068_recipe-2020-04-01-20-20-52-320x427.jpg,Beyaz Ekmek,Beyaz Ekmek
/home/yapbenzet/Desktop/Jean/cnn_food_classification/data/val/Beyaz Ekmek/nyt-up-5405930_4845ebb9653440f6460296353-320x567.jpeg,Beyaz Ekmek,Beyaz Ekmek
/home/yapbenzet/Desktop/Jean/cnn_food_classification/data/val/Beyaz Ekmek/nyt-up-5405930_recipe-2020-05-13-19-25-54-320x240.jpg,Beyaz Ekmek,Beyaz Ekmek
/home/yapbenzet/Desktop/Jean/cnn_food_classification/data/val/Beyaz Ekmek/nyt-up-6968628_2715e807f249110b265641240-320x180.jpg,Beyaz Ekmek,Beyaz Ekmek
/home/yapbenzet/Desktop/Jean/cnn_food_classification/data/val/Beyaz Ekmek/nyt-up-6968628_attachment-1-320x569.jpg,Beyaz Ekmek,Beyaz Ekmek
/home/yapbenzet/Desktop/Jean/cnn_food_classification/data/val/Beyaz Ekmek/nyt-up-6968628_recipe-2020-03-30-16-00-50-320x427.jpg,Beyaz Ekmek,Beyaz Ekmek
/home/yapbenzet/Desktop/Jean/cnn_food_classification/data/val/Beyaz Ekmek/nyt-up-6968628_recipe-2020-04-04-16-42-28-320x427.jpg,Beyaz Ekmek,Beyaz Ekmek
/home/yapbenzet/Desktop/Jean/cnn_food_classification/data/val/Beyaz Ekmek/nyt-up-6968628_recipe-2020-04-15-00-10-42-320x569.jpg,Beyaz Ekmek,Beyaz Ekmek
/home/yapbenzet/Desktop/Jean/cnn_food_classification/data/val/Beyaz Ekmek/nyt-up-6968628_recipe-2020-07-03-02-46-05-320x240.jpg,Beyaz Ekmek,Beyaz Ekmek
/home/yapbenzet/Desktop/Jean/cnn_food_classification/data/val/Beyaz Ekmek/nyt-up-6968628_recipe-2021-04-29-09-30-02-320x427.jpg,Beyaz Ekmek,Şekerpare
/home/yapbenzet/Desktop/Jean/cnn_food_classification/data/val/Beyaz Ekmek/nyt-up-6968628_recipe-2022-01-26-21-00-11-320x427.jpg,Beyaz Ekmek,Beyaz Ekmek
/home/yapbenzet/Desktop/Jean/cnn_food_classification/data/val/Beyaz Ekmek/nyt-up-6974306_attachment-320x240.jpg,Beyaz Ekmek,Beyaz Ekmek
/home/yapbenzet/Desktop/Jean/cnn_food_classification/data/val/Beyaz Ekmek/nyt-up-6974306_recipe-2020-03-27-15-24-27-320x567.jpg,Beyaz Ekmek,Beyaz Ekmek
/home/yapbenzet/Desktop/Jean/cnn_food_classification/data/val/Beyaz Ekmek/nyt-up-7019776_recipe-2020-04-09-13-46-41-320x427.jpg,Beyaz Ekmek,Pastane Poğaçası
/home/yapbenzet/Desktop/Jean/cnn_food_classification/data/val/Beyaz Ekmek/nyt-up-7019776_recipe-2020-04-15-19-25-49-320x569.jpg,Beyaz Ekmek,Beyaz Ekmek
/home/yapbenzet/Desktop/Jean/cnn_food_classification/data/val/Beyaz Ekmek/nyt-up-7060114_attachment-1-320x240.jpg,Beyaz Ekmek,Beyaz Ekmek
/home/yapbenzet/Desktop/Jean/cnn_food_classification/data/val/Beyaz Ekmek/nyt-up-7060114_recipe-2020-04-04-14-37-27-320x427.jpg,Beyaz Ekmek,Beyaz Ekmek
/home/yapbenzet/Desktop/Jean/cnn_food_classification/data/val/Beyaz Ekmek/nyt-up-7060114_recipe-2020-04-07-14-24-07-320x341.jpg,Beyaz Ekmek,Beyaz Ekmek
/home/yapbenzet/Desktop/Jean/cnn_food_classification/data/val/Beyaz Ekmek/nyt-up-7060114_recipe-2020-04-07-23-02-40-295x640.jpg,Beyaz Ekmek,Beyaz Ekmek
/home/yapbenzet/Desktop/Jean/cnn_food_classification/data/val/Beyaz Ekmek/nyt-up-7060114_recipe-2020-04-10-19-35-11-320x320.jpg,Beyaz Ekmek,Beyaz Ekmek
/home/yapbenzet/Desktop/Jean/cnn_food_classification/data/val/Beyaz Ekmek/nyt_up_2745169_attachment-320x318.jpg,Beyaz Ekmek,Esmer Ekmek
/home/yapbenzet/Desktop/Jean/cnn_food_classification/data/val/Beyaz Ekmek/nyt_up_287963_recipe-2017-02-17-22-22-11-320x569.jpg,Beyaz Ekmek,Beyaz Ekmek
/home/yapbenzet/Desktop/Jean/cnn_food_classification/data/val/Beyaz Ekmek/nyt_up_37698_recipe-2015-08-20-20-57-31-320x427.jpg,Beyaz Ekmek,Beyaz Ekmek
/home/yapbenzet/Desktop/Jean/cnn_food_classification/data/val/Bulgur Pilavı/000001_aug_99.jpg,Bulgur Pilavı,Bulgur Pilavı
/home/yapbenzet/Desktop/Jean/cnn_food_classification/data/val/Bulgur Pilavı/000002.jpg,Bulgur Pilavı,Bulgur Pilavı
/home/yapbenzet/Desktop/Jean/cnn_food_classification/data/val/Bulgur Pilavı/000003.jpg,Bulgur Pilavı,Bulgur Pilavı
/home/yapbenzet/Desktop/Jean/cnn_food_classification/data/val/Bulgur Pilavı/000016.jpg,Bulgur Pilavı,Bulgur Pilavı
/home/yapbenzet/Desktop/Jean/cnn_food_classification/data/val/Bulgur Pilavı/000024.jpg,Bulgur Pilavı,Bulgur Pilavı
/home/yapbenzet/Desktop/Jean/cnn_food_classification/data/val/Bulgur Pilavı/000028.jpg,Bulgur Pilavı,Bulgur Pilavı
/home/yapbenzet/Desktop/Jean/cnn_food_classification/data/val/Bulgur Pilavı/000040.jpg,Bulgur Pilavı,Bulgur Pilavı
/home/yapbenzet/Desktop/Jean/cnn_food_classification/data/val/Bulgur Pilavı/000064.jpg,Bulgur Pilavı,Bulgur Pilavı
/home/yapbenzet/Desktop/Jean/cnn_food_classification/data/val/Bulgur Pilavı/bulgur-pilavi-tarifi-8-320x213.jpg,Bulgur Pilavı,Bulgur Pilavı
/home/yapbenzet/Desktop/Jean/cnn_food_classification/data/val/Bulgur Pilavı/cok-lezzetli-bulgur-pilavi-fotografi-320x213.jpg,Bulgur Pilavı,Bulgur Pilavı
/home/yapbenzet/Desktop/Jean/cnn_food_classification/data/val/Bulgur Pilavı/domatesli-bulgur-pilavi-videolu-320x213.jpg,Bulgur Pilavı,Bulgur Pilavı
/home/yapbenzet/Desktop/Jean/cnn_food_classification/data/val/Bulgur Pilavı/meyhane-pilavi-domatesli-bulgur-pilavi-320x213.jpg,Bulgur Pilavı,Bulgur Pilavı
/home/yapbenzet/Desktop/Jean/cnn_food_classification/data/val/Bulgur Pilavı/nyt-up-181797_attachment-320x240_1.jpg,Bulgur Pilavı,Bulgur Pilavı
/home/yapbenzet/Desktop/Jean/cnn_food_classification/data/val/Bulgur Pilavı/nyt-up-181797_attachment-320x427_7.jpg,Bulgur Pilavı,Bulgur Pilavı
/home/yapbenzet/Desktop/Jean/cnn_food_classification/data/val/Bulgur Pilavı/nyt-up-181797_attachment-320x443.jpg,Bulgur Pilavı,Bulgur Pilavı
/home/yapbenzet/Desktop/Jean/cnn_food_classification/data/val/Bulgur Pilavı/nyt-up-181797_recipe-2019-11-09-16-11-30-320x427.jpg,Bulgur Pilavı,Bulgur Pilavı
/home/yapbenzet/Desktop/Jean/cnn_food_classification/data/val/Bulgur Pilavı/nyt-up-181797_recipe-2020-04-01-23-45-03-320x408.jpg,Bulgur Pilavı,Bulgur Pilavı
/home/yapbenzet/Desktop/Jean/cnn_food_classification/data/val/Bulgur Pilavı/nyt-up-181797_recipe-2020-07-27-23-50-30-320x428.jpg,Bulgur Pilavı,Bulgur Pilavı
/home/yapbenzet/Desktop/Jean/cnn_food_classification/data/val/Bulgur Pilavı/nyt-up-181797_recipe-2021-02-06-12-31-27-320x427.jpg,Bulgur Pilavı,Bulgur Pilavı
/home/yapbenzet/Desktop/Jean/cnn_food_classification/data/val/Bulgur Pilavı/nyt-up-181797_recipe-2021-03-18-23-54-44-320x427.jpg,Bulgur Pilavı,Bulgur Pilavı
/home/yapbenzet/Desktop/Jean/cnn_food_classification/data/val/Bulgur Pilavı/nyt-up-181797_recipe-2021-03-30-20-51-37-320x320.jpg,Bulgur Pilavı,Bulgur Pilavı
/home/yapbenzet/Desktop/Jean/cnn_food_classification/data/val/Bulgur Pilavı/nyt-up-181797_recipe-2021-11-23-16-37-48-320x426.jpg,Bulgur Pilavı,Bulgur Pilavı
/home/yapbenzet/Desktop/Jean/cnn_food_classification/data/val/Bulgur Pilavı/nyt-up-181797_recipe-2022-06-30-17-55-43-320x427.jpg,Bulgur Pilavı,Bulgur Pilavı
/home/yapbenzet/Desktop/Jean/cnn_food_classification/data/val/Bulgur Pilavı/nyt-up-181797_recipe-2024-03-03-17-09-09-320x427.jpg,Bulgur Pilavı,Bulgur Pilavı
/home/yapbenzet/Desktop/Jean/cnn_food_classification/data/val/Bulgur Pilavı/nyt-up-181797_recipe-2024-07-30-19-59-18-296x640.jpg,Bulgur Pilavı,Bulgur Pilavı
/home/yapbenzet/Desktop/Jean/cnn_food_classification/data/val/Bulgur Pilavı/nyt-up-188641_3206035325c5fd5e853929431-320x428.jpg,Bulgur Pilavı,Bulgur Pilavı
/home/yapbenzet/Desktop/Jean/cnn_food_classification/data/val/Bulgur Pilavı/nyt-up-188641_recipe-2020-05-01-20-45-36-320x427.jpg,Bulgur Pilavı,Bulgur Pilavı
/home/yapbenzet/Desktop/Jean/cnn_food_classification/data/val/Bulgur Pilavı/nyt-up-188641_recipe-2022-10-29-15-51-26-320x427.jpg,Bulgur Pilavı,Bulgur Pilavı
/home/yapbenzet/Desktop/Jean/cnn_food_classification/data/val/Bulgur Pilavı/nyt-up-188641_recipe-2023-10-05-15-40-25-320x427.jpg,Bulgur Pilavı,Bulgur Pilavı
/home/yapbenzet/Desktop/Jean/cnn_food_classification/data/val/Bulgur Pilavı/nyt-up-19072_2305fa7d6ca099fb242992289-320x427.jpg,Bulgur Pilavı,Bulgur Pilavı
/home/yapbenzet/Desktop/Jean/cnn_food_classification/data/val/Bulgur Pilavı/nyt-up-19072_attachment-320x427 (2).jpg,Bulgur Pilavı,Pirinç Pilavı
/home/yapbenzet/Desktop/Jean/cnn_food_classification/data/val/Bulgur Pilavı/nyt-up-19072_attachment-320x427_3.jpg,Bulgur Pilavı,Bulgur Pilavı
/home/yapbenzet/Desktop/Jean/cnn_food_classification/data/val/Bulgur Pilavı/nyt-up-19072_recipe-2020-05-03-22-20-58-320x160.jpg,Bulgur Pilavı,Bulgur Pilavı
/home/yapbenzet/Desktop/Jean/cnn_food_classification/data/val/Bulgur Pilavı/nyt-up-34918_attachment-320x427.jpg,Bulgur Pilavı,Börek
/home/yapbenzet/Desktop/Jean/cnn_food_classification/data/val/Bulgur Pilavı/nyt-up-34918_recipe-2023-01-01-17-01-29-320x427.jpg,Bulgur Pilavı,Bulgur Pilavı
/home/yapbenzet/Desktop/Jean/cnn_food_classification/data/val/Bulgur Pilavı/nyt-up-3511254_attachment-320x386.jpg,Bulgur Pilavı,Bulgur Pilavı
/home/yapbenzet/Desktop/Jean/cnn_food_classification/data/val/Bulgur Pilavı/nyt-up-3511254_attachment-320x427_1.jpg,Bulgur Pilavı,Bulgur Pilavı
/home/yapbenzet/Desktop/Jean/cnn_food_classification/data/val/Bulgur Pilavı/nyt-up-3511254_attachment-320x427_2.jpg,Bulgur Pilavı,Bulgur Pilavı
/home/yapbenzet/Desktop/Jean/cnn_food_classification/data/val/Bulgur Pilavı/nyt-up-4138978_attachment-320x240.jpg,Bulgur Pilavı,Bulgur Pilavı
/home/yapbenzet/Desktop/Jean/cnn_food_classification/data/val/Bulgur Pilavı/nyt-up-4138978_attachment-320x427_1.jpg,Bulgur Pilavı,Bulgur Pilavı
/home/yapbenzet/Desktop/Jean/cnn_food_classification/data/val/Bulgur Pilavı/nyt-up-4138978_recipe-2024-03-31-03-27-15-320x427.jpg,Bulgur Pilavı,Bulgur Pilavı
/home/yapbenzet/Desktop/Jean/cnn_food_classification/data/val/Bulgur Pilavı/nyt-up-45208_attachment-320x427_1.jpg,Bulgur Pilavı,Bulgur Pilavı
/home/yapbenzet/Desktop/Jean/cnn_food_classification/data/val/Bulgur Pilavı/nyt-up-45208_recipe-2020-11-16-15-22-45-320x240.jpg,Bulgur Pilavı,Bulgur Pilavı
/home/yapbenzet/Desktop/Jean/cnn_food_classification/data/val/Bulgur Pilavı/nyt-up-552430_attachment-320x427.jpg,Bulgur Pilavı,Bulgur Pilavı
/home/yapbenzet/Desktop/Jean/cnn_food_classification/data/val/Bulgur Pilavı/nyt-up-552430_attachment-320x427_12.jpg,Bulgur Pilavı,Bulgur Pilavı
/home/yapbenzet/Desktop/Jean/cnn_food_classification/data/val/Bulgur Pilavı/nyt-up-552430_attachment-320x427_15.jpg,Bulgur Pilavı,Bulgur Pilavı
/home/yapbenzet/Desktop/Jean/cnn_food_classification/data/val/Bulgur Pilavı/nyt-up-552430_attachment-320x427_2.jpg,Bulgur Pilavı,Künefe
/home/yapbenzet/Desktop/Jean/cnn_food_classification/data/val/Bulgur Pilavı/nyt-up-552430_attachment-320x427_3.jpg,Bulgur Pilavı,Bulgur Pilavı
/home/yapbenzet/Desktop/Jean/cnn_food_classification/data/val/Bulgur Pilavı/nyt-up-552430_attachment-320x569_1.jpg,Bulgur Pilavı,Bulgur Pilavı
/home/yapbenzet/Desktop/Jean/cnn_food_classification/data/val/Bulgur Pilavı/nyt-up-552430_recipe-2020-08-28-12-56-14-320x317.jpg,Bulgur Pilavı,Bulgur Pilavı
/home/yapbenzet/Desktop/Jean/cnn_food_classification/data/val/Bulgur Pilavı/nyt-up-552430_recipe-2021-01-12-13-53-32-320x427.jpg,Bulgur Pilavı,Bulgur Pilavı
/home/yapbenzet/Desktop/Jean/cnn_food_classification/data/val/Bulgur Pilavı/nyt-up-552430_recipe-2021-05-27-18-56-28-320x427.jpg,Bulgur Pilavı,Bulgur Pilavı
/home/yapbenzet/Desktop/Jean/cnn_food_classification/data/val/Bulgur Pilavı/nyt-up-552430_recipe-2021-06-30-10-03-45-320x240.jpg,Bulgur Pilavı,Bulgur Pilavı
/home/yapbenzet/Desktop/Jean/cnn_food_classification/data/val/Bulgur Pilavı/nyt-up-552430_recipe-2022-01-21-10-49-21-288x640.jpg,Bulgur Pilavı,Bulgur Pilavı
/home/yapbenzet/Desktop/Jean/cnn_food_classification/data/val/Bulgur Pilavı/nyt-up-552430_recipe-2023-08-01-14-10-35-e1690889423911-320x180.jpg,Bulgur Pilavı,Bulgur Pilavı
/home/yapbenzet/Desktop/Jean/cnn_food_classification/data/val/Bulgur Pilavı/nyt-up-65439_attachment-320x427.jpg,Bulgur Pilavı,Bulgur Pilavı
/home/yapbenzet/Desktop/Jean/cnn_food_classification/data/val/Bulgur Pilavı/nyt-up-65439_recipe-2019-10-03-15-46-57-320x427.jpg,Bulgur Pilavı,Bulgur Pilavı
/home/yapbenzet/Desktop/Jean/cnn_food_classification/data/val/Bulgur Pilavı/nyt-up-65439_recipe-2021-03-30-20-45-46-320x427.jpg,Bulgur Pilavı,Bulgur Pilavı
/home/yapbenzet/Desktop/Jean/cnn_food_classification/data/val/Bulgur Pilavı/nyt-up-69200_recipe-2023-02-16-08-53-54-320x427.jpg,Bulgur Pilavı,Bulgur Pilavı
/home/yapbenzet/Desktop/Jean/cnn_food_classification/data/val/Bulgur Pilavı/nyt-up-6940260_attachment-320x427.jpg,Bulgur Pilavı,Bulgur Pilavı
/home/yapbenzet/Desktop/Jean/cnn_food_classification/data/val/Bulgur Pilavı/nyt-up-6940260_recipe-2020-03-18-15-04-10-320x569.jpg,Bulgur Pilavı,Bulgur Pilavı
/home/yapbenzet/Desktop/Jean/cnn_food_classification/data/val/Bulgur Pilavı/nyt-up-6940260_recipe-2020-05-05-21-15-58-320x427.jpg,Bulgur Pilavı,Bulgur Pilavı
/home/yapbenzet/Desktop/Jean/cnn_food_classification/data/val/Bulgur Pilavı/nyt-up-6940260_recipe-2020-05-05-21-16-49-320x240.jpg,Bulgur Pilavı,Bulgur Pilavı
/home/yapbenzet/Desktop/Jean/cnn_food_classification/data/val/Bulgur Pilavı/nyt-up-70975_attachment-320x427.jpg,Bulgur Pilavı,Bulgur Pilavı
/home/yapbenzet/Desktop/Jean/cnn_food_classification/data/val/Bulgur Pilavı/nyt-up-7231601_attachment-320x427_1.jpg,Bulgur Pilavı,Bulgur Pilavı
/home/yapbenzet/Desktop/Jean/cnn_food_classification/data/val/Bulgur Pilavı/nyt-up-7231601_attachment-e1639504813369-320x240.jpg,Bulgur Pilavı,Bulgur Pilavı
/home/yapbenzet/Desktop/Jean/cnn_food_classification/data/val/Bulgur Pilavı/nyt-up-7231601_recipe-2020-04-21-04-38-42-320x568.jpg,Bulgur Pilavı,Bulgur Pilavı
/home/yapbenzet/Desktop/Jean/cnn_food_classification/data/val/Bulgur Pilavı/nyt-up-7287226_recipe-2022-12-02-14-03-55-320x427.jpg,Bulgur Pilavı,Bulgur Pilavı
/home/yapbenzet/Desktop/Jean/cnn_food_classification/data/val/Bulgur Pilavı/nyt-up-7287226_recipe-2023-10-16-15-58-10-320x427.jpg,Bulgur Pilavı,Bulgur Pilavı
/home/yapbenzet/Desktop/Jean/cnn_food_classification/data/val/Bulgur Pilavı/nyt-up-919_862166572d396d729681085-320x180.jpg,Bulgur Pilavı,Bulgur Pilavı
/home/yapbenzet/Desktop/Jean/cnn_food_classification/data/val/Bulgur Pilavı/nyt_up_143686_attachment-320x427_1.jpg,Bulgur Pilavı,Bulgur Pilavı
/home/yapbenzet/Desktop/Jean/cnn_food_classification/data/val/Bulgur Pilavı/nyt_up_181797_attachment-1-320x427.jpg,Bulgur Pilavı,Bulgur Pilavı
/home/yapbenzet/Desktop/Jean/cnn_food_classification/data/val/Bulgur Pilavı/nyt_up_181797_attachment-320x347.jpg,Bulgur Pilavı,Bulgur Pilavı
/home/yapbenzet/Desktop/Jean/cnn_food_classification/data/val/Bulgur Pilavı/nyt_up_181797_attachment-320x427_10.jpg,Bulgur Pilavı,Bulgur Pilavı
/home/yapbenzet/Desktop/Jean/cnn_food_classification/data/val/Bulgur Pilavı/nyt_up_181797_recipe-2017-03-25-16-34-52-320x569.jpg,Bulgur Pilavı,Bulgur Pilavı
/home/yapbenzet/Desktop/Jean/cnn_food_classification/data/val/Bulgur Pilavı/nyt_up_181797_recipe-2017-06-17-20-02-43-320x427.jpg,Bulgur Pilavı,Kısır
/home/yapbenzet/Desktop/Jean/cnn_food_classification/data/val/Bulgur Pilavı/nyt_up_181797_recipe-2017-09-24-15-28-38-320x569.jpg,Bulgur Pilavı,Bulgur Pilavı
/home/yapbenzet/Desktop/Jean/cnn_food_classification/data/val/Bulgur Pilavı/nyt_up_181797_recipe-2018-04-03-14-35-58-320x427.jpg,Bulgur Pilavı,Bulgur Pilavı
/home/yapbenzet/Desktop/Jean/cnn_food_classification/data/val/Bulgur Pilavı/nyt_up_188641_attachment-320x320.jpg,Bulgur Pilavı,Bulgur Pilavı
/home/yapbenzet/Desktop/Jean/cnn_food_classification/data/val/Bulgur Pilavı/nyt_up_188641_nyt-up-188641-mercimeklibulgur-320x240.jpg,Bulgur Pilavı,Bulgur Pilavı
/home/yapbenzet/Desktop/Jean/cnn_food_classification/data/val/Bulgur Pilavı/nyt_up_188641_recipe-2015-02-05-17-12-451-240x320.jpg,Bulgur Pilavı,Köfte
/home/yapbenzet/Desktop/Jean/cnn_food_classification/data/val/Bulgur Pilavı/nyt_up_188641_recipe-2017-02-23-22-14-31-320x427.jpg,Bulgur Pilavı,Bulgur Pilavı
/home/yapbenzet/Desktop/Jean/cnn_food_classification/data/val/Bulgur Pilavı/nyt_up_19072_recipe-2018-04-03-18-01-03-320x568.jpg,Bulgur Pilavı,Menemen
/home/yapbenzet/Desktop/Jean/cnn_food_classification/data/val/Bulgur Pilavı/nyt_up_250725_attachment-320x240.jpg,Bulgur Pilavı,Bulgur Pilavı
/home/yapbenzet/Desktop/Jean/cnn_food_classification/data/val/Bulgur Pilavı/nyt_up_250725_recipe-2015-03-10-16-50-02-320x427.jpg,Bulgur Pilavı,Bulgur Pilavı
/home/yapbenzet/Desktop/Jean/cnn_food_classification/data/val/Bulgur Pilavı/nyt_up_250725_recipe-2018-11-14-19-45-14-320x640.jpg,Bulgur Pilavı,Bulgur Pilavı
/home/yapbenzet/Desktop/Jean/cnn_food_classification/data/val/Bulgur Pilavı/nyt_up_39152_recipe-2015-05-23-23-11-38-320x180.jpg,Bulgur Pilavı,Bulgur Pilavı
/home/yapbenzet/Desktop/Jean/cnn_food_classification/data/val/Bulgur Pilavı/nyt_up_39152_recipe-2017-05-01-19-32-26-320x427.jpg,Bulgur Pilavı,Bulgur Pilavı
/home/yapbenzet/Desktop/Jean/cnn_food_classification/data/val/Bulgur Pilavı/nyt_up_4159466_recipe-2018-10-26-21-53-23-320x427.jpg,Bulgur Pilavı,Bulgur Pilavı
/home/yapbenzet/Desktop/Jean/cnn_food_classification/data/val/Bulgur Pilavı/nyt_up_45208_attachment-320x320.jpg,Bulgur Pilavı,Bulgur Pilavı
/home/yapbenzet/Desktop/Jean/cnn_food_classification/data/val/Bulgur Pilavı/nyt_up_45208_attachment-320x427_3.jpg,Bulgur Pilavı,Bulgur Pilavı
/home/yapbenzet/Desktop/Jean/cnn_food_classification/data/val/Bulgur Pilavı/nyt_up_45208_recipe-2016-10-23-19-08-42-320x427.jpg,Bulgur Pilavı,Mercimek Çorbası
/home/yapbenzet/Desktop/Jean/cnn_food_classification/data/val/Bulgur Pilavı/nyt_up_45208_recipe-2017-06-06-09-01-37-320x569.jpg,Bulgur Pilavı,Bulgur Pilavı
/home/yapbenzet/Desktop/Jean/cnn_food_classification/data/val/Bulgur Pilavı/nyt_up_45208_recipe-2017-07-14-21-31-20-320x427.jpg,Bulgur Pilavı,Bulgur Pilavı
/home/yapbenzet/Desktop/Jean/cnn_food_classification/data/val/Bulgur Pilavı/nyt_up_552430_attachment-320x427_2.jpg,Bulgur Pilavı,Bulgur Pilavı
/home/yapbenzet/Desktop/Jean/cnn_food_classification/data/val/Bulgur Pilavı/nyt_up_552430_attachment-320x427_9.jpg,Bulgur Pilavı,Bulgur Pilavı
/home/yapbenzet/Desktop/Jean/cnn_food_classification/data/val/Bulgur Pilavı/nyt_up_552430_recipe-2015-06-08-16-06-07-320x427.jpg,Bulgur Pilavı,Bulgur Pilavı
/home/yapbenzet/Desktop/Jean/cnn_food_classification/data/val/Bulgur Pilavı/nyt_up_552430_recipe-2017-01-27-18-15-10-320x327.jpg,Bulgur Pilavı,Bulgur Pilavı
/home/yapbenzet/Desktop/Jean/cnn_food_classification/data/val/Bulgur Pilavı/nyt_up_552430_recipe-2018-07-15-20-11-53-320x569.jpg,Bulgur Pilavı,Kısır
/home/yapbenzet/Desktop/Jean/cnn_food_classification/data/val/Bulgur Pilavı/nyt_up_65439_attachment-320x427_1.jpg,Bulgur Pilavı,Kadayıf
/home/yapbenzet/Desktop/Jean/cnn_food_classification/data/val/Bulgur Pilavı/nyt_up_65439_attachment-320x427_2.jpg,Bulgur Pilavı,Şakşuka
/home/yapbenzet/Desktop/Jean/cnn_food_classification/data/val/Bulgur Pilavı/nyt_up_65439_attachment-320x427_5.jpg,Bulgur Pilavı,Bulgur Pilavı
/home/yapbenzet/Desktop/Jean/cnn_food_classification/data/val/Bulgur Pilavı/nyt_up_65439_recipe-2015-02-28-18-25-44-180x320.jpg,Bulgur Pilavı,Bulgur Pilavı
/home/yapbenzet/Desktop/Jean/cnn_food_classification/data/val/Bulgur Pilavı/nyt_up_65439_recipe-2016-10-11-20-25-35-320x180.jpg,Bulgur Pilavı,Bulgur Pilavı
/home/yapbenzet/Desktop/Jean/cnn_food_classification/data/val/Bulgur Pilavı/nyt_up_65439_recipe-2017-08-03-17-01-02-320x240.jpg,Bulgur Pilavı,Bulgur Pilavı
/home/yapbenzet/Desktop/Jean/cnn_food_classification/data/val/Bulgur Pilavı/nyt_up_919_attachment-320x240_3.jpg,Bulgur Pilavı,Bulgur Pilavı
/home/yapbenzet/Desktop/Jean/cnn_food_classification/data/val/Börek/nyt-up-17814_attachment-320x205.jpg,Börek,Börek
/home/yapbenzet/Desktop/Jean/cnn_food_classification/data/val/Börek/nyt-up-17814_attachment-320x427_13.jpg,Börek,Börek
/home/yapbenzet/Desktop/Jean/cnn_food_classification/data/val/Börek/nyt-up-17814_attachment-320x427_35.jpg,Börek,Börek
/home/yapbenzet/Desktop/Jean/cnn_food_classification/data/val/Börek/nyt-up-17814_recipe-2020-04-04-01-49-55-320x427.jpg,Börek,Börek
/home/yapbenzet/Desktop/Jean/cnn_food_classification/data/val/Börek/nyt-up-17814_recipe-2020-04-07-15-18-57-320x240.jpg,Börek,Börek
/home/yapbenzet/Desktop/Jean/cnn_food_classification/data/val/Börek/nyt-up-17814_recipe-2020-04-20-22-52-50-320x420.jpg,Börek,Börek
/home/yapbenzet/Desktop/Jean/cnn_food_classification/data/val/Börek/nyt-up-17814_recipe-2020-05-18-16-09-40-320x240.jpg,Börek,Börek
/home/yapbenzet/Desktop/Jean/cnn_food_classification/data/val/Börek/nyt-up-17814_recipe-2020-07-15-17-21-27-320x427.jpg,Börek,Börek
/home/yapbenzet/Desktop/Jean/cnn_food_classification/data/val/Börek/nyt-up-17814_recipe-2020-11-06-10-20-07-320x518.jpg,Börek,Börek
/home/yapbenzet/Desktop/Jean/cnn_food_classification/data/val/Börek/nyt-up-17814_recipe-2021-01-14-14-41-51-320x240.jpg,Börek,Börek
/home/yapbenzet/Desktop/Jean/cnn_food_classification/data/val/Börek/nyt-up-17814_recipe-2021-01-17-18-30-35-320x427.jpg,Börek,Börek
/home/yapbenzet/Desktop/Jean/cnn_food_classification/data/val/Börek/nyt-up-17814_recipe-2021-04-12-23-06-31-320x427.jpg,Börek,Börek
/home/yapbenzet/Desktop/Jean/cnn_food_classification/data/val/Börek/nyt-up-17814_recipe-2021-05-07-23-07-11-320x569.jpg,Börek,Börek
/home/yapbenzet/Desktop/Jean/cnn_food_classification/data/val/Börek/nyt-up-17814_recipe-2021-05-23-19-29-22-320x427.jpg,Börek,Börek
/home/yapbenzet/Desktop/Jean/cnn_food_classification/data/val/Börek/nyt-up-17814_recipe-2021-08-14-18-25-15-320x240.jpg,Börek,Börek
/home/yapbenzet/Desktop/Jean/cnn_food_classification/data/val/Börek/nyt-up-17814_recipe-2021-08-27-16-19-50-320x569.jpg,Börek,Börek
/home/yapbenzet/Desktop/Jean/cnn_food_classification/data/val/Börek/nyt-up-17814_recipe-2021-09-01-03-11-07-320x144.jpg,Börek,Baklava
/home/yapbenzet/Desktop/Jean/cnn_food_classification/data/val/Börek/nyt-up-17814_recipe-2021-09-01-18-43-11-320x568.jpg,Börek,Börek
/home/yapbenzet/Desktop/Jean/cnn_food_classification/data/val/Börek/nyt-up-17814_recipe-2021-09-24-16-33-06-320x180.jpg,Börek,Börek
/home/yapbenzet/Desktop/Jean/cnn_food_classification/data/val/Börek/nyt-up-17814_recipe-2021-10-02-17-35-45-320x427.jpg,Börek,Börek
/home/yapbenzet/Desktop/Jean/cnn_food_classification/data/val/Börek/nyt-up-17814_recipe-2021-10-22-19-09-10-320x426.jpg,Börek,Börek
/home/yapbenzet/Desktop/Jean/cnn_food_classification/data/val/Börek/nyt-up-17814_recipe-2021-11-06-00-04-04-320x240.jpg,Börek,Börek
/home/yapbenzet/Desktop/Jean/cnn_food_classification/data/val/Börek/nyt-up-17814_recipe-2021-12-12-11-04-07-320x427.jpg,Börek,Börek
/home/yapbenzet/Desktop/Jean/cnn_food_classification/data/val/Börek/nyt-up-17814_recipe-2022-03-13-19-40-43-e1647191038371-296x640.jpg,Börek,Börek
/home/yapbenzet/Desktop/Jean/cnn_food_classification/data/val/Börek/nyt-up-17814_recipe-2022-05-18-09-14-37-320x427.jpg,Börek,Börek
/home/yapbenzet/Desktop/Jean/cnn_food_classification/data/val/Börek/nyt-up-17814_recipe-2022-06-10-02-54-31-320x144.jpg,Börek,Börek
/home/yapbenzet/Desktop/Jean/cnn_food_classification/data/val/Börek/nyt-up-17814_recipe-2022-12-11-19-53-16-320x320.jpg,Börek,Börek
/home/yapbenzet/Desktop/Jean/cnn_food_classification/data/val/Börek/nyt-up-17814_recipe-2023-04-15-20-22-30-320x427.jpg,Börek,Börek
/home/yapbenzet/Desktop/Jean/cnn_food_classification/data/val/Börek/nyt-up-17814_recipe-2023-04-29-22-56-52-320x374.jpg,Börek,Börek
/home/yapbenzet/Desktop/Jean/cnn_food_classification/data/val/Börek/nyt-up-17814_recipe-2023-04-30-14-53-26-320x427.jpg,Börek,Börek
/home/yapbenzet/Desktop/Jean/cnn_food_classification/data/val/Börek/nyt-up-17814_recipe-2023-07-17-12-48-29-320x427.jpg,Börek,Börek
/home/yapbenzet/Desktop/Jean/cnn_food_classification/data/val/Börek/nyt-up-17814_recipe-2023-09-19-15-59-02-320x427.jpg,Börek,Börek
/home/yapbenzet/Desktop/Jean/cnn_food_classification/data/val/Börek/nyt-up-17814_recipe-2023-10-09-11-00-20-320x568.jpg,Börek,Börek
/home/yapbenzet/Desktop/Jean/cnn_food_classification/data/val/Börek/nyt-up-17814_recipe-2024-05-07-16-49-46-320x144.jpg,Börek,Börek
/home/yapbenzet/Desktop/Jean/cnn_food_classification/data/val/Börek/nyt-up-17814_recipe-2025-01-29-11-42-07-288x640.jpg,Börek,Börek
/home/yapbenzet/Desktop/Jean/cnn_food_classification/data/val/Börek/nyt-up-192898_125663151644f838073880316-scaled-e1714587941963-320x241.jpg,Börek,Börek
/home/yapbenzet/Desktop/Jean/cnn_food_classification/data/val/Börek/nyt-up-192898_3586560c46deebe0025152034-320x427.jpeg,Börek,Börek
/home/yapbenzet/Desktop/Jean/cnn_food_classification/data/val/Börek/nyt-up-192898_attachment-2-320x427.jpg,Börek,Börek
/home/yapbenzet/Desktop/Jean/cnn_food_classification/data/val/Börek/nyt-up-192898_attachment-320x240_3.jpg,Börek,Börek
/home/yapbenzet/Desktop/Jean/cnn_food_classification/data/val/Börek/nyt-up-192898_attachment-320x240_7.jpg,Börek,Börek
/home/yapbenzet/Desktop/Jean/cnn_food_classification/data/val/Börek/nyt-up-192898_attachment-320x310.jpg,Börek,Börek
/home/yapbenzet/Desktop/Jean/cnn_food_classification/data/val/Börek/nyt-up-192898_attachment-320x427_10.jpg,Börek,Börek
/home/yapbenzet/Desktop/Jean/cnn_food_classification/data/val/Börek/nyt-up-192898_attachment-320x427_16.jpg,Börek,Mısır Ekmeği
/home/yapbenzet/Desktop/Jean/cnn_food_classification/data/val/Börek/nyt-up-192898_attachment-320x427_19.jpg,Börek,Börek
/home/yapbenzet/Desktop/Jean/cnn_food_classification/data/val/Börek/nyt-up-192898_attachment-320x427_20.jpg,Börek,Börek
/home/yapbenzet/Desktop/Jean/cnn_food_classification/data/val/Börek/nyt-up-192898_attachment-320x427_25.jpg,Börek,Börek
/home/yapbenzet/Desktop/Jean/cnn_food_classification/data/val/Börek/nyt-up-192898_attachment-320x427_34.jpg,Börek,Baklava
/home/yapbenzet/Desktop/Jean/cnn_food_classification/data/val/Börek/nyt-up-192898_attachment-320x427_35.jpg,Börek,Börek
/home/yapbenzet/Desktop/Jean/cnn_food_classification/data/val/Börek/nyt-up-192898_attachment-320x427_8.jpg,Börek,Börek
/home/yapbenzet/Desktop/Jean/cnn_food_classification/data/val/Börek/nyt-up-192898_attachment-320x569_1.jpg,Börek,Künefe
/home/yapbenzet/Desktop/Jean/cnn_food_classification/data/val/Börek/nyt-up-192898_attachment-320x569_2.jpg,Börek,Börek
/home/yapbenzet/Desktop/Jean/cnn_food_classification/data/val/Börek/nyt-up-192898_recipe-2019-09-29-20-25-42-320x427.jpg,Börek,Börek
/home/yapbenzet/Desktop/Jean/cnn_food_classification/data/val/Börek/nyt-up-192898_recipe-2019-11-26-19-21-12-320x240.jpg,Börek,Börek
/home/yapbenzet/Desktop/Jean/cnn_food_classification/data/val/Börek/nyt-up-192898_recipe-2020-03-12-10-30-47-320x180.jpg,Börek,Börek
/home/yapbenzet/Desktop/Jean/cnn_food_classification/data/val/Börek/nyt-up-192898_recipe-2020-03-19-14-41-56-320x427.jpg,Börek,Börek
/home/yapbenzet/Desktop/Jean/cnn_food_classification/data/val/Börek/nyt-up-192898_recipe-2020-04-09-02-09-40-320x569.jpg,Börek,Börek
/home/yapbenzet/Desktop/Jean/cnn_food_classification/data/val/Börek/nyt-up-192898_recipe-2020-04-23-19-10-35-320x180.jpg,Börek,Börek
/home/yapbenzet/Desktop/Jean/cnn_food_classification/data/val/Börek/nyt-up-192898_recipe-2020-04-24-19-45-35-320x568.jpg,Börek,Börek
/home/yapbenzet/Desktop/Jean/cnn_food_classification/data/val/Börek/nyt-up-192898_recipe-2020-05-05-23-24-47-320x240.jpg,Börek,Börek
/home/yapbenzet/Desktop/Jean/cnn_food_classification/data/val/Börek/nyt-up-192898_recipe-2020-05-31-13-12-34-320x569.jpg,Börek,Börek
/home/yapbenzet/Desktop/Jean/cnn_food_classification/data/val/Börek/nyt-up-192898_recipe-2020-06-15-02-24-18-320x240.jpg,Börek,Börek
/home/yapbenzet/Desktop/Jean/cnn_food_classification/data/val/Börek/nyt-up-192898_recipe-2020-07-19-19-58-46-320x569.jpg,Börek,Baklava
/home/yapbenzet/Desktop/Jean/cnn_food_classification/data/val/Börek/nyt-up-192898_recipe-2020-07-23-19-54-46-320x427.jpg,Börek,Börek
/home/yapbenzet/Desktop/Jean/cnn_food_classification/data/val/Börek/nyt-up-192898_recipe-2020-08-19-12-54-23-320x569.jpg,Börek,Börek
/home/yapbenzet/Desktop/Jean/cnn_food_classification/data/val/Börek/nyt-up-192898_recipe-2020-12-11-09-58-50-320x180.jpg,Börek,Börek
/home/yapbenzet/Desktop/Jean/cnn_food_classification/data/val/Börek/nyt-up-192898_recipe-2021-05-03-23-55-43-320x426.jpg,Börek,Baklava
/home/yapbenzet/Desktop/Jean/cnn_food_classification/data/val/Börek/nyt-up-192898_recipe-2021-05-10-16-02-43-320x428.jpg,Börek,Börek
/home/yapbenzet/Desktop/Jean/cnn_food_classification/data/val/Börek/nyt-up-192898_recipe-2021-06-07-13-22-58-320x180.jpg,Börek,Börek
/home/yapbenzet/Desktop/Jean/cnn_food_classification/data/val/Börek/nyt-up-192898_recipe-2021-08-19-16-57-12-320x427.jpg,Börek,Börek
/home/yapbenzet/Desktop/Jean/cnn_food_classification/data/val/Börek/nyt-up-192898_recipe-2021-12-20-17-15-48-320x427.jpg,Börek,Menemen
/home/yapbenzet/Desktop/Jean/cnn_food_classification/data/val/Börek/nyt-up-192898_recipe-2021-12-30-18-22-55-320x427.jpg,Börek,Gözleme
/home/yapbenzet/Desktop/Jean/cnn_food_classification/data/val/Börek/nyt-up-192898_recipe-2022-04-17-18-12-47-320x427.jpg,Börek,Börek
/home/yapbenzet/Desktop/Jean/cnn_food_classification/data/val/Börek/nyt-up-192898_recipe-2022-07-15-08-21-36-e1657898005967-320x180.jpg,Börek,Börek
/home/yapbenzet/Desktop/Jean/cnn_food_classification/data/val/Börek/nyt-up-192898_recipe-2022-08-26-11-55-00-320x568.jpg,Börek,Mısır Ekmeği
/home/yapbenzet/Desktop/Jean/cnn_food_classification/data/val/Börek/nyt-up-192898_recipe-2023-01-03-00-52-46-320x427.jpg,Börek,Börek
/home/yapbenzet/Desktop/Jean/cnn_food_classification/data/val/Börek/nyt-up-192898_recipe-2023-03-15-15-23-49-320x389.jpg,Börek,Börek
/home/yapbenzet/Desktop/Jean/cnn_food_classification/data/val/Börek/nyt-up-192898_recipe-2023-04-03-20-20-10-296x640.jpg,Börek,Börek
/home/yapbenzet/Desktop/Jean/cnn_food_classification/data/val/Börek/nyt-up-192898_recipe-2023-04-18-16-26-41-320x427.jpg,Börek,Börek
/home/yapbenzet/Desktop/Jean/cnn_food_classification/data/val/Börek/nyt-up-192898_recipe-2024-10-14-09-26-00-320x427.jpg,Börek,Börek
/home/yapbenzet/Desktop/Jean/cnn_food_classification/data/val/Börek/nyt-up-245949_4405ec43ea86098e285954284-320x567.jpg,Börek,Börek
/home/yapbenzet/Desktop/Jean/cnn_food_classification/data/val/Börek/nyt-up-245949_attachment-320x240_3.jpg,Börek,Börek
/home/yapbenzet/Desktop/Jean/cnn_food_classification/data/val/Börek/nyt-up-245949_attachment-320x427_7.jpg,Börek,Börek
/home/yapbenzet/Desktop/Jean/cnn_food_classification/data/val/Börek/nyt-up-245949_attachment-e1571423501346-320x427.jpg,Börek,Börek
/home/yapbenzet/Desktop/Jean/cnn_food_classification/data/val/Börek/nyt-up-245949_recipe-2019-09-24-11-12-02-320x427.jpg,Börek,Börek
/home/yapbenzet/Desktop/Jean/cnn_food_classification/data/val/Börek/nyt-up-245949_recipe-2019-10-30-18-35-57-320x427.jpg,Börek,Börek
/home/yapbenzet/Desktop/Jean/cnn_food_classification/data/val/Börek/nyt-up-245949_recipe-2020-05-26-20-10-05-320x569.jpg,Börek,Börek
/home/yapbenzet/Desktop/Jean/cnn_food_classification/data/val/Börek/nyt-up-245949_recipe-2020-06-02-19-26-40-320x505.jpg,Börek,Börek
/home/yapbenzet/Desktop/Jean/cnn_food_classification/data/val/Börek/nyt-up-245949_recipe-2020-10-23-18-58-57-320x569.jpg,Börek,Börek
/home/yapbenzet/Desktop/Jean/cnn_food_classification/data/val/Börek/nyt-up-245949_recipe-2021-08-03-11-52-46-320x144.jpg,Börek,Börek
/home/yapbenzet/Desktop/Jean/cnn_food_classification/data/val/Börek/nyt-up-245949_recipe-2021-10-01-20-25-09-320x427.jpg,Börek,Pide
/home/yapbenzet/Desktop/Jean/cnn_food_classification/data/val/Börek/nyt-up-245949_recipe-2022-05-17-09-05-18-320x427.jpg,Börek,Börek
/home/yapbenzet/Desktop/Jean/cnn_food_classification/data/val/Börek/nyt-up-245949_recipe-2025-01-31-20-43-27-320x425.jpg,Börek,Börek
/home/yapbenzet/Desktop/Jean/cnn_food_classification/data/val/Börek/nyt-up-258758_5505ea31e2d33edf565288877-320x569.jpeg,Börek,Börek
/home/yapbenzet/Desktop/Jean/cnn_food_classification/data/val/Börek/nyt-up-258758_6005e8f37d019952602278885-320x240.jpg,Börek,Börek
/home/yapbenzet/Desktop/Jean/cnn_food_classification/data/val/Börek/nyt-up-258758_9366313711e112b1116706924-320x427.jpg,Börek,Börek
/home/yapbenzet/Desktop/Jean/cnn_food_classification/data/val/Börek/nyt-up-258758_9665ecc29c9a22d0527783351-320x427.jpeg,Börek,Börek
/home/yapbenzet/Desktop/Jean/cnn_food_classification/data/val/Börek/nyt-up-258758_970607767695bacc582240255-320x427.jpg,Börek,Börek
/home/yapbenzet/Desktop/Jean/cnn_food_classification/data/val/Börek/nyt-up-258758_attachment-1-320x427_4.jpg,Börek,Börek
/home/yapbenzet/Desktop/Jean/cnn_food_classification/data/val/Börek/nyt-up-258758_attachment-320x427_12.jpg,Börek,Börek
/home/yapbenzet/Desktop/Jean/cnn_food_classification/data/val/Börek/nyt-up-258758_attachment-320x427_19.jpg,Börek,Börek
/home/yapbenzet/Desktop/Jean/cnn_food_classification/data/val/Börek/nyt-up-258758_attachment-320x427_25.jpg,Börek,Börek
/home/yapbenzet/Desktop/Jean/cnn_food_classification/data/val/Börek/nyt-up-258758_attachment-320x427_30.jpg,Börek,Börek
/home/yapbenzet/Desktop/Jean/cnn_food_classification/data/val/Börek/nyt-up-258758_attachment-320x427_35.jpg,Börek,Börek
/home/yapbenzet/Desktop/Jean/cnn_food_classification/data/val/Börek/nyt-up-258758_attachment-320x427_40.jpg,Börek,Börek
/home/yapbenzet/Desktop/Jean/cnn_food_classification/data/val/Börek/nyt-up-258758_attachment-320x427_47.jpg,Börek,Börek
/home/yapbenzet/Desktop/Jean/cnn_food_classification/data/val/Börek/nyt-up-258758_attachment-320x427_54.jpg,Börek,Börek
/home/yapbenzet/Desktop/Jean/cnn_food_classification/data/val/Börek/nyt-up-258758_attachment-320x427_55.jpg,Börek,Börek
/home/yapbenzet/Desktop/Jean/cnn_food_classification/data/val/Börek/nyt-up-258758_attachment-320x427_6.jpg,Börek,Börek
/home/yapbenzet/Desktop/Jean/cnn_food_classification/data/val/Börek/nyt-up-258758_attachment-320x427_8.jpg,Börek,Börek
/home/yapbenzet/Desktop/Jean/cnn_food_classification/data/val/Börek/nyt-up-258758_attachment-320x427_9.jpg,Börek,Börek
/home/yapbenzet/Desktop/Jean/cnn_food_classification/data/val/Börek/nyt-up-258758_attachment-320x568_2.jpg,Börek,Börek
/home/yapbenzet/Desktop/Jean/cnn_food_classification/data/val/Börek/nyt-up-258758_attachment-320x569_4.jpg,Börek,Börek
/home/yapbenzet/Desktop/Jean/cnn_food_classification/data/val/Börek/nyt-up-258758_attachment-320x569_5.jpg,Börek,Börek
/home/yapbenzet/Desktop/Jean/cnn_food_classification/data/val/Börek/nyt-up-258758_recipe-2019-04-16-14-55-37-320x427.jpg,Börek,Börek
/home/yapbenzet/Desktop/Jean/cnn_food_classification/data/val/Börek/nyt-up-258758_recipe-2019-05-10-22-23-55-320x427.jpg,Börek,Börek
/home/yapbenzet/Desktop/Jean/cnn_food_classification/data/val/Börek/nyt-up-258758_recipe-2019-06-09-18-20-45-320x180.jpg,Börek,Börek
/home/yapbenzet/Desktop/Jean/cnn_food_classification/data/val/Börek/nyt-up-258758_recipe-2020-02-21-13-11-26-320x180.jpg,Börek,Börek
/home/yapbenzet/Desktop/Jean/cnn_food_classification/data/val/Börek/nyt-up-258758_recipe-2020-03-24-23-15-37-320x568.jpg,Börek,Börek
/home/yapbenzet/Desktop/Jean/cnn_food_classification/data/val/Börek/nyt-up-258758_recipe-2020-04-15-20-57-56-320x240.jpg,Börek,Börek
/home/yapbenzet/Desktop/Jean/cnn_food_classification/data/val/Börek/nyt-up-258758_recipe-2020-04-23-22-06-10-320x427.jpg,Börek,Börek
/home/yapbenzet/Desktop/Jean/cnn_food_classification/data/val/Börek/nyt-up-258758_recipe-2020-05-11-18-46-25-320x427.jpg,Börek,Börek
/home/yapbenzet/Desktop/Jean/cnn_food_classification/data/val/Börek/nyt-up-258758_recipe-2020-05-16-17-39-08-320x319.jpg,Börek,Börek
/home/yapbenzet/Desktop/Jean/cnn_food_classification/data/val/Börek/nyt-up-258758_recipe-2020-05-25-02-26-00-320x340.jpg,Börek,Börek
/home/yapbenzet/Desktop/Jean/cnn_food_classification/data/val/Börek/nyt-up-258758_recipe-2020-05-27-11-44-28-320x427.jpg,Börek,Köfte
/home/yapbenzet/Desktop/Jean/cnn_food_classification/data/val/Börek/nyt-up-258758_recipe-2020-06-21-20-52-45-311x640.jpg,Börek,Börek
/home/yapbenzet/Desktop/Jean/cnn_food_classification/data/val/Börek/nyt-up-258758_recipe-2020-07-30-22-53-35-e1596140167125-320x180.jpg,Börek,Börek
/home/yapbenzet/Desktop/Jean/cnn_food_classification/data/val/Börek/nyt-up-258758_recipe-2020-08-05-09-56-58-320x427.jpg,Börek,Börek
/home/yapbenzet/Desktop/Jean/cnn_food_classification/data/val/Börek/nyt-up-258758_recipe-2020-08-05-15-44-34-320x427.jpg,Börek,Börek
/home/yapbenzet/Desktop/Jean/cnn_food_classification/data/val/Börek/nyt-up-258758_recipe-2020-10-01-11-34-05-320x568.jpg,Börek,Börek
/home/yapbenzet/Desktop/Jean/cnn_food_classification/data/val/Börek/nyt-up-258758_recipe-2020-10-02-14-31-34-320x568.jpg,Börek,Börek
/home/yapbenzet/Desktop/Jean/cnn_food_classification/data/val/Börek/nyt-up-258758_recipe-2020-11-22-07-29-40-320x569.jpg,Börek,Börek
/home/yapbenzet/Desktop/Jean/cnn_food_classification/data/val/Börek/nyt-up-258758_recipe-2020-12-02-18-13-15-320x240.jpg,Börek,Kadayıf
/home/yapbenzet/Desktop/Jean/cnn_food_classification/data/val/Börek/nyt-up-258758_recipe-2020-12-19-23-12-41-320x428.jpg,Börek,Börek
/home/yapbenzet/Desktop/Jean/cnn_food_classification/data/val/Börek/nyt-up-258758_recipe-2021-01-07-13-04-51-320x427.jpg,Börek,Börek
/home/yapbenzet/Desktop/Jean/cnn_food_classification/data/val/Börek/nyt-up-258758_recipe-2021-01-12-22-12-46-320x427.jpg,Börek,Börek
/home/yapbenzet/Desktop/Jean/cnn_food_classification/data/val/Börek/nyt-up-258758_recipe-2021-02-02-19-00-06-320x427.jpg,Börek,Börek
/home/yapbenzet/Desktop/Jean/cnn_food_classification/data/val/Börek/nyt-up-258758_recipe-2021-02-03-14-14-15-320x427.jpg,Börek,Börek
/home/yapbenzet/Desktop/Jean/cnn_food_classification/data/val/Börek/nyt-up-258758_recipe-2021-02-11-22-30-59-320x427.jpg,Börek,Börek
/home/yapbenzet/Desktop/Jean/cnn_food_classification/data/val/Börek/nyt-up-258758_recipe-2021-02-19-22-07-11-320x148.jpg,Börek,Pastane Poğaçası
/home/yapbenzet/Desktop/Jean/cnn_food_classification/data/val/Börek/nyt-up-258758_recipe-2021-03-04-20-57-23-320x427.jpg,Börek,Börek
/home/yapbenzet/Desktop/Jean/cnn_food_classification/data/val/Börek/nyt-up-258758_recipe-2021-03-31-01-29-03-320x240.jpg,Börek,Börek
/home/yapbenzet/Desktop/Jean/cnn_food_classification/data/val/Börek/nyt-up-258758_recipe-2021-04-09-20-47-29-320x427.jpg,Börek,Börek
/home/yapbenzet/Desktop/Jean/cnn_food_classification/data/val/Börek/nyt-up-258758_recipe-2021-05-03-18-32-49-320x568.jpg,Börek,Börek
/home/yapbenzet/Desktop/Jean/cnn_food_classification/data/val/Börek/nyt-up-258758_recipe-2021-06-14-14-33-45-320x427.jpg,Börek,Börek
/home/yapbenzet/Desktop/Jean/cnn_food_classification/data/val/Börek/nyt-up-258758_recipe-2021-07-01-21-03-37-320x426.jpg,Börek,Börek
/home/yapbenzet/Desktop/Jean/cnn_food_classification/data/val/Börek/nyt-up-258758_recipe-2021-08-10-10-38-50-320x240.jpg,Börek,Börek
/home/yapbenzet/Desktop/Jean/cnn_food_classification/data/val/Börek/nyt-up-258758_recipe-2021-08-10-10-39-19-320x427.jpg,Börek,Börek
/home/yapbenzet/Desktop/Jean/cnn_food_classification/data/val/Börek/nyt-up-258758_recipe-2021-10-05-15-54-30-e1633461737454-320x240.jpg,Börek,Börek
/home/yapbenzet/Desktop/Jean/cnn_food_classification/data/val/Börek/nyt-up-258758_recipe-2021-12-04-00-12-39-320x569.jpg,Börek,Börek
/home/yapbenzet/Desktop/Jean/cnn_food_classification/data/val/Börek/nyt-up-258758_recipe-2021-12-13-17-07-51-320x427.jpg,Börek,Börek
/home/yapbenzet/Desktop/Jean/cnn_food_classification/data/val/Börek/nyt-up-258758_recipe-2022-03-17-19-34-06-320x570.jpg,Börek,Börek
/home/yapbenzet/Desktop/Jean/cnn_food_classification/data/val/Börek/nyt-up-258758_recipe-2022-03-19-20-25-29-320x240.jpg,Börek,Börek
/home/yapbenzet/Desktop/Jean/cnn_food_classification/data/val/Börek/nyt-up-258758_recipe-2022-04-08-22-41-28-320x148.jpg,Börek,Börek
/home/yapbenzet/Desktop/Jean/cnn_food_classification/data/val/Börek/nyt-up-258758_recipe-2022-05-15-11-56-30-320x428.jpg,Börek,Börek
/home/yapbenzet/Desktop/Jean/cnn_food_classification/data/val/Börek/nyt-up-258758_recipe-2022-09-16-22-41-45-320x240.jpg,Börek,Börek
/home/yapbenzet/Desktop/Jean/cnn_food_classification/data/val/Börek/nyt-up-258758_recipe-2022-12-26-18-40-42-320x240.jpg,Börek,Börek
/home/yapbenzet/Desktop/Jean/cnn_food_classification/data/val/Börek/nyt-up-258758_recipe-2023-01-10-18-22-02-320x320.jpg,Börek,Börek
/home/yapbenzet/Desktop/Jean/cnn_food_classification/data/val/Börek/nyt-up-258758_recipe-2023-02-21-14-07-32-320x569.jpg,Börek,Börek
/home/yapbenzet/Desktop/Jean/cnn_food_classification/data/val/Börek/nyt-up-258758_recipe-2023-12-05-21-59-02-320x569.jpg,Börek,Sütlaç
/home/yapbenzet/Desktop/Jean/cnn_food_classification/data/val/Börek/nyt-up-258758_recipe-2024-01-03-15-11-00-320x426.jpg,Börek,Börek
/home/yapbenzet/Desktop/Jean/cnn_food_classification/data/val/Börek/nyt-up-258758_recipe-2024-03-22-16-55-24-320x427.jpg,Börek,Börek
/home/yapbenzet/Desktop/Jean/cnn_food_classification/data/val/Börek/nyt-up-258758_recipe-2024-03-24-16-42-46-e1711293714439-320x144.jpg,Börek,Börek
/home/yapbenzet/Desktop/Jean/cnn_food_classification/data/val/Börek/nyt-up-258758_recipe-2024-05-23-15-00-27-320x427.jpg,Börek,Börek
/home/yapbenzet/Desktop/Jean/cnn_food_classification/data/val/Börek/nyt-up-258758_recipe-2024-10-04-22-02-22-320x240.jpg,Börek,Börek
/home/yapbenzet/Desktop/Jean/cnn_food_classification/data/val/Börek/nyt-up-258758_recipe-2025-01-04-02-04-01-320x427.jpg,Börek,Börek
/home/yapbenzet/Desktop/Jean/cnn_food_classification/data/val/Börek/nyt-up-258758_recipe-2025-02-08-16-54-29-320x427.jpg,Börek,Börek
/home/yapbenzet/Desktop/Jean/cnn_food_classification/data/val/Börek/nyt-up-28319_attachment-320x240.jpg,Börek,Yaprak Sarma
/home/yapbenzet/Desktop/Jean/cnn_food_classification/data/val/Börek/nyt-up-28319_recipe-2019-10-19-19-08-23-320x427.jpg,Börek,Börek
/home/yapbenzet/Desktop/Jean/cnn_food_classification/data/val/Börek/nyt-up-28319_recipe-2020-04-22-18-16-40-320x427.jpg,Börek,Börek
/home/yapbenzet/Desktop/Jean/cnn_food_classification/data/val/Börek/nyt-up-28319_recipe-2021-04-01-17-33-20-320x569.jpg,Börek,Börek
/home/yapbenzet/Desktop/Jean/cnn_food_classification/data/val/Börek/nyt-up-28319_recipe-2022-04-01-19-29-43-320x569.jpg,Börek,Börek
/home/yapbenzet/Desktop/Jean/cnn_food_classification/data/val/Börek/nyt-up-3244303_attachment-320x427_10.jpg,Börek,Börek
/home/yapbenzet/Desktop/Jean/cnn_food_classification/data/val/Börek/nyt-up-3244303_attachment-320x427_15.jpg,Börek,Börek
/home/yapbenzet/Desktop/Jean/cnn_food_classification/data/val/Börek/nyt-up-3244303_attachment-320x427_20.jpg,Börek,Börek
/home/yapbenzet/Desktop/Jean/cnn_food_classification/data/val/Börek/nyt-up-3244303_attachment-320x427_4.jpg,Börek,Börek
/home/yapbenzet/Desktop/Jean/cnn_food_classification/data/val/Börek/nyt-up-3244303_attachment-320x568.jpg,Börek,Börek
/home/yapbenzet/Desktop/Jean/cnn_food_classification/data/val/Börek/nyt-up-3244303_recipe-2019-10-16-12-26-09-320x427.jpg,Börek,Börek
/home/yapbenzet/Desktop/Jean/cnn_food_classification/data/val/Börek/nyt-up-3244303_recipe-2020-03-27-20-08-30-320x304.jpg,Börek,Börek
/home/yapbenzet/Desktop/Jean/cnn_food_classification/data/val/Börek/nyt-up-3244303_recipe-2020-04-18-19-29-42-320x427.jpg,Börek,Börek
/home/yapbenzet/Desktop/Jean/cnn_food_classification/data/val/Börek/nyt-up-3244303_recipe-2020-05-06-02-33-38-320x240.jpg,Börek,Börek
/home/yapbenzet/Desktop/Jean/cnn_food_classification/data/val/Börek/nyt-up-3244303_recipe-2020-12-05-17-51-47-320x427.jpg,Börek,Börek
/home/yapbenzet/Desktop/Jean/cnn_food_classification/data/val/Börek/nyt-up-3244303_recipe-2021-03-01-19-22-06-320x240.jpg,Börek,Börek
/home/yapbenzet/Desktop/Jean/cnn_food_classification/data/val/Börek/nyt-up-3244303_recipe-2021-12-06-22-12-44-288x640.jpg,Börek,Börek
/home/yapbenzet/Desktop/Jean/cnn_food_classification/data/val/Börek/nyt-up-3244303_recipe-2023-01-07-15-22-47-288x640.jpg,Börek,Börek
/home/yapbenzet/Desktop/Jean/cnn_food_classification/data/val/Börek/nyt-up-3244303_recipe-2024-10-28-16-51-13-320x427.jpg,Börek,Börek
/home/yapbenzet/Desktop/Jean/cnn_food_classification/data/val/Börek/nyt-up-498299_113639995475d743235272773-320x427.jpg,Börek,Börek
/home/yapbenzet/Desktop/Jean/cnn_food_classification/data/val/Börek/nyt-up-498299_679621d221d3b1d6829410739-320x569.jpeg,Börek,Börek
/home/yapbenzet/Desktop/Jean/cnn_food_classification/data/val/Börek/nyt-up-498299_7705e98eef4e5635104411263-320x569.jpg,Börek,Börek
/home/yapbenzet/Desktop/Jean/cnn_food_classification/data/val/Börek/nyt-up-498299_attachment-320x180.jpg,Börek,Börek
/home/yapbenzet/Desktop/Jean/cnn_food_classification/data/val/Börek/nyt-up-498299_attachment-320x427_23.jpg,Börek,Börek
/home/yapbenzet/Desktop/Jean/cnn_food_classification/data/val/Börek/nyt-up-498299_attachment-320x427_24.jpg,Börek,Börek
/home/yapbenzet/Desktop/Jean/cnn_food_classification/data/val/Börek/nyt-up-498299_attachment-320x427_31.jpg,Börek,Haşlanmış Yumurta
/home/yapbenzet/Desktop/Jean/cnn_food_classification/data/val/Börek/nyt-up-498299_attachment-320x427_32.jpg,Börek,Börek
/home/yapbenzet/Desktop/Jean/cnn_food_classification/data/val/Börek/nyt-up-498299_attachment-320x427_33.jpg,Börek,Börek
/home/yapbenzet/Desktop/Jean/cnn_food_classification/data/val/Börek/nyt-up-498299_attachment-320x427_44.jpg,Börek,Börek
/home/yapbenzet/Desktop/Jean/cnn_food_classification/data/val/Börek/nyt-up-498299_attachment-320x427_45.jpg,Börek,Börek
/home/yapbenzet/Desktop/Jean/cnn_food_classification/data/val/Börek/nyt-up-498299_attachment-320x568.jpg,Börek,Börek
/home/yapbenzet/Desktop/Jean/cnn_food_classification/data/val/Börek/nyt-up-498299_attachment-320x568_1.jpg,Börek,Börek
/home/yapbenzet/Desktop/Jean/cnn_food_classification/data/val/Börek/nyt-up-498299_attachment-320x569_1.jpg,Börek,Börek
/home/yapbenzet/Desktop/Jean/cnn_food_classification/data/val/Börek/nyt-up-498299_attachment-320x569_4.jpg,Börek,Börek
/home/yapbenzet/Desktop/Jean/cnn_food_classification/data/val/Börek/nyt-up-498299_attachment-e1666645481223-320x180.jpg,Börek,Börek
/home/yapbenzet/Desktop/Jean/cnn_food_classification/data/val/Börek/nyt-up-498299_recipe-2019-12-06-17-32-56-320x427.jpg,Börek,Börek
/home/yapbenzet/Desktop/Jean/cnn_food_classification/data/val/Börek/nyt-up-498299_recipe-2020-04-21-14-16-53-320x569.jpg,Börek,Börek
/home/yapbenzet/Desktop/Jean/cnn_food_classification/data/val/Börek/nyt-up-498299_recipe-2020-04-25-14-02-34-320x427.jpg,Börek,Börek
/home/yapbenzet/Desktop/Jean/cnn_food_classification/data/val/Börek/nyt-up-498299_recipe-2020-04-28-21-11-39-320x427.jpg,Börek,Börek
/home/yapbenzet/Desktop/Jean/cnn_food_classification/data/val/Börek/nyt-up-498299_recipe-2020-05-02-04-18-39-320x240.jpg,Börek,Börek
/home/yapbenzet/Desktop/Jean/cnn_food_classification/data/val/Börek/nyt-up-498299_recipe-2020-05-03-19-55-19-320x240.jpg,Börek,Börek
/home/yapbenzet/Desktop/Jean/cnn_food_classification/data/val/Börek/nyt-up-498299_recipe-2020-05-06-19-02-01-320x427.jpg,Börek,Börek
/home/yapbenzet/Desktop/Jean/cnn_food_classification/data/val/Börek/nyt-up-498299_recipe-2020-05-11-18-24-44-320x427.jpg,Börek,Börek
/home/yapbenzet/Desktop/Jean/cnn_food_classification/data/val/Börek/nyt-up-498299_recipe-2020-12-09-11-18-55-320x400.jpg,Börek,Börek
/home/yapbenzet/Desktop/Jean/cnn_food_classification/data/val/Börek/nyt-up-498299_recipe-2020-12-11-07-52-36-320x568.jpg,Börek,Börek
/home/yapbenzet/Desktop/Jean/cnn_food_classification/data/val/Börek/nyt-up-498299_recipe-2020-12-25-17-10-53-320x240.jpg,Börek,Börek
/home/yapbenzet/Desktop/Jean/cnn_food_classification/data/val/Börek/nyt-up-498299_recipe-2021-01-11-12-56-34-320x427.jpg,Börek,Börek
/home/yapbenzet/Desktop/Jean/cnn_food_classification/data/val/Börek/nyt-up-498299_recipe-2021-02-18-15-21-10-320x427.jpg,Börek,Börek
/home/yapbenzet/Desktop/Jean/cnn_food_classification/data/val/Börek/nyt-up-498299_recipe-2021-04-16-17-40-16-320x240.jpg,Börek,Börek
/home/yapbenzet/Desktop/Jean/cnn_food_classification/data/val/Börek/nyt-up-498299_recipe-2021-05-04-15-49-42-295x640.jpg,Börek,Börek
/home/yapbenzet/Desktop/Jean/cnn_food_classification/data/val/Börek/nyt-up-498299_recipe-2022-04-14-18-24-48-320x568.jpg,Börek,Börek
/home/yapbenzet/Desktop/Jean/cnn_food_classification/data/val/Börek/nyt-up-498299_recipe-2022-12-24-17-29-40-320x514.jpg,Börek,Börek
/home/yapbenzet/Desktop/Jean/cnn_food_classification/data/val/Börek/nyt-up-498299_recipe-2023-02-27-20-01-49-320x428.jpg,Börek,Börek
/home/yapbenzet/Desktop/Jean/cnn_food_classification/data/val/Börek/nyt-up-498299_recipe-2023-03-30-13-52-45-320x569.jpg,Börek,Pide
/home/yapbenzet/Desktop/Jean/cnn_food_classification/data/val/Börek/nyt-up-498299_recipe-2024-01-21-20-35-27-320x568.jpg,Börek,Börek
/home/yapbenzet/Desktop/Jean/cnn_food_classification/data/val/Börek/nyt-up-498299_recipe-2024-02-05-18-24-58-320x144.jpg,Börek,Börek
/home/yapbenzet/Desktop/Jean/cnn_food_classification/data/val/Börek/nyt-up-498299_recipe-2024-04-19-18-29-01-320x426.jpg,Börek,Börek
/home/yapbenzet/Desktop/Jean/cnn_food_classification/data/val/Börek/nyt-up-498299_recipe-2024-09-28-22-26-27-320x148.jpg,Börek,Börek
/home/yapbenzet/Desktop/Jean/cnn_food_classification/data/val/Börek/nyt-up-498299_recipe-2024-11-18-21-15-57-320x240.jpg,Börek,Börek
/home/yapbenzet/Desktop/Jean/cnn_food_classification/data/val/Börek/nyt-up-498299_recipe-2025-01-13-19-44-03-320x426.jpg,Börek,Börek
/home/yapbenzet/Desktop/Jean/cnn_food_classification/data/val/Börek/nyt-up-498299_recipe-2025-01-23-19-45-17-320x568.jpg,Börek,Börek
/home/yapbenzet/Desktop/Jean/cnn_food_classification/data/val/Börek/nyt-up-609711_959607eee1c83225539174980-320x427.jpg,Börek,Börek
/home/yapbenzet/Desktop/Jean/cnn_food_classification/data/val/Börek/nyt-up-609711_attachment-1-320x427.jpg,Börek,Börek
/home/yapbenzet/Desktop/Jean/cnn_food_classification/data/val/Börek/nyt-up-609711_attachment-320x163.jpg,Börek,Börek
/home/yapbenzet/Desktop/Jean/cnn_food_classification/data/val/Börek/nyt-up-609711_attachment-320x240_2.jpg,Börek,Börek
/home/yapbenzet/Desktop/Jean/cnn_food_classification/data/val/Börek/nyt-up-609711_attachment-320x427_21.jpg,Börek,Börek
/home/yapbenzet/Desktop/Jean/cnn_food_classification/data/val/Börek/nyt-up-609711_attachment-320x427_22.jpg,Börek,Börek
/home/yapbenzet/Desktop/Jean/cnn_food_classification/data/val/Börek/nyt-up-609711_attachment-320x427_25.jpg,Börek,Pide
/home/yapbenzet/Desktop/Jean/cnn_food_classification/data/val/Börek/nyt-up-609711_attachment-320x427_3.jpg,Börek,Börek
/home/yapbenzet/Desktop/Jean/cnn_food_classification/data/val/Börek/nyt-up-609711_attachment-320x427_4.jpg,Börek,Börek
/home/yapbenzet/Desktop/Jean/cnn_food_classification/data/val/Börek/nyt-up-609711_attachment-320x568_3.jpg,Börek,Börek
/home/yapbenzet/Desktop/Jean/cnn_food_classification/data/val/Börek/nyt-up-609711_attachment-320x569_1.jpg,Börek,Baklava
/home/yapbenzet/Desktop/Jean/cnn_food_classification/data/val/Börek/nyt-up-609711_recipe-2019-05-09-20-56-57-320x427.jpg,Börek,Börek
/home/yapbenzet/Desktop/Jean/cnn_food_classification/data/val/Börek/nyt-up-609711_recipe-2019-05-19-09-38-44-320x640.jpg,Börek,Börek
/home/yapbenzet/Desktop/Jean/cnn_food_classification/data/val/Börek/nyt-up-609711_recipe-2019-10-14-15-52-59-320x568.jpg,Börek,Börek
/home/yapbenzet/Desktop/Jean/cnn_food_classification/data/val/Börek/nyt-up-609711_recipe-2019-10-16-10-46-17-320x156.jpg,Börek,Börek
/home/yapbenzet/Desktop/Jean/cnn_food_classification/data/val/Börek/nyt-up-609711_recipe-2019-12-20-20-20-59-320x432.jpg,Börek,Börek
/home/yapbenzet/Desktop/Jean/cnn_food_classification/data/val/Börek/nyt-up-609711_recipe-2020-01-10-11-55-59-320x427.jpg,Börek,Börek
/home/yapbenzet/Desktop/Jean/cnn_food_classification/data/val/Börek/nyt-up-609711_recipe-2020-02-19-18-57-53-320x240.jpg,Börek,Börek
/home/yapbenzet/Desktop/Jean/cnn_food_classification/data/val/Börek/nyt-up-609711_recipe-2020-04-12-17-47-43-320x240.jpg,Börek,Börek
/home/yapbenzet/Desktop/Jean/cnn_food_classification/data/val/Börek/nyt-up-609711_recipe-2020-04-16-14-15-07-320x427.jpg,Börek,Börek
/home/yapbenzet/Desktop/Jean/cnn_food_classification/data/val/Börek/nyt-up-609711_recipe-2020-04-19-19-09-04-320x393.jpg,Börek,Börek
/home/yapbenzet/Desktop/Jean/cnn_food_classification/data/val/Börek/nyt-up-609711_recipe-2020-05-16-21-36-50-320x569.jpg,Börek,Börek
/home/yapbenzet/Desktop/Jean/cnn_food_classification/data/val/Börek/nyt-up-609711_recipe-2020-05-16-21-38-01-320x569.jpg,Börek,Börek
/home/yapbenzet/Desktop/Jean/cnn_food_classification/data/val/Börek/nyt-up-609711_recipe-2020-11-21-09-48-55-320x569.jpg,Börek,Börek
/home/yapbenzet/Desktop/Jean/cnn_food_classification/data/val/Börek/nyt-up-609711_recipe-2020-12-14-16-35-01-320x427.jpg,Börek,Börek
/home/yapbenzet/Desktop/Jean/cnn_food_classification/data/val/Börek/nyt-up-609711_recipe-2020-12-15-16-02-46-320x427.jpg,Börek,Börek
/home/yapbenzet/Desktop/Jean/cnn_food_classification/data/val/Börek/nyt-up-609711_recipe-2021-01-13-00-42-40-320x428.jpg,Börek,Börek
/home/yapbenzet/Desktop/Jean/cnn_food_classification/data/val/Börek/nyt-up-609711_recipe-2021-01-13-16-39-15-320x180.jpg,Börek,Börek
/home/yapbenzet/Desktop/Jean/cnn_food_classification/data/val/Börek/nyt-up-609711_recipe-2021-02-18-21-35-34-320x427.jpg,Börek,Börek
/home/yapbenzet/Desktop/Jean/cnn_food_classification/data/val/Börek/nyt-up-609711_recipe-2021-03-02-20-18-38-320x427.jpg,Börek,Börek
/home/yapbenzet/Desktop/Jean/cnn_food_classification/data/val/Börek/nyt-up-609711_recipe-2021-04-18-19-50-07-320x427.jpg,Börek,Tavuk
/home/yapbenzet/Desktop/Jean/cnn_food_classification/data/val/Börek/nyt-up-609711_recipe-2021-04-19-16-16-08-320x427.jpg,Börek,Börek
/home/yapbenzet/Desktop/Jean/cnn_food_classification/data/val/Börek/nyt-up-609711_recipe-2022-02-22-15-53-41-320x240.jpg,Börek,Börek
/home/yapbenzet/Desktop/Jean/cnn_food_classification/data/val/Börek/nyt-up-609711_recipe-2022-02-24-16-24-17-320x427.jpg,Börek,Börek
/home/yapbenzet/Desktop/Jean/cnn_food_classification/data/val/Börek/nyt-up-609711_recipe-2022-12-29-13-36-32-320x569.jpg,Börek,Börek
/home/yapbenzet/Desktop/Jean/cnn_food_classification/data/val/Börek/nyt-up-609711_recipe-2023-01-15-13-56-52-320x240.jpg,Börek,Börek
/home/yapbenzet/Desktop/Jean/cnn_food_classification/data/val/Börek/nyt-up-609711_recipe-2023-01-17-16-48-03-320x427.jpg,Börek,Börek
/home/yapbenzet/Desktop/Jean/cnn_food_classification/data/val/Börek/nyt-up-609711_recipe-2024-01-21-00-08-40-320x427.jpg,Börek,Börek
/home/yapbenzet/Desktop/Jean/cnn_food_classification/data/val/Börek/nyt-up-609711_recipe-2024-09-29-18-38-18-320x320.jpg,Börek,Börek
/home/yapbenzet/Desktop/Jean/cnn_food_classification/data/val/Börek/nyt-up-609711_recipe-2024-12-06-00-42-21-320x427.jpg,Börek,Börek
/home/yapbenzet/Desktop/Jean/cnn_food_classification/data/val/Börek/nyt-up-68946_4475ea6dc777bfad602362639-320x180.jpg,Börek,Börek
/home/yapbenzet/Desktop/Jean/cnn_food_classification/data/val/Börek/nyt-up-68946_8145dd1adf34ee90692968368-320x240.jpg,Börek,Börek
/home/yapbenzet/Desktop/Jean/cnn_food_classification/data/val/Börek/nyt-up-68946_attachment-320x240_2.jpg,Börek,Börek
/home/yapbenzet/Desktop/Jean/cnn_food_classification/data/val/Börek/nyt-up-68946_attachment-320x279.jpg,Börek,Börek
/home/yapbenzet/Desktop/Jean/cnn_food_classification/data/val/Börek/nyt-up-68946_attachment-320x427_10.jpg,Börek,Börek
/home/yapbenzet/Desktop/Jean/cnn_food_classification/data/val/Börek/nyt-up-68946_attachment-320x427_13.jpg,Börek,Börek
/home/yapbenzet/Desktop/Jean/cnn_food_classification/data/val/Börek/nyt-up-68946_attachment-320x427_2.jpg,Börek,Börek
/home/yapbenzet/Desktop/Jean/cnn_food_classification/data/val/Börek/nyt-up-68946_attachment-320x427_7.jpg,Börek,Börek
/home/yapbenzet/Desktop/Jean/cnn_food_classification/data/val/Börek/nyt-up-68946_attachment-320x427_8.jpg,Börek,Börek
/home/yapbenzet/Desktop/Jean/cnn_food_classification/data/val/Börek/nyt-up-68946_attachment-320x427_9.jpg,Börek,Börek
/home/yapbenzet/Desktop/Jean/cnn_food_classification/data/val/Börek/nyt-up-68946_attachment-320x569_4.jpg,Börek,Börek
/home/yapbenzet/Desktop/Jean/cnn_food_classification/data/val/Börek/nyt-up-68946_attachment-e1631893236475-320x180.jpg,Börek,Börek
/home/yapbenzet/Desktop/Jean/cnn_food_classification/data/val/Börek/nyt-up-68946_recipe-2019-05-20-11-32-11-311x640.jpg,Börek,Börek
/home/yapbenzet/Desktop/Jean/cnn_food_classification/data/val/Börek/nyt-up-68946_recipe-2019-05-26-03-00-56-320x240.jpg,Börek,Börek
/home/yapbenzet/Desktop/Jean/cnn_food_classification/data/val/Börek/nyt-up-68946_recipe-2019-08-07-14-05-22-320x180.jpg,Börek,Börek
/home/yapbenzet/Desktop/Jean/cnn_food_classification/data/val/Börek/nyt-up-68946_recipe-2019-10-28-07-01-31-320x180.jpg,Börek,Börek
/home/yapbenzet/Desktop/Jean/cnn_food_classification/data/val/Börek/nyt-up-68946_recipe-2019-12-10-13-26-48-320x427.jpg,Börek,Börek
/home/yapbenzet/Desktop/Jean/cnn_food_classification/data/val/Börek/nyt-up-68946_recipe-2019-12-22-13-12-46-320x427.jpg,Börek,Börek
/home/yapbenzet/Desktop/Jean/cnn_food_classification/data/val/Börek/nyt-up-68946_recipe-2020-02-14-18-42-42-320x240.jpg,Börek,Börek
/home/yapbenzet/Desktop/Jean/cnn_food_classification/data/val/Börek/nyt-up-68946_recipe-2020-02-15-21-58-58-320x569.jpg,Börek,Börek
/home/yapbenzet/Desktop/Jean/cnn_food_classification/data/val/Börek/nyt-up-68946_recipe-2020-03-19-15-38-19-320x240.jpg,Börek,Börek
/home/yapbenzet/Desktop/Jean/cnn_food_classification/data/val/Börek/nyt-up-68946_recipe-2020-05-01-22-52-57-320x427.jpg,Börek,Börek
/home/yapbenzet/Desktop/Jean/cnn_food_classification/data/val/Börek/nyt-up-68946_recipe-2020-05-11-15-54-32-320x569.jpg,Börek,Börek
/home/yapbenzet/Desktop/Jean/cnn_food_classification/data/val/Börek/nyt-up-68946_recipe-2020-05-30-17-44-54-320x427.jpg,Börek,Börek
/home/yapbenzet/Desktop/Jean/cnn_food_classification/data/val/Börek/nyt-up-68946_recipe-2020-07-06-20-20-45-320x427.jpg,Börek,Börek
/home/yapbenzet/Desktop/Jean/cnn_food_classification/data/val/Börek/nyt-up-68946_recipe-2020-09-24-19-13-06-320x427.jpg,Börek,Börek
/home/yapbenzet/Desktop/Jean/cnn_food_classification/data/val/Börek/nyt-up-68946_recipe-2020-12-12-02-15-52-320x569.jpg,Börek,Börek
/home/yapbenzet/Desktop/Jean/cnn_food_classification/data/val/Börek/nyt-up-68946_recipe-2020-12-24-01-21-29-320x180.jpg,Börek,Börek
/home/yapbenzet/Desktop/Jean/cnn_food_classification/data/val/Börek/nyt-up-68946_recipe-2021-01-10-15-56-04-320x427.jpg,Börek,Börek
/home/yapbenzet/Desktop/Jean/cnn_food_classification/data/val/Börek/nyt-up-68946_recipe-2021-02-05-02-28-52-320x428.jpg,Börek,Patates Kızartması
/home/yapbenzet/Desktop/Jean/cnn_food_classification/data/val/Börek/nyt-up-68946_recipe-2021-03-11-16-44-49-320x427.jpg,Börek,Börek
/home/yapbenzet/Desktop/Jean/cnn_food_classification/data/val/Börek/nyt-up-68946_recipe-2021-03-23-22-04-26-310x640.jpg,Börek,Börek
/home/yapbenzet/Desktop/Jean/cnn_food_classification/data/val/Börek/nyt-up-68946_recipe-2022-11-03-16-45-24-320x427.jpg,Börek,Börek
/home/yapbenzet/Desktop/Jean/cnn_food_classification/data/val/Börek/nyt-up-68946_recipe-2023-05-29-12-23-50-320x427.jpg,Börek,Börek
/home/yapbenzet/Desktop/Jean/cnn_food_classification/data/val/Börek/nyt-up-862661_4875f8cb29b90268956207752-320x180.jpg,Börek,Börek
/home/yapbenzet/Desktop/Jean/cnn_food_classification/data/val/Börek/nyt-up-862661_attachment-320x427_11.jpg,Börek,Börek
/home/yapbenzet/Desktop/Jean/cnn_food_classification/data/val/Börek/nyt-up-862661_attachment-320x427_14.jpg,Börek,Börek
/home/yapbenzet/Desktop/Jean/cnn_food_classification/data/val/Börek/nyt-up-862661_attachment-320x427_16.jpg,Börek,Börek
/home/yapbenzet/Desktop/Jean/cnn_food_classification/data/val/Börek/nyt-up-862661_attachment-320x427_18.jpg,Börek,Börek
/home/yapbenzet/Desktop/Jean/cnn_food_classification/data/val/Börek/nyt-up-862661_attachment-320x427_2.jpg,Börek,Börek
/home/yapbenzet/Desktop/Jean/cnn_food_classification/data/val/Börek/nyt-up-862661_attachment-320x427_3.jpg,Börek,Börek
/home/yapbenzet/Desktop/Jean/cnn_food_classification/data/val/Börek/nyt-up-862661_attachment-320x568.jpg,Börek,Patates Kızartması
/home/yapbenzet/Desktop/Jean/cnn_food_classification/data/val/Börek/nyt-up-862661_attachment-320x569.jpg,Börek,Pide
/home/yapbenzet/Desktop/Jean/cnn_food_classification/data/val/Börek/nyt-up-862661_recipe-2019-12-15-19-36-43-320x427.jpg,Börek,Pide
/home/yapbenzet/Desktop/Jean/cnn_food_classification/data/val/Börek/nyt-up-862661_recipe-2020-03-12-17-03-57-320x180.jpg,Börek,Börek
/home/yapbenzet/Desktop/Jean/cnn_food_classification/data/val/Börek/nyt-up-862661_recipe-2020-11-29-11-52-37-320x427.jpg,Börek,Börek
/home/yapbenzet/Desktop/Jean/cnn_food_classification/data/val/Börek/nyt-up-862661_recipe-2022-01-24-22-59-02-320x427.jpg,Börek,Börek
/home/yapbenzet/Desktop/Jean/cnn_food_classification/data/val/Börek/nyt-up-862661_recipe-2022-05-20-20-40-41-320x240.jpg,Börek,Börek
/home/yapbenzet/Desktop/Jean/cnn_food_classification/data/val/Börek/nyt-up-862661_recipe-2022-12-05-10-43-18-320x148.jpg,Börek,Börek
/home/yapbenzet/Desktop/Jean/cnn_food_classification/data/val/Börek/nyt-up-9730678_74565696f8775c7a579318614-320x427.jpg,Börek,Börek
/home/yapbenzet/Desktop/Jean/cnn_food_classification/data/val/Börek/nyt-up-9730678_attachment-320x427_2.jpg,Börek,Börek
/home/yapbenzet/Desktop/Jean/cnn_food_classification/data/val/Börek/nyt-up-9730678_attachment-320x427_5.jpg,Börek,Börek
/home/yapbenzet/Desktop/Jean/cnn_food_classification/data/val/Börek/nyt-up-9730678_recipe-2021-10-07-00-53-10-320x427.jpg,Börek,Börek
/home/yapbenzet/Desktop/Jean/cnn_food_classification/data/val/Börek/nyt-up-9730678_recipe-2021-10-09-17-42-46-320x427.jpg,Börek,Börek
/home/yapbenzet/Desktop/Jean/cnn_food_classification/data/val/Börek/nyt-up-9730678_recipe-2021-10-20-18-21-35-320x569.jpg,Börek,Börek
/home/yapbenzet/Desktop/Jean/cnn_food_classification/data/val/Börek/nyt-up-9730678_recipe-2021-10-27-17-08-58-315x640.jpg,Börek,Börek
/home/yapbenzet/Desktop/Jean/cnn_food_classification/data/val/Börek/nyt-up-9730678_recipe-2021-12-05-09-34-33-320x427.jpg,Börek,Börek
/home/yapbenzet/Desktop/Jean/cnn_food_classification/data/val/Börek/nyt-up-9730678_recipe-2022-01-25-21-59-39-320x427.jpg,Börek,Börek
/home/yapbenzet/Desktop/Jean/cnn_food_classification/data/val/Börek/nyt-up-9730678_recipe-2023-04-01-11-53-20-320x427.jpg,Börek,Börek
/home/yapbenzet/Desktop/Jean/cnn_food_classification/data/val/Börek/nyt-up-9730678_recipe-2023-04-01-15-21-02-320x240.jpg,Börek,Köfte
/home/yapbenzet/Desktop/Jean/cnn_food_classification/data/val/Börek/nyt-up-9730678_recipe-2023-05-12-00-58-07-320x427.jpg,Börek,Börek
/home/yapbenzet/Desktop/Jean/cnn_food_classification/data/val/Börek/nyt-up-9730678_recipe-2024-03-01-10-53-41-320x427.jpg,Börek,Börek
/home/yapbenzet/Desktop/Jean/cnn_food_classification/data/val/Börek/nyt-up-9730678_recipe-2024-05-28-19-51-13-320x180.jpg,Börek,Börek
/home/yapbenzet/Desktop/Jean/cnn_food_classification/data/val/Esmer Ekmek/000001 (3).jpg,Esmer Ekmek,Esmer Ekmek
/home/yapbenzet/Desktop/Jean/cnn_food_classification/data/val/Esmer Ekmek/000001.jpg,Esmer Ekmek,Esmer Ekmek
/home/yapbenzet/Desktop/Jean/cnn_food_classification/data/val/Esmer Ekmek/000007 (3).jpg,Esmer Ekmek,Esmer Ekmek
/home/yapbenzet/Desktop/Jean/cnn_food_classification/data/val/Esmer Ekmek/000007.jpg,Esmer Ekmek,Esmer Ekmek
/home/yapbenzet/Desktop/Jean/cnn_food_classification/data/val/Esmer Ekmek/000008 (3).jpg,Esmer Ekmek,Esmer Ekmek
/home/yapbenzet/Desktop/Jean/cnn_food_classification/data/val/Esmer Ekmek/000009 (2).jpg,Esmer Ekmek,Esmer Ekmek
/home/yapbenzet/Desktop/Jean/cnn_food_classification/data/val/Esmer Ekmek/000009.jpg,Esmer Ekmek,Beyaz Ekmek
/home/yapbenzet/Desktop/Jean/cnn_food_classification/data/val/Esmer Ekmek/000013 (2).jpg,Esmer Ekmek,Esmer Ekmek
/home/yapbenzet/Desktop/Jean/cnn_food_classification/data/val/Esmer Ekmek/000019 (2).jpg,Esmer Ekmek,Esmer Ekmek
/home/yapbenzet/Desktop/Jean/cnn_food_classification/data/val/Esmer Ekmek/000020.jpg,Esmer Ekmek,Esmer Ekmek
/home/yapbenzet/Desktop/Jean/cnn_food_classification/data/val/Esmer Ekmek/000023 (2).jpg,Esmer Ekmek,Esmer Ekmek
/home/yapbenzet/Desktop/Jean/cnn_food_classification/data/val/Esmer Ekmek/000025.jpg,Esmer Ekmek,Esmer Ekmek
/home/yapbenzet/Desktop/Jean/cnn_food_classification/data/val/Esmer Ekmek/000026 (3).jpg,Esmer Ekmek,Esmer Ekmek
/home/yapbenzet/Desktop/Jean/cnn_food_classification/data/val/Esmer Ekmek/000026.png,Esmer Ekmek,Esmer Ekmek
/home/yapbenzet/Desktop/Jean/cnn_food_classification/data/val/Esmer Ekmek/000031 (3).jpg,Esmer Ekmek,Esmer Ekmek
/home/yapbenzet/Desktop/Jean/cnn_food_classification/data/val/Esmer Ekmek/000033.png,Esmer Ekmek,Esmer Ekmek
/home/yapbenzet/Desktop/Jean/cnn_food_classification/data/val/Esmer Ekmek/000034.jpg,Esmer Ekmek,Esmer Ekmek
/home/yapbenzet/Desktop/Jean/cnn_food_classification/data/val/Esmer Ekmek/000041.jpg,Esmer Ekmek,Beyaz Ekmek
/home/yapbenzet/Desktop/Jean/cnn_food_classification/data/val/Esmer Ekmek/000043 (3).jpg,Esmer Ekmek,Mısır Ekmeği
/home/yapbenzet/Desktop/Jean/cnn_food_classification/data/val/Esmer Ekmek/000044 (2).jpg,Esmer Ekmek,Yulaf Ekmeği
/home/yapbenzet/Desktop/Jean/cnn_food_classification/data/val/Esmer Ekmek/000047 (2).jpg,Esmer Ekmek,Esmer Ekmek
/home/yapbenzet/Desktop/Jean/cnn_food_classification/data/val/Esmer Ekmek/000050.jpg,Esmer Ekmek,Esmer Ekmek
/home/yapbenzet/Desktop/Jean/cnn_food_classification/data/val/Esmer Ekmek/000052 (2).jpg,Esmer Ekmek,Esmer Ekmek
/home/yapbenzet/Desktop/Jean/cnn_food_classification/data/val/Esmer Ekmek/000054 (2).jpg,Esmer Ekmek,Esmer Ekmek
/home/yapbenzet/Desktop/Jean/cnn_food_classification/data/val/Esmer Ekmek/000054 (3).jpg,Esmer Ekmek,Esmer Ekmek
/home/yapbenzet/Desktop/Jean/cnn_food_classification/data/val/Esmer Ekmek/000060.jpg,Esmer Ekmek,Esmer Ekmek
/home/yapbenzet/Desktop/Jean/cnn_food_classification/data/val/Esmer Ekmek/000061.jpg,Esmer Ekmek,Esmer Ekmek
/home/yapbenzet/Desktop/Jean/cnn_food_classification/data/val/Esmer Ekmek/000070 (2).jpg,Esmer Ekmek,Esmer Ekmek
/home/yapbenzet/Desktop/Jean/cnn_food_classification/data/val/Esmer Ekmek/000071.jpg,Esmer Ekmek,Beyaz Ekmek
/home/yapbenzet/Desktop/Jean/cnn_food_classification/data/val/Esmer Ekmek/000073.jpg,Esmer Ekmek,Yulaf Ekmeği
/home/yapbenzet/Desktop/Jean/cnn_food_classification/data/val/Esmer Ekmek/000076 (3).jpg,Esmer Ekmek,Esmer Ekmek
/home/yapbenzet/Desktop/Jean/cnn_food_classification/data/val/Esmer Ekmek/000080 (3).jpg,Esmer Ekmek,Esmer Ekmek
/home/yapbenzet/Desktop/Jean/cnn_food_classification/data/val/Esmer Ekmek/000093.jpg,Esmer Ekmek,İskender
/home/yapbenzet/Desktop/Jean/cnn_food_classification/data/val/Esmer Ekmek/istockphoto-1066110490-1024x1024.jpg,Esmer Ekmek,Esmer Ekmek
/home/yapbenzet/Desktop/Jean/cnn_food_classification/data/val/Esmer Ekmek/istockphoto-1133072868-1024x1024.jpg,Esmer Ekmek,Esmer Ekmek
/home/yapbenzet/Desktop/Jean/cnn_food_classification/data/val/Esmer Ekmek/istockphoto-1168045879-1024x1024.jpg,Esmer Ekmek,Esmer Ekmek
/home/yapbenzet/Desktop/Jean/cnn_food_classification/data/val/Esmer Ekmek/istockphoto-1184903418-1024x1024.jpg,Esmer Ekmek,Esmer Ekmek
/home/yapbenzet/Desktop/Jean/cnn_food_classification/data/val/Esmer Ekmek/istockphoto-1184903799-1024x1024.jpg,Esmer Ekmek,Esmer Ekmek
/home/yapbenzet/Desktop/Jean/cnn_food_classification/data/val/Esmer Ekmek/istockphoto-1210346212-1024x1024.jpg,Esmer Ekmek,Esmer Ekmek
/home/yapbenzet/Desktop/Jean/cnn_food_classification/data/val/Esmer Ekmek/istockphoto-1225585062-1024x1024.jpg,Esmer Ekmek,Esmer Ekmek
/home/yapbenzet/Desktop/Jean/cnn_food_classification/data/val/Esmer Ekmek/istockphoto-1247963051-1024x1024.jpg,Esmer Ekmek,Esmer Ekmek
/home/yapbenzet/Desktop/Jean/cnn_food_classification/data/val/Esmer Ekmek/istockphoto-1299246213-1024x1024.jpg,Esmer Ekmek,Esmer Ekmek
/home/yapbenzet/Desktop/Jean/cnn_food_classification/data/val/Esmer Ekmek/istockphoto-1301468350-1024x1024.jpg,Esmer Ekmek,Esmer Ekmek
/home/yapbenzet/Desktop/Jean/cnn_food_classification/data/val/Esmer Ekmek/istockphoto-1307901009-1024x1024.jpg,Esmer Ekmek,Esmer Ekmek
/home/yapbenzet/Desktop/Jean/cnn_food_classification/data/val/Esmer Ekmek/istockphoto-1327503725-1024x1024.jpg,Esmer Ekmek,Esmer Ekmek
/home/yapbenzet/Desktop/Jean/cnn_food_classification/data/val/Esmer Ekmek/istockphoto-1330209772-1024x1024.jpg,Esmer Ekmek,Esmer Ekmek
/home/yapbenzet/Desktop/Jean/cnn_food_classification/data/val/Esmer Ekmek/istockphoto-1365649686-1024x1024.jpg,Esmer Ekmek,Esmer Ekmek
/home/yapbenzet/Desktop/Jean/cnn_food_classification/data/val/Esmer Ekmek/istockphoto-1367996638-1024x1024.jpg,Esmer Ekmek,Esmer Ekmek
/home/yapbenzet/Desktop/Jean/cnn_food_classification/data/val/Esmer Ekmek/istockphoto-1382530992-1024x1024.jpg,Esmer Ekmek,Yulaf Ekmeği
/home/yapbenzet/Desktop/Jean/cnn_food_classification/data/val/Esmer Ekmek/istockphoto-1411382333-1024x1024.jpg,Esmer Ekmek,Esmer Ekmek
/home/yapbenzet/Desktop/Jean/cnn_food_classification/data/val/Esmer Ekmek/istockphoto-1412373849-1024x1024.jpg,Esmer Ekmek,Esmer Ekmek
/home/yapbenzet/Desktop/Jean/cnn_food_classification/data/val/Esmer Ekmek/istockphoto-1447331304-1024x1024.jpg,Esmer Ekmek,Esmer Ekmek
/home/yapbenzet/Desktop/Jean/cnn_food_classification/data/val/Esmer Ekmek/istockphoto-1459403949-1024x1024.jpg,Esmer Ekmek,Esmer Ekmek
/home/yapbenzet/Desktop/Jean/cnn_food_classification/data/val/Esmer Ekmek/istockphoto-1476423469-1024x1024.jpg,Esmer Ekmek,Beyaz Ekmek
/home/yapbenzet/Desktop/Jean/cnn_food_classification/data/val/Esmer Ekmek/istockphoto-1481017022-1024x1024.jpg,Esmer Ekmek,Esmer Ekmek
/home/yapbenzet/Desktop/Jean/cnn_food_classification/data/val/Esmer Ekmek/istockphoto-1487543730-1024x1024.jpg,Esmer Ekmek,Esmer Ekmek
/home/yapbenzet/Desktop/Jean/cnn_food_classification/data/val/Esmer Ekmek/istockphoto-1994495083-1024x1024.jpg,Esmer Ekmek,Esmer Ekmek
/home/yapbenzet/Desktop/Jean/cnn_food_classification/data/val/Esmer Ekmek/istockphoto-2191646975-1024x1024.jpg,Esmer Ekmek,Esmer Ekmek
/home/yapbenzet/Desktop/Jean/cnn_food_classification/data/val/Esmer Ekmek/istockphoto-452981545-1024x1024.jpg,Esmer Ekmek,Esmer Ekmek
/home/yapbenzet/Desktop/Jean/cnn_food_classification/data/val/Esmer Ekmek/istockphoto-471973065-1024x1024.jpg,Esmer Ekmek,Esmer Ekmek
/home/yapbenzet/Desktop/Jean/cnn_food_classification/data/val/Esmer Ekmek/istockphoto-478277967-1024x1024.jpg,Esmer Ekmek,Esmer Ekmek
/home/yapbenzet/Desktop/Jean/cnn_food_classification/data/val/Esmer Ekmek/istockphoto-500144891-1024x1024.jpg,Esmer Ekmek,Esmer Ekmek
/home/yapbenzet/Desktop/Jean/cnn_food_classification/data/val/Esmer Ekmek/istockphoto-523242750-1024x1024.jpg,Esmer Ekmek,Esmer Ekmek
/home/yapbenzet/Desktop/Jean/cnn_food_classification/data/val/Esmer Ekmek/istockphoto-669343004-1024x1024.jpg,Esmer Ekmek,Esmer Ekmek
/home/yapbenzet/Desktop/Jean/cnn_food_classification/data/val/Esmer Ekmek/istockphoto-682147534-1024x1024.jpg,Esmer Ekmek,Esmer Ekmek
/home/yapbenzet/Desktop/Jean/cnn_food_classification/data/val/Esmer Ekmek/istockphoto-813857106-1024x1024.jpg,Esmer Ekmek,Esmer Ekmek
/home/yapbenzet/Desktop/Jean/cnn_food_classification/data/val/Esmer Ekmek/istockphoto-836158604-1024x1024.jpg,Esmer Ekmek,Esmer Ekmek
/home/yapbenzet/Desktop/Jean/cnn_food_classification/data/val/Esmer Ekmek/istockphoto-859475394-1024x1024.jpg,Esmer Ekmek,Esmer Ekmek
/home/yapbenzet/Desktop/Jean/cnn_food_classification/data/val/Esmer Ekmek/istockphoto-909715198-1024x1024.jpg,Esmer Ekmek,Esmer Ekmek
/home/yapbenzet/Desktop/Jean/cnn_food_classification/data/val/Esmer Ekmek/istockphoto-914104986-1024x1024.jpg,Esmer Ekmek,Esmer Ekmek
/home/yapbenzet/Desktop/Jean/cnn_food_classification/data/val/Esmer Ekmek/nyt-up-170454_attachment-320x427_2.jpg,Esmer Ekmek,Esmer Ekmek
/home/yapbenzet/Desktop/Jean/cnn_food_classification/data/val/Esmer Ekmek/nyt-up-1933321_recipe-2020-04-16-19-26-49-320x427.jpg,Esmer Ekmek,Mısır Ekmeği
/home/yapbenzet/Desktop/Jean/cnn_food_classification/data/val/Esmer Ekmek/nyt-up-3262515_2756613fba36c1cf437621443-320x240.jpeg,Esmer Ekmek,Esmer Ekmek
/home/yapbenzet/Desktop/Jean/cnn_food_classification/data/val/Esmer Ekmek/nyt-up-3262515_995e826a9256e5c622452751-320x240.jpeg,Esmer Ekmek,Esmer Ekmek
/home/yapbenzet/Desktop/Jean/cnn_food_classification/data/val/Esmer Ekmek/nyt-up-3262515_attachment-320x427_2.jpg,Esmer Ekmek,Esmer Ekmek
/home/yapbenzet/Desktop/Jean/cnn_food_classification/data/val/Esmer Ekmek/nyt-up-3262515_attachment-320x427_4.jpg,Esmer Ekmek,Esmer Ekmek
/home/yapbenzet/Desktop/Jean/cnn_food_classification/data/val/Esmer Ekmek/nyt-up-3262515_attachment-320x427_5.jpg,Esmer Ekmek,Esmer Ekmek
/home/yapbenzet/Desktop/Jean/cnn_food_classification/data/val/Esmer Ekmek/nyt-up-3262515_attachment-320x427_7.jpg,Esmer Ekmek,Esmer Ekmek
/home/yapbenzet/Desktop/Jean/cnn_food_classification/data/val/Esmer Ekmek/nyt-up-3262515_attachment-320x427_8.jpg,Esmer Ekmek,Esmer Ekmek
/home/yapbenzet/Desktop/Jean/cnn_food_classification/data/val/Esmer Ekmek/nyt-up-3262515_recipe-2020-03-26-01-07-50-320x503.jpg,Esmer Ekmek,Esmer Ekmek
/home/yapbenzet/Desktop/Jean/cnn_food_classification/data/val/Esmer Ekmek/nyt-up-3262515_recipe-2020-03-27-16-25-08-320x427.jpg,Esmer Ekmek,Mısır Ekmeği
/home/yapbenzet/Desktop/Jean/cnn_food_classification/data/val/Esmer Ekmek/nyt-up-3262515_recipe-2020-03-27-19-43-02-320x569.jpg,Esmer Ekmek,Esmer Ekmek
/home/yapbenzet/Desktop/Jean/cnn_food_classification/data/val/Esmer Ekmek/nyt-up-3262515_recipe-2020-04-17-04-41-12-320x427.jpg,Esmer Ekmek,Esmer Ekmek
/home/yapbenzet/Desktop/Jean/cnn_food_classification/data/val/Esmer Ekmek/nyt-up-3262515_recipe-2020-05-10-21-24-37-320x569.jpg,Esmer Ekmek,Esmer Ekmek
/home/yapbenzet/Desktop/Jean/cnn_food_classification/data/val/Esmer Ekmek/nyt-up-3262515_recipe-2020-05-13-21-33-35-320x640.jpg,Esmer Ekmek,Esmer Ekmek
/home/yapbenzet/Desktop/Jean/cnn_food_classification/data/val/Esmer Ekmek/nyt-up-3262515_recipe-2021-10-02-14-33-29-320x427.jpg,Esmer Ekmek,Esmer Ekmek
/home/yapbenzet/Desktop/Jean/cnn_food_classification/data/val/Esmer Ekmek/nyt-up-3262515_recipe-2022-02-01-10-28-37-320x427.jpg,Esmer Ekmek,Mısır Ekmeği
/home/yapbenzet/Desktop/Jean/cnn_food_classification/data/val/Esmer Ekmek/nyt-up-3262515_recipe-2024-03-14-17-19-30-320x427.jpg,Esmer Ekmek,Esmer Ekmek
/home/yapbenzet/Desktop/Jean/cnn_food_classification/data/val/Esmer Ekmek/nyt-up-3262515_recipe-2024-03-29-11-10-08-320x320.jpg,Esmer Ekmek,Esmer Ekmek
/home/yapbenzet/Desktop/Jean/cnn_food_classification/data/val/Esmer Ekmek/nyt-up-3262515_recipe-2024-05-03-18-41-01-320x427.jpg,Esmer Ekmek,Esmer Ekmek
/home/yapbenzet/Desktop/Jean/cnn_food_classification/data/val/Esmer Ekmek/nyt-up-327458_attachment-320x240_3.jpg,Esmer Ekmek,Esmer Ekmek
/home/yapbenzet/Desktop/Jean/cnn_food_classification/data/val/Esmer Ekmek/nyt-up-327458_attachment-320x240_7.jpg,Esmer Ekmek,Tavuk
/home/yapbenzet/Desktop/Jean/cnn_food_classification/data/val/Esmer Ekmek/nyt-up-327458_attachment-320x240_8.jpg,Esmer Ekmek,Esmer Ekmek
/home/yapbenzet/Desktop/Jean/cnn_food_classification/data/val/Esmer Ekmek/nyt-up-327458_attachment-320x427_10.jpg,Esmer Ekmek,Esmer Ekmek
/home/yapbenzet/Desktop/Jean/cnn_food_classification/data/val/Esmer Ekmek/nyt-up-327458_attachment-320x427_11.jpg,Esmer Ekmek,Esmer Ekmek
/home/yapbenzet/Desktop/Jean/cnn_food_classification/data/val/Esmer Ekmek/nyt-up-327458_attachment-320x427_17.jpg,Esmer Ekmek,Esmer Ekmek
/home/yapbenzet/Desktop/Jean/cnn_food_classification/data/val/Esmer Ekmek/nyt-up-327458_attachment-320x427_5.jpg,Esmer Ekmek,Esmer Ekmek
/home/yapbenzet/Desktop/Jean/cnn_food_classification/data/val/Esmer Ekmek/nyt-up-327458_attachment-320x427_9.jpg,Esmer Ekmek,Esmer Ekmek
/home/yapbenzet/Desktop/Jean/cnn_food_classification/data/val/Esmer Ekmek/nyt-up-327458_attachment-320x569.jpg,Esmer Ekmek,Esmer Ekmek
/home/yapbenzet/Desktop/Jean/cnn_food_classification/data/val/Esmer Ekmek/nyt-up-327458_recipe-2019-12-29-23-46-10-320x428.jpg,Esmer Ekmek,Esmer Ekmek
/home/yapbenzet/Desktop/Jean/cnn_food_classification/data/val/Esmer Ekmek/nyt-up-327458_recipe-2020-03-27-00-08-32-320x240.jpg,Esmer Ekmek,Esmer Ekmek
/home/yapbenzet/Desktop/Jean/cnn_food_classification/data/val/Esmer Ekmek/nyt-up-327458_recipe-2020-03-30-23-44-17-315x640.jpg,Esmer Ekmek,Esmer Ekmek
/home/yapbenzet/Desktop/Jean/cnn_food_classification/data/val/Esmer Ekmek/nyt-up-327458_recipe-2020-05-16-15-35-10-320x569.jpg,Esmer Ekmek,Esmer Ekmek
/home/yapbenzet/Desktop/Jean/cnn_food_classification/data/val/Esmer Ekmek/nyt-up-327458_recipe-2020-11-28-18-02-54-320x427.jpg,Esmer Ekmek,Esmer Ekmek
/home/yapbenzet/Desktop/Jean/cnn_food_classification/data/val/Esmer Ekmek/nyt-up-327458_recipe-2020-12-02-12-14-53-320x240.jpg,Esmer Ekmek,Esmer Ekmek
/home/yapbenzet/Desktop/Jean/cnn_food_classification/data/val/Esmer Ekmek/nyt-up-327458_recipe-2021-01-26-16-33-27-320x240.jpg,Esmer Ekmek,Esmer Ekmek
/home/yapbenzet/Desktop/Jean/cnn_food_classification/data/val/Esmer Ekmek/nyt-up-327458_recipe-2024-02-17-10-17-51-320x427.jpg,Esmer Ekmek,Esmer Ekmek
/home/yapbenzet/Desktop/Jean/cnn_food_classification/data/val/Esmer Ekmek/nyt-up-327458_recipe-2024-03-04-17-57-05-320x567.jpg,Esmer Ekmek,Esmer Ekmek
/home/yapbenzet/Desktop/Jean/cnn_food_classification/data/val/Esmer Ekmek/nyt-up-3503157_attachment-2-320x569.jpg,Esmer Ekmek,Tavuk
/home/yapbenzet/Desktop/Jean/cnn_food_classification/data/val/Esmer Ekmek/nyt-up-514293_recipe-2020-05-12-19-57-45-295x640.jpg,Esmer Ekmek,Tavuk
/home/yapbenzet/Desktop/Jean/cnn_food_classification/data/val/Esmer Ekmek/nyt-up-6911673_attachment-320x240.jpg,Esmer Ekmek,Esmer Ekmek
/home/yapbenzet/Desktop/Jean/cnn_food_classification/data/val/Esmer Ekmek/nyt-up-6911673_attachment-320x427_2.jpg,Esmer Ekmek,Esmer Ekmek
/home/yapbenzet/Desktop/Jean/cnn_food_classification/data/val/Esmer Ekmek/nyt-up-6911673_recipe-2020-03-08-18-12-58-320x240.jpg,Esmer Ekmek,Kadayıf
/home/yapbenzet/Desktop/Jean/cnn_food_classification/data/val/Esmer Ekmek/nyt-up-6911673_recipe-2020-03-24-18-23-59-320x180.jpg,Esmer Ekmek,Börek
/home/yapbenzet/Desktop/Jean/cnn_food_classification/data/val/Esmer Ekmek/nyt-up-6911673_recipe-2020-04-20-07-49-08-320x427.jpg,Esmer Ekmek,Esmer Ekmek
/home/yapbenzet/Desktop/Jean/cnn_food_classification/data/val/Esmer Ekmek/nyt-up-6911673_recipe-2021-10-09-13-25-45-320x428.jpg,Esmer Ekmek,Esmer Ekmek
/home/yapbenzet/Desktop/Jean/cnn_food_classification/data/val/Esmer Ekmek/nyt_up_1933321_attachment-320x240.jpg,Esmer Ekmek,Yulaf Ekmeği
/home/yapbenzet/Desktop/Jean/cnn_food_classification/data/val/Esmer Ekmek/nyt_up_1933321_nyt-up-1933321-img-20180920-193207-320x533.jpg,Esmer Ekmek,Esmer Ekmek
/home/yapbenzet/Desktop/Jean/cnn_food_classification/data/val/Esmer Ekmek/nyt_up_3262515_attachment-320x427.jpg,Esmer Ekmek,Esmer Ekmek
/home/yapbenzet/Desktop/Jean/cnn_food_classification/data/val/Esmer Ekmek/nyt_up_3262515_nyt-up-3262515-img-20180330-wa0003-320x180.jpg,Esmer Ekmek,Esmer Ekmek
/home/yapbenzet/Desktop/Jean/cnn_food_classification/data/val/Esmer Ekmek/nyt_up_3262515_recipe-2018-08-12-13-49-54-320x569.jpg,Esmer Ekmek,Esmer Ekmek
/home/yapbenzet/Desktop/Jean/cnn_food_classification/data/val/Esmer Ekmek/nyt_up_3262515_recipe-2018-11-05-23-52-09-320x156.jpg,Esmer Ekmek,Esmer Ekmek
/home/yapbenzet/Desktop/Jean/cnn_food_classification/data/val/Esmer Ekmek/nyt_up_327458_59d2433a32280-320x179.jpg,Esmer Ekmek,Esmer Ekmek
/home/yapbenzet/Desktop/Jean/cnn_food_classification/data/val/Esmer Ekmek/nyt_up_327458_attachment-320x181.jpg,Esmer Ekmek,Esmer Ekmek
/home/yapbenzet/Desktop/Jean/cnn_food_classification/data/val/Esmer Ekmek/nyt_up_327458_attachment-320x240_8.jpg,Esmer Ekmek,Esmer Ekmek
/home/yapbenzet/Desktop/Jean/cnn_food_classification/data/val/Esmer Ekmek/nyt_up_327458_attachment-320x320_3.jpg,Esmer Ekmek,Esmer Ekmek
/home/yapbenzet/Desktop/Jean/cnn_food_classification/data/val/Esmer Ekmek/nyt_up_327458_attachment-320x427_1.jpg,Esmer Ekmek,Esmer Ekmek
/home/yapbenzet/Desktop/Jean/cnn_food_classification/data/val/Esmer Ekmek/nyt_up_327458_image-320x240.jpg,Esmer Ekmek,Esmer Ekmek
/home/yapbenzet/Desktop/Jean/cnn_food_classification/data/val/Esmer Ekmek/nyt_up_327458_recipe-2016-04-22-00-28-39-320x180.jpg,Esmer Ekmek,Esmer Ekmek
/home/yapbenzet/Desktop/Jean/cnn_food_classification/data/val/Esmer Ekmek/nyt_up_327458_recipe-2016-08-28-18-41-57-320x427.jpg,Esmer Ekmek,Esmer Ekmek
/home/yapbenzet/Desktop/Jean/cnn_food_classification/data/val/Esmer Ekmek/nyt_up_327458_recipe-2017-03-08-22-13-48-320x427.jpg,Esmer Ekmek,Esmer Ekmek
/home/yapbenzet/Desktop/Jean/cnn_food_classification/data/val/Esmer Ekmek/nyt_up_327458_recipe-2018-03-08-23-50-51-320x248.jpg,Esmer Ekmek,Hamburger
/home/yapbenzet/Desktop/Jean/cnn_food_classification/data/val/Esmer Ekmek/nyt_up_327458_recipe-2018-04-26-18-12-26-320x240.jpg,Esmer Ekmek,Esmer Ekmek
/home/yapbenzet/Desktop/Jean/cnn_food_classification/data/val/Esmer Ekmek/nyt_up_327458_recipe-2018-09-12-08-23-47-320x240.jpg,Esmer Ekmek,Esmer Ekmek
/home/yapbenzet/Desktop/Jean/cnn_food_classification/data/val/Esmer Ekmek/nyt_up_327458_recipe-2019-02-25-19-25-29-320x180.jpg,Esmer Ekmek,Esmer Ekmek
/home/yapbenzet/Desktop/Jean/cnn_food_classification/data/val/Esmer Ekmek/tam-bugday-unlu-porsiyonluk-ekmekler-diyet-ekmegi2-320x213.jpg,Esmer Ekmek,Esmer Ekmek
/home/yapbenzet/Desktop/Jean/cnn_food_classification/data/val/Ezogelin Çorbası/000001.jpg,Ezogelin Çorbası,Ezogelin Çorbası
/home/yapbenzet/Desktop/Jean/cnn_food_classification/data/val/Ezogelin Çorbası/000002.jpg,Ezogelin Çorbası,Ezogelin Çorbası
/home/yapbenzet/Desktop/Jean/cnn_food_classification/data/val/Ezogelin Çorbası/000004.jpg,Ezogelin Çorbası,Ezogelin Çorbası
/home/yapbenzet/Desktop/Jean/cnn_food_classification/data/val/Ezogelin Çorbası/000006.jpg,Ezogelin Çorbası,Ezogelin Çorbası
/home/yapbenzet/Desktop/Jean/cnn_food_classification/data/val/Ezogelin Çorbası/000009.jpg,Ezogelin Çorbası,Ezogelin Çorbası
/home/yapbenzet/Desktop/Jean/cnn_food_classification/data/val/Ezogelin Çorbası/000009_aug_8.png,Ezogelin Çorbası,Ezogelin Çorbası
/home/yapbenzet/Desktop/Jean/cnn_food_classification/data/val/Ezogelin Çorbası/000019.png,Ezogelin Çorbası,Tarhana Çorbası
/home/yapbenzet/Desktop/Jean/cnn_food_classification/data/val/Ezogelin Çorbası/000023.jpg,Ezogelin Çorbası,Ezogelin Çorbası
/home/yapbenzet/Desktop/Jean/cnn_food_classification/data/val/Ezogelin Çorbası/000030.jpg,Ezogelin Çorbası,Ezogelin Çorbası
/home/yapbenzet/Desktop/Jean/cnn_food_classification/data/val/Ezogelin Çorbası/000035.jpg,Ezogelin Çorbası,Ezogelin Çorbası
/home/yapbenzet/Desktop/Jean/cnn_food_classification/data/val/Ezogelin Çorbası/000042.jpg,Ezogelin Çorbası,Ezogelin Çorbası
/home/yapbenzet/Desktop/Jean/cnn_food_classification/data/val/Ezogelin Çorbası/000045.jpg,Ezogelin Çorbası,Mercimek Çorbası
/home/yapbenzet/Desktop/Jean/cnn_food_classification/data/val/Ezogelin Çorbası/000069.jpg,Ezogelin Çorbası,Ezogelin Çorbası
/home/yapbenzet/Desktop/Jean/cnn_food_classification/data/val/Ezogelin Çorbası/000069_aug_73.jpg,Ezogelin Çorbası,Tarhana Çorbası
/home/yapbenzet/Desktop/Jean/cnn_food_classification/data/val/Ezogelin Çorbası/000070.jpg,Ezogelin Çorbası,Ezogelin Çorbası
/home/yapbenzet/Desktop/Jean/cnn_food_classification/data/val/Ezogelin Çorbası/ezogelin-corbasi-tarifi-7.jpg,Ezogelin Çorbası,Ezogelin Çorbası
/home/yapbenzet/Desktop/Jean/cnn_food_classification/data/val/Ezogelin Çorbası/ezogelin-corbasinin-yanina-videolu-10-ana-yemek-320x213.jpg,Ezogelin Çorbası,Ezogelin Çorbası
/home/yapbenzet/Desktop/Jean/cnn_food_classification/data/val/Ezogelin Çorbası/nyt-up-113220_recipe-2019-05-08-13-24-58-320x427.jpg,Ezogelin Çorbası,Ezogelin Çorbası
/home/yapbenzet/Desktop/Jean/cnn_food_classification/data/val/Ezogelin Çorbası/nyt-up-113220_recipe-2019-05-09-18-27-09-320x568.jpg,Ezogelin Çorbası,Ezogelin Çorbası
/home/yapbenzet/Desktop/Jean/cnn_food_classification/data/val/Ezogelin Çorbası/nyt-up-113220_recipe-2019-08-23-15-50-02-320x427.jpg,Ezogelin Çorbası,Ezogelin Çorbası
/home/yapbenzet/Desktop/Jean/cnn_food_classification/data/val/Ezogelin Çorbası/nyt-up-113220_recipe-2019-11-07-18-29-15-e1573142202639-320x569.jpg,Ezogelin Çorbası,Tarhana Çorbası
/home/yapbenzet/Desktop/Jean/cnn_food_classification/data/val/Ezogelin Çorbası/nyt-up-113220_recipe-2020-03-22-17-56-25-320x568.jpg,Ezogelin Çorbası,Ezogelin Çorbası
/home/yapbenzet/Desktop/Jean/cnn_food_classification/data/val/Ezogelin Çorbası/nyt-up-113220_recipe-2020-04-21-15-53-15-320x432.jpg,Ezogelin Çorbası,Ezogelin Çorbası
/home/yapbenzet/Desktop/Jean/cnn_food_classification/data/val/Ezogelin Çorbası/nyt-up-113220_recipe-2020-08-08-18-27-11-320x427.jpg,Ezogelin Çorbası,Ezogelin Çorbası
/home/yapbenzet/Desktop/Jean/cnn_food_classification/data/val/Ezogelin Çorbası/nyt-up-113220_recipe-2021-01-27-18-31-30-320x426.jpg,Ezogelin Çorbası,Ezogelin Çorbası
/home/yapbenzet/Desktop/Jean/cnn_food_classification/data/val/Ezogelin Çorbası/nyt-up-113220_recipe-2021-02-05-14-07-12-320x427.jpg,Ezogelin Çorbası,Ezogelin Çorbası
/home/yapbenzet/Desktop/Jean/cnn_food_classification/data/val/Ezogelin Çorbası/nyt-up-113220_recipe-2021-02-05-15-16-56-320x427.jpg,Ezogelin Çorbası,Ezogelin Çorbası
/home/yapbenzet/Desktop/Jean/cnn_food_classification/data/val/Ezogelin Çorbası/nyt-up-113220_recipe-2021-04-24-18-31-40-320x427.jpg,Ezogelin Çorbası,Ezogelin Çorbası
/home/yapbenzet/Desktop/Jean/cnn_food_classification/data/val/Ezogelin Çorbası/nyt-up-113220_recipe-2021-07-12-16-22-30-320x427.jpg,Ezogelin Çorbası,Mercimek Çorbası
/home/yapbenzet/Desktop/Jean/cnn_food_classification/data/val/Ezogelin Çorbası/nyt-up-113220_recipe-2022-04-17-17-43-41-320x427.jpg,Ezogelin Çorbası,Ezogelin Çorbası
/home/yapbenzet/Desktop/Jean/cnn_food_classification/data/val/Ezogelin Çorbası/nyt-up-113220_recipe-2022-06-13-16-18-04-320x427.jpg,Ezogelin Çorbası,Ezogelin Çorbası
/home/yapbenzet/Desktop/Jean/cnn_food_classification/data/val/Ezogelin Çorbası/nyt-up-113220_recipe-2022-07-22-17-48-40-288x640.jpg,Ezogelin Çorbası,Ezogelin Çorbası
/home/yapbenzet/Desktop/Jean/cnn_food_classification/data/val/Ezogelin Çorbası/nyt-up-113220_recipe-2022-11-28-20-04-54-320x144.jpg,Ezogelin Çorbası,Ezogelin Çorbası
/home/yapbenzet/Desktop/Jean/cnn_food_classification/data/val/Ezogelin Çorbası/nyt-up-113220_recipe-2022-12-20-13-11-27-320x428.jpg,Ezogelin Çorbası,Tarhana Çorbası
/home/yapbenzet/Desktop/Jean/cnn_food_classification/data/val/Ezogelin Çorbası/nyt-up-113220_recipe-2023-02-28-13-51-14-320x427.jpg,Ezogelin Çorbası,Ezogelin Çorbası
/home/yapbenzet/Desktop/Jean/cnn_food_classification/data/val/Ezogelin Çorbası/nyt-up-113220_recipe-2023-06-01-16-44-37-320x427.jpg,Ezogelin Çorbası,Mercimek Çorbası
/home/yapbenzet/Desktop/Jean/cnn_food_classification/data/val/Ezogelin Çorbası/nyt-up-113220_recipe-2024-06-24-19-29-04-320x427.jpg,Ezogelin Çorbası,Ezogelin Çorbası
/home/yapbenzet/Desktop/Jean/cnn_food_classification/data/val/Ezogelin Çorbası/nyt-up-113220_recipe-2024-12-23-19-46-41-320x425.jpg,Ezogelin Çorbası,Ezogelin Çorbası
/home/yapbenzet/Desktop/Jean/cnn_food_classification/data/val/Ezogelin Çorbası/nyt-up-51487_5136544dc6404a8d513697965-296x640.jpg,Ezogelin Çorbası,Ezogelin Çorbası
/home/yapbenzet/Desktop/Jean/cnn_food_classification/data/val/Ezogelin Çorbası/nyt-up-51487_attachment-320x180.jpg,Ezogelin Çorbası,Ezogelin Çorbası
/home/yapbenzet/Desktop/Jean/cnn_food_classification/data/val/Ezogelin Çorbası/nyt-up-51487_attachment-320x240.jpg,Ezogelin Çorbası,Ezogelin Çorbası
/home/yapbenzet/Desktop/Jean/cnn_food_classification/data/val/Ezogelin Çorbası/nyt-up-51487_attachment-320x320.jpg,Ezogelin Çorbası,Ezogelin Çorbası
/home/yapbenzet/Desktop/Jean/cnn_food_classification/data/val/Ezogelin Çorbası/nyt-up-51487_recipe-2019-05-14-20-06-22-320x240.jpg,Ezogelin Çorbası,Mercimek Çorbası
/home/yapbenzet/Desktop/Jean/cnn_food_classification/data/val/Ezogelin Çorbası/nyt-up-51487_recipe-2019-10-30-17-11-46-320x427.jpg,Ezogelin Çorbası,Ezogelin Çorbası
/home/yapbenzet/Desktop/Jean/cnn_food_classification/data/val/Ezogelin Çorbası/nyt-up-51487_recipe-2020-03-05-20-37-57-320x569.jpg,Ezogelin Çorbası,Tarhana Çorbası
/home/yapbenzet/Desktop/Jean/cnn_food_classification/data/val/Ezogelin Çorbası/nyt-up-51487_recipe-2020-03-21-19-30-24-320x427.jpg,Ezogelin Çorbası,Mercimek Çorbası
/home/yapbenzet/Desktop/Jean/cnn_food_classification/data/val/Ezogelin Çorbası/nyt-up-51487_recipe-2020-04-09-19-19-15-320x568.jpg,Ezogelin Çorbası,Ezogelin Çorbası
/home/yapbenzet/Desktop/Jean/cnn_food_classification/data/val/Ezogelin Çorbası/nyt-up-51487_recipe-2020-04-25-20-55-01-320x427.jpg,Ezogelin Çorbası,Ezogelin Çorbası
/home/yapbenzet/Desktop/Jean/cnn_food_classification/data/val/Ezogelin Çorbası/nyt-up-51487_recipe-2020-04-29-17-58-46-311x640.jpg,Ezogelin Çorbası,Mercimek Çorbası
/home/yapbenzet/Desktop/Jean/cnn_food_classification/data/val/Ezogelin Çorbası/nyt-up-51487_recipe-2020-05-03-19-26-14-320x240.jpg,Ezogelin Çorbası,Ezogelin Çorbası
/home/yapbenzet/Desktop/Jean/cnn_food_classification/data/val/Ezogelin Çorbası/nyt-up-51487_recipe-2021-03-27-13-42-40-320x427.jpg,Ezogelin Çorbası,Ezogelin Çorbası
/home/yapbenzet/Desktop/Jean/cnn_food_classification/data/val/Ezogelin Çorbası/nyt-up-51487_recipe-2021-04-19-16-54-04-320x427.jpg,Ezogelin Çorbası,Mercimek Çorbası
/home/yapbenzet/Desktop/Jean/cnn_food_classification/data/val/Ezogelin Çorbası/nyt-up-51487_recipe-2021-04-22-11-38-43-288x640.jpg,Ezogelin Çorbası,Ezogelin Çorbası
/home/yapbenzet/Desktop/Jean/cnn_food_classification/data/val/Ezogelin Çorbası/nyt-up-51487_recipe-2021-04-24-01-53-31-320x427.jpg,Ezogelin Çorbası,Tarhana Çorbası
/home/yapbenzet/Desktop/Jean/cnn_food_classification/data/val/Ezogelin Çorbası/nyt-up-51487_recipe-2021-09-27-15-52-21-320x427.jpg,Ezogelin Çorbası,Tarhana Çorbası
/home/yapbenzet/Desktop/Jean/cnn_food_classification/data/val/Ezogelin Çorbası/nyt-up-51487_recipe-2022-01-17-19-08-51-320x427.jpg,Ezogelin Çorbası,Ezogelin Çorbası
/home/yapbenzet/Desktop/Jean/cnn_food_classification/data/val/Ezogelin Çorbası/nyt-up-51487_recipe-2022-01-26-17-59-43-320x427.jpg,Ezogelin Çorbası,Mercimek Çorbası
/home/yapbenzet/Desktop/Jean/cnn_food_classification/data/val/Ezogelin Çorbası/nyt-up-51487_recipe-2022-04-10-16-39-35-320x428.jpg,Ezogelin Çorbası,Tarhana Çorbası
/home/yapbenzet/Desktop/Jean/cnn_food_classification/data/val/Ezogelin Çorbası/nyt-up-51487_recipe-2022-10-24-15-09-35-320x426.jpg,Ezogelin Çorbası,Tarhana Çorbası
/home/yapbenzet/Desktop/Jean/cnn_food_classification/data/val/Ezogelin Çorbası/nyt-up-51487_recipe-2023-03-22-18-47-07-320x427.jpg,Ezogelin Çorbası,Ezogelin Çorbası
/home/yapbenzet/Desktop/Jean/cnn_food_classification/data/val/Ezogelin Çorbası/nyt-up-51487_recipe-2023-03-26-17-07-09-320x427.jpg,Ezogelin Çorbası,Ezogelin Çorbası
/home/yapbenzet/Desktop/Jean/cnn_food_classification/data/val/Ezogelin Çorbası/nyt-up-51487_recipe-2023-03-26-19-57-44-320x427.jpg,Ezogelin Çorbası,Tarhana Çorbası
/home/yapbenzet/Desktop/Jean/cnn_food_classification/data/val/Ezogelin Çorbası/nyt-up-51487_recipe-2023-04-04-14-41-57-320x427.jpg,Ezogelin Çorbası,Ezogelin Çorbası
/home/yapbenzet/Desktop/Jean/cnn_food_classification/data/val/Ezogelin Çorbası/nyt-up-51487_recipe-2023-10-02-15-00-28-320x427.jpg,Ezogelin Çorbası,Mercimek Çorbası
/home/yapbenzet/Desktop/Jean/cnn_food_classification/data/val/Ezogelin Çorbası/nyt-up-51487_recipe-2023-10-02-21-19-17-320x427.jpg,Ezogelin Çorbası,Ezogelin Çorbası
/home/yapbenzet/Desktop/Jean/cnn_food_classification/data/val/Ezogelin Çorbası/nyt_up_113220_5829a76490653-320x180.jpg,Ezogelin Çorbası,Ezogelin Çorbası
/home/yapbenzet/Desktop/Jean/cnn_food_classification/data/val/Ezogelin Çorbası/nyt_up_113220_attachment-1-320x427.jpg,Ezogelin Çorbası,Haşlanmış Yumurta
/home/yapbenzet/Desktop/Jean/cnn_food_classification/data/val/Ezogelin Çorbası/nyt_up_113220_attachment-240x320.jpg,Ezogelin Çorbası,Ezogelin Çorbası
/home/yapbenzet/Desktop/Jean/cnn_food_classification/data/val/Ezogelin Çorbası/nyt_up_113220_nyt-up-113220-dsc-0134-320x180.jpg,Ezogelin Çorbası,Mercimek Çorbası
/home/yapbenzet/Desktop/Jean/cnn_food_classification/data/val/Ezogelin Çorbası/nyt_up_113220_recipe-2015-03-15-14-46-20-320x568.jpg,Ezogelin Çorbası,Ezogelin Çorbası
/home/yapbenzet/Desktop/Jean/cnn_food_classification/data/val/Ezogelin Çorbası/nyt_up_113220_recipe-2015-04-24-20-24-35-e1429895981512-320x427.jpg,Ezogelin Çorbası,Ezogelin Çorbası
/home/yapbenzet/Desktop/Jean/cnn_food_classification/data/val/Ezogelin Çorbası/nyt_up_113220_recipe-2015-04-28-17-15-52-320x427.jpg,Ezogelin Çorbası,Ezogelin Çorbası
/home/yapbenzet/Desktop/Jean/cnn_food_classification/data/val/Ezogelin Çorbası/nyt_up_113220_recipe-2015-06-21-20-34-09-320x427.jpg,Ezogelin Çorbası,Ezogelin Çorbası
/home/yapbenzet/Desktop/Jean/cnn_food_classification/data/val/Ezogelin Çorbası/nyt_up_113220_recipe-2016-02-01-14-46-06-320x427.jpg,Ezogelin Çorbası,Tarhana Çorbası
/home/yapbenzet/Desktop/Jean/cnn_food_classification/data/val/Ezogelin Çorbası/nyt_up_113220_recipe-2016-06-14-20-10-40-320x180.jpg,Ezogelin Çorbası,Ezogelin Çorbası
/home/yapbenzet/Desktop/Jean/cnn_food_classification/data/val/Ezogelin Çorbası/nyt_up_113220_recipe-2016-06-30-20-16-52-320x569.jpg,Ezogelin Çorbası,Ezogelin Çorbası
/home/yapbenzet/Desktop/Jean/cnn_food_classification/data/val/Ezogelin Çorbası/nyt_up_113220_recipe-2017-03-22-20-25-26-320x427.jpg,Ezogelin Çorbası,Ezogelin Çorbası
/home/yapbenzet/Desktop/Jean/cnn_food_classification/data/val/Ezogelin Çorbası/nyt_up_113220_recipe-2017-06-12-22-03-20-320x180.jpg,Ezogelin Çorbası,Ezogelin Çorbası
/home/yapbenzet/Desktop/Jean/cnn_food_classification/data/val/Ezogelin Çorbası/nyt_up_113220_recipe-2017-09-22-21-21-32-320x533.jpg,Ezogelin Çorbası,Ezogelin Çorbası
/home/yapbenzet/Desktop/Jean/cnn_food_classification/data/val/Ezogelin Çorbası/nyt_up_113220_recipe-2017-11-16-19-48-47-320x568.jpg,Ezogelin Çorbası,Ezogelin Çorbası
/home/yapbenzet/Desktop/Jean/cnn_food_classification/data/val/Ezogelin Çorbası/nyt_up_113220_recipe-2018-01-17-14-02-59-320x569.jpg,Ezogelin Çorbası,Tarhana Çorbası
/home/yapbenzet/Desktop/Jean/cnn_food_classification/data/val/Ezogelin Çorbası/nyt_up_113220_recipe-2018-03-27-20-22-54-320x240.jpg,Ezogelin Çorbası,Ezogelin Çorbası
/home/yapbenzet/Desktop/Jean/cnn_food_classification/data/val/Ezogelin Çorbası/nyt_up_113220_recipe-2018-05-03-16-28-14-320x568.jpg,Ezogelin Çorbası,Ezogelin Çorbası
/home/yapbenzet/Desktop/Jean/cnn_food_classification/data/val/Ezogelin Çorbası/nyt_up_113220_recipe-2018-05-30-16-19-12-320x569.jpg,Ezogelin Çorbası,Ezogelin Çorbası
/home/yapbenzet/Desktop/Jean/cnn_food_classification/data/val/Ezogelin Çorbası/nyt_up_113220_recipe-2018-07-27-13-14-28-320x569.jpg,Ezogelin Çorbası,Ezogelin Çorbası
/home/yapbenzet/Desktop/Jean/cnn_food_classification/data/val/Ezogelin Çorbası/nyt_up_113220_recipe-2018-11-17-14-38-31-320x180.jpg,Ezogelin Çorbası,Ezogelin Çorbası
/home/yapbenzet/Desktop/Jean/cnn_food_classification/data/val/Ezogelin Çorbası/nyt_up_113220_recipe-2018-11-18-18-06-26-320x568.jpg,Ezogelin Çorbası,Ezogelin Çorbası
/home/yapbenzet/Desktop/Jean/cnn_food_classification/data/val/Ezogelin Çorbası/nyt_up_113220_recipe-2019-01-10-11-30-33-320x427.jpg,Ezogelin Çorbası,Ezogelin Çorbası
/home/yapbenzet/Desktop/Jean/cnn_food_classification/data/val/Ezogelin Çorbası/nyt_up_113220_recipe-2019-01-25-11-37-14-320x568.jpg,Ezogelin Çorbası,Tarhana Çorbası
/home/yapbenzet/Desktop/Jean/cnn_food_classification/data/val/Ezogelin Çorbası/nyt_up_113220_recipe-2019-02-15-14-16-13-320x156.jpg,Ezogelin Çorbası,Mercimek Çorbası
/home/yapbenzet/Desktop/Jean/cnn_food_classification/data/val/Ezogelin Çorbası/nyt_up_51487_20141019_145249-320x240.jpg,Ezogelin Çorbası,Ezogelin Çorbası
/home/yapbenzet/Desktop/Jean/cnn_food_classification/data/val/Ezogelin Çorbası/nyt_up_51487_20160204_153950-e1454594108599-320x569.jpg,Ezogelin Çorbası,Ezogelin Çorbası
/home/yapbenzet/Desktop/Jean/cnn_food_classification/data/val/Ezogelin Çorbası/nyt_up_51487_58519a3a0f01c-320x180.jpg,Ezogelin Çorbası,Ezogelin Çorbası
/home/yapbenzet/Desktop/Jean/cnn_food_classification/data/val/Ezogelin Çorbası/nyt_up_51487_593da9372664f-320x240.jpg,Ezogelin Çorbası,Ezogelin Çorbası
/home/yapbenzet/Desktop/Jean/cnn_food_classification/data/val/Ezogelin Çorbası/nyt_up_51487_DSCF1890-320x238.jpg,Ezogelin Çorbası,Ezogelin Çorbası
/home/yapbenzet/Desktop/Jean/cnn_food_classification/data/val/Ezogelin Çorbası/nyt_up_51487_IMG_20150316_200343-320x240.jpg,Ezogelin Çorbası,Ezogelin Çorbası
/home/yapbenzet/Desktop/Jean/cnn_food_classification/data/val/Ezogelin Çorbası/nyt_up_51487_PicsArt_1417967137181-320x180.jpg,Ezogelin Çorbası,Ezogelin Çorbası
/home/yapbenzet/Desktop/Jean/cnn_food_classification/data/val/Ezogelin Çorbası/nyt_up_51487_attachment-240x320.jpg,Ezogelin Çorbası,Ezogelin Çorbası
/home/yapbenzet/Desktop/Jean/cnn_food_classification/data/val/Ezogelin Çorbası/nyt_up_51487_attachment-320x213.jpg,Ezogelin Çorbası,Ezogelin Çorbası
/home/yapbenzet/Desktop/Jean/cnn_food_classification/data/val/Ezogelin Çorbası/nyt_up_51487_attachment-320x333.jpg,Ezogelin Çorbası,Ezogelin Çorbası
/home/yapbenzet/Desktop/Jean/cnn_food_classification/data/val/Ezogelin Çorbası/nyt_up_51487_attachment-320x568.jpg,Ezogelin Çorbası,Ezogelin Çorbası
/home/yapbenzet/Desktop/Jean/cnn_food_classification/data/val/Ezogelin Çorbası/nyt_up_51487_attachment1-320x240.jpg,Ezogelin Çorbası,Ezogelin Çorbası
/home/yapbenzet/Desktop/Jean/cnn_food_classification/data/val/Ezogelin Çorbası/nyt_up_51487_nyt-up-51487-img-3493-320x240.jpg,Ezogelin Çorbası,Ezogelin Çorbası
/home/yapbenzet/Desktop/Jean/cnn_food_classification/data/val/Ezogelin Çorbası/nyt_up_51487_recipe-2014-12-17-18-33-29-320x240.jpg,Ezogelin Çorbası,Ezogelin Çorbası
/home/yapbenzet/Desktop/Jean/cnn_food_classification/data/val/Ezogelin Çorbası/nyt_up_51487_recipe-2014-12-18-16-46-55-320x318.jpg,Ezogelin Çorbası,Ezogelin Çorbası
/home/yapbenzet/Desktop/Jean/cnn_food_classification/data/val/Ezogelin Çorbası/nyt_up_51487_recipe-2015-05-17-20-20-39-320x192.jpg,Ezogelin Çorbası,Mercimek Çorbası
/home/yapbenzet/Desktop/Jean/cnn_food_classification/data/val/Ezogelin Çorbası/nyt_up_51487_recipe-2015-06-25-21-08-18-320x427.jpg,Ezogelin Çorbası,Ezogelin Çorbası
/home/yapbenzet/Desktop/Jean/cnn_food_classification/data/val/Ezogelin Çorbası/nyt_up_51487_recipe-2015-07-02-21-55-39-e1435862749416-320x427.jpg,Ezogelin Çorbası,Ezogelin Çorbası
/home/yapbenzet/Desktop/Jean/cnn_food_classification/data/val/Ezogelin Çorbası/nyt_up_51487_recipe-2015-07-16-20-17-45-320x240.jpg,Ezogelin Çorbası,Ezogelin Çorbası
/home/yapbenzet/Desktop/Jean/cnn_food_classification/data/val/Ezogelin Çorbası/nyt_up_51487_recipe-2015-09-11-15-44-45-320x240.jpg,Ezogelin Çorbası,Ezogelin Çorbası
/home/yapbenzet/Desktop/Jean/cnn_food_classification/data/val/Ezogelin Çorbası/nyt_up_51487_recipe-2015-09-12-21-44-56-320x569.jpg,Ezogelin Çorbası,Ezogelin Çorbası
/home/yapbenzet/Desktop/Jean/cnn_food_classification/data/val/Ezogelin Çorbası/nyt_up_51487_recipe-2015-11-09-19-13-55-320x569.jpg,Ezogelin Çorbası,Ezogelin Çorbası
/home/yapbenzet/Desktop/Jean/cnn_food_classification/data/val/Ezogelin Çorbası/nyt_up_51487_recipe-2015-12-31-12-43-18-320x180.jpg,Ezogelin Çorbası,Ezogelin Çorbası
/home/yapbenzet/Desktop/Jean/cnn_food_classification/data/val/Ezogelin Çorbası/nyt_up_51487_recipe-2016-01-04-19-39-57-320x180.jpg,Ezogelin Çorbası,Ezogelin Çorbası
/home/yapbenzet/Desktop/Jean/cnn_food_classification/data/val/Ezogelin Çorbası/nyt_up_51487_recipe-2016-03-25-17-46-41-320x427.jpg,Ezogelin Çorbası,Ezogelin Çorbası
/home/yapbenzet/Desktop/Jean/cnn_food_classification/data/val/Ezogelin Çorbası/nyt_up_51487_recipe-2016-05-11-22-40-36-320x180.jpg,Ezogelin Çorbası,Ezogelin Çorbası
/home/yapbenzet/Desktop/Jean/cnn_food_classification/data/val/Ezogelin Çorbası/nyt_up_51487_recipe-2016-05-11-22-41-35-320x180.jpg,Ezogelin Çorbası,Tarhana Çorbası
/home/yapbenzet/Desktop/Jean/cnn_food_classification/data/val/Ezogelin Çorbası/nyt_up_51487_recipe-2016-06-26-13-22-32-320x569.jpg,Ezogelin Çorbası,Ezogelin Çorbası
/home/yapbenzet/Desktop/Jean/cnn_food_classification/data/val/Ezogelin Çorbası/nyt_up_51487_recipe-2016-10-11-20-31-03-320x180.jpg,Ezogelin Çorbası,Ezogelin Çorbası
/home/yapbenzet/Desktop/Jean/cnn_food_classification/data/val/Ezogelin Çorbası/nyt_up_51487_recipe-2016-12-09-17-56-23-320x180.jpg,Ezogelin Çorbası,Ezogelin Çorbası
/home/yapbenzet/Desktop/Jean/cnn_food_classification/data/val/Ezogelin Çorbası/nyt_up_51487_recipe-2016-12-28-22-24-29-320x179.jpg,Ezogelin Çorbası,Ezogelin Çorbası
/home/yapbenzet/Desktop/Jean/cnn_food_classification/data/val/Ezogelin Çorbası/nyt_up_51487_recipe-2017-02-09-19-20-58-320x240.jpg,Ezogelin Çorbası,Ezogelin Çorbası
/home/yapbenzet/Desktop/Jean/cnn_food_classification/data/val/Ezogelin Çorbası/nyt_up_51487_recipe-2017-02-18-19-58-49-320x427.jpg,Ezogelin Çorbası,Ezogelin Çorbası
/home/yapbenzet/Desktop/Jean/cnn_food_classification/data/val/Ezogelin Çorbası/nyt_up_51487_recipe-2017-06-04-10-49-49-320x427.jpg,Ezogelin Çorbası,Ezogelin Çorbası
/home/yapbenzet/Desktop/Jean/cnn_food_classification/data/val/Ezogelin Çorbası/nyt_up_51487_recipe-2017-06-07-20-52-32-320x568.jpg,Ezogelin Çorbası,Ezogelin Çorbası
/home/yapbenzet/Desktop/Jean/cnn_food_classification/data/val/Ezogelin Çorbası/nyt_up_51487_recipe-2017-06-19-22-11-21-320x320.jpg,Ezogelin Çorbası,Ezogelin Çorbası
/home/yapbenzet/Desktop/Jean/cnn_food_classification/data/val/Ezogelin Çorbası/nyt_up_51487_recipe-2018-01-02-17-15-00-320x427.jpg,Ezogelin Çorbası,Mercimek Çorbası
/home/yapbenzet/Desktop/Jean/cnn_food_classification/data/val/Ezogelin Çorbası/nyt_up_51487_recipe-2018-03-03-20-22-02-320x427.jpg,Ezogelin Çorbası,Ezogelin Çorbası
/home/yapbenzet/Desktop/Jean/cnn_food_classification/data/val/Ezogelin Çorbası/nyt_up_51487_recipe-2018-04-19-19-49-05-320x569.jpg,Ezogelin Çorbası,Ezogelin Çorbası
/home/yapbenzet/Desktop/Jean/cnn_food_classification/data/val/Gözleme/000007.jpg,Gözleme,Gözleme
/home/yapbenzet/Desktop/Jean/cnn_food_classification/data/val/Gözleme/000014.png,Gözleme,Gözleme
/home/yapbenzet/Desktop/Jean/cnn_food_classification/data/val/Gözleme/000015.jpg,Gözleme,Gözleme
/home/yapbenzet/Desktop/Jean/cnn_food_classification/data/val/Gözleme/000019.jpg,Gözleme,Gözleme
/home/yapbenzet/Desktop/Jean/cnn_food_classification/data/val/Gözleme/000024.jpg,Gözleme,Gözleme
/home/yapbenzet/Desktop/Jean/cnn_food_classification/data/val/Gözleme/000026.jpg,Gözleme,Gözleme
/home/yapbenzet/Desktop/Jean/cnn_food_classification/data/val/Gözleme/000027.jpg,Gözleme,Gözleme
/home/yapbenzet/Desktop/Jean/cnn_food_classification/data/val/Gözleme/000033.png,Gözleme,Gözleme
/home/yapbenzet/Desktop/Jean/cnn_food_classification/data/val/Gözleme/000034.jpg,Gözleme,Gözleme
/home/yapbenzet/Desktop/Jean/cnn_food_classification/data/val/Gözleme/000042.jpg,Gözleme,Gözleme
/home/yapbenzet/Desktop/Jean/cnn_food_classification/data/val/Gözleme/000054.jpg,Gözleme,Gözleme
/home/yapbenzet/Desktop/Jean/cnn_food_classification/data/val/Gözleme/000058.jpg,Gözleme,Gözleme
/home/yapbenzet/Desktop/Jean/cnn_food_classification/data/val/Gözleme/000063.jpg,Gözleme,Gözleme
/home/yapbenzet/Desktop/Jean/cnn_food_classification/data/val/Gözleme/000065.jpg,Gözleme,Gözleme
/home/yapbenzet/Desktop/Jean/cnn_food_classification/data/val/Gözleme/gozleme-tarifi-videosu-fotografi-320x180.jpg,Gözleme,Gözleme
/home/yapbenzet/Desktop/Jean/cnn_food_classification/data/val/Gözleme/hakiki-gozlemeister-sacda-ister-tavada-320x213.jpeg,Gözleme,Gözleme
/home/yapbenzet/Desktop/Jean/cnn_food_classification/data/val/Gözleme/karisik-pratik-gozlemeler-video-foto-320x180.jpg,Gözleme,Gözleme
/home/yapbenzet/Desktop/Jean/cnn_food_classification/data/val/Gözleme/nyt-up-10285772_attachment-320x427_4.jpg,Gözleme,Gözleme
/home/yapbenzet/Desktop/Jean/cnn_food_classification/data/val/Gözleme/nyt-up-10285772_recipe-2022-04-08-13-52-02-320x427.jpg,Gözleme,Gözleme
/home/yapbenzet/Desktop/Jean/cnn_food_classification/data/val/Gözleme/nyt-up-10285772_recipe-2022-04-14-17-53-55-320x427.jpg,Gözleme,Gözleme
/home/yapbenzet/Desktop/Jean/cnn_food_classification/data/val/Gözleme/nyt-up-109133_attachment-1-320x180.jpg,Gözleme,Gözleme
/home/yapbenzet/Desktop/Jean/cnn_food_classification/data/val/Gözleme/nyt-up-109133_attachment-320x427.jpg,Gözleme,Gözleme
/home/yapbenzet/Desktop/Jean/cnn_food_classification/data/val/Gözleme/nyt-up-109133_attachment-320x427_2.jpg,Gözleme,Gözleme
/home/yapbenzet/Desktop/Jean/cnn_food_classification/data/val/Gözleme/nyt-up-109133_attachment-320x427_3.jpg,Gözleme,Gözleme
/home/yapbenzet/Desktop/Jean/cnn_food_classification/data/val/Gözleme/nyt-up-109133_attachment-320x427_7.jpg,Gözleme,Gözleme
/home/yapbenzet/Desktop/Jean/cnn_food_classification/data/val/Gözleme/nyt-up-109133_attachment-320x427_8.jpg,Gözleme,Gözleme
/home/yapbenzet/Desktop/Jean/cnn_food_classification/data/val/Gözleme/nyt-up-109133_recipe-2021-01-06-19-26-32-320x320.jpg,Gözleme,Gözleme
/home/yapbenzet/Desktop/Jean/cnn_food_classification/data/val/Gözleme/nyt-up-109133_recipe-2022-09-22-10-53-15-320x427.jpg,Gözleme,Gözleme
/home/yapbenzet/Desktop/Jean/cnn_food_classification/data/val/Gözleme/nyt-up-109133_recipe-2022-11-28-18-36-59-320x427.jpg,Gözleme,Gözleme
/home/yapbenzet/Desktop/Jean/cnn_food_classification/data/val/Gözleme/nyt-up-210461_recipe-2020-05-06-00-26-10-320x265.jpg,Gözleme,Gözleme
/home/yapbenzet/Desktop/Jean/cnn_food_classification/data/val/Gözleme/nyt-up-210461_recipe-2020-09-06-11-39-44-320x427.jpg,Gözleme,Gözleme
/home/yapbenzet/Desktop/Jean/cnn_food_classification/data/val/Gözleme/nyt-up-210461_recipe-2021-11-18-18-01-56-320x427.jpg,Gözleme,Gözleme
/home/yapbenzet/Desktop/Jean/cnn_food_classification/data/val/Gözleme/nyt-up-4131186_attachment-320x410.jpg,Gözleme,Gözleme
/home/yapbenzet/Desktop/Jean/cnn_food_classification/data/val/Gözleme/nyt-up-4131186_attachment-320x427_1.jpg,Gözleme,Gözleme
/home/yapbenzet/Desktop/Jean/cnn_food_classification/data/val/Gözleme/nyt-up-4131186_recipe-2019-09-14-13-13-19-320x427.jpg,Gözleme,Gözleme
/home/yapbenzet/Desktop/Jean/cnn_food_classification/data/val/Gözleme/nyt-up-4131186_recipe-2019-11-19-19-12-40-320x427.jpg,Gözleme,Gözleme
/home/yapbenzet/Desktop/Jean/cnn_food_classification/data/val/Gözleme/nyt-up-4131186_recipe-2020-02-25-19-31-00-320x240.jpg,Gözleme,Gözleme
/home/yapbenzet/Desktop/Jean/cnn_food_classification/data/val/Gözleme/nyt-up-4131186_recipe-2020-09-21-13-54-35-320x568.jpg,Gözleme,Gözleme
/home/yapbenzet/Desktop/Jean/cnn_food_classification/data/val/Gözleme/nyt-up-4156061_48561d2da1442c68903852197-scaled-e1641209168906-320x180.jpeg,Gözleme,Gözleme
/home/yapbenzet/Desktop/Jean/cnn_food_classification/data/val/Gözleme/nyt-up-4156061_recipe-2020-04-14-20-30-00-320x427.jpg,Gözleme,Gözleme
/home/yapbenzet/Desktop/Jean/cnn_food_classification/data/val/Gözleme/nyt-up-4156061_recipe-2020-11-16-11-20-03-320x568.jpg,Gözleme,Gözleme
/home/yapbenzet/Desktop/Jean/cnn_food_classification/data/val/Gözleme/nyt-up-4156061_recipe-2021-01-02-19-33-06-320x240.jpg,Gözleme,Gözleme
/home/yapbenzet/Desktop/Jean/cnn_food_classification/data/val/Gözleme/nyt-up-4156061_recipe-2025-01-28-20-01-28-320x427.jpg,Gözleme,Gözleme
/home/yapbenzet/Desktop/Jean/cnn_food_classification/data/val/Gözleme/nyt-up-49389_recipe-2020-05-19-04-07-47-320x240.jpg,Gözleme,Gözleme
/home/yapbenzet/Desktop/Jean/cnn_food_classification/data/val/Gözleme/nyt-up-49389_recipe-2025-01-23-09-39-03-320x569.jpg,Gözleme,Gözleme
/home/yapbenzet/Desktop/Jean/cnn_food_classification/data/val/Gözleme/nyt-up-5184028_recipe-2022-01-31-12-04-08-320x180.jpg,Gözleme,Gözleme
/home/yapbenzet/Desktop/Jean/cnn_food_classification/data/val/Gözleme/nyt-up-563570_attachment-320x427.jpg,Gözleme,Gözleme
/home/yapbenzet/Desktop/Jean/cnn_food_classification/data/val/Gözleme/nyt-up-563570_recipe-2022-12-06-05-58-08-288x640.jpg,Gözleme,Gözleme
/home/yapbenzet/Desktop/Jean/cnn_food_classification/data/val/Gözleme/nyt-up-5763674_recipe-2020-03-30-13-13-37-320x192.jpg,Gözleme,Gözleme
/home/yapbenzet/Desktop/Jean/cnn_food_classification/data/val/Gözleme/nyt-up-5763674_recipe-2020-11-03-21-07-03-320x427.jpg,Gözleme,Gözleme
/home/yapbenzet/Desktop/Jean/cnn_food_classification/data/val/Gözleme/nyt-up-6318331_recipe-2019-10-04-13-57-46-320x240.jpg,Gözleme,Gözleme
/home/yapbenzet/Desktop/Jean/cnn_food_classification/data/val/Gözleme/nyt-up-6497294_recipe-2024-05-24-20-58-44-320x425.jpg,Gözleme,Gözleme
/home/yapbenzet/Desktop/Jean/cnn_food_classification/data/val/Gözleme/nyt-up-6670881_7465e15bfa75b3d9415048857-320x497.jpg,Gözleme,Gözleme
/home/yapbenzet/Desktop/Jean/cnn_food_classification/data/val/Gözleme/nyt-up-6670881_attachment-320x569.jpg,Gözleme,Gözleme
/home/yapbenzet/Desktop/Jean/cnn_food_classification/data/val/Gözleme/nyt-up-6670881_recipe-2021-12-27-12-28-25-320x427.jpg,Gözleme,Gözleme
/home/yapbenzet/Desktop/Jean/cnn_food_classification/data/val/Gözleme/nyt-up-7316028_5325eadfeb145854528599371-320x427.jpg,Gözleme,Gözleme
/home/yapbenzet/Desktop/Jean/cnn_food_classification/data/val/Gözleme/nyt-up-7316028_attachment-320x427.jpg,Gözleme,Gözleme
/home/yapbenzet/Desktop/Jean/cnn_food_classification/data/val/Gözleme/nyt-up-7316028_attachment-320x569_1.jpg,Gözleme,Gözleme
/home/yapbenzet/Desktop/Jean/cnn_food_classification/data/val/Gözleme/nyt-up-7316028_recipe-2020-04-30-03-55-54-320x286.jpg,Gözleme,Gözleme
/home/yapbenzet/Desktop/Jean/cnn_food_classification/data/val/Gözleme/nyt-up-7316028_recipe-2020-05-02-03-03-35-320x427.jpg,Gözleme,Gözleme
/home/yapbenzet/Desktop/Jean/cnn_food_classification/data/val/Gözleme/nyt-up-7316028_recipe-2020-05-03-02-07-04-320x427.jpg,Gözleme,Gözleme
/home/yapbenzet/Desktop/Jean/cnn_food_classification/data/val/Gözleme/nyt-up-7316028_recipe-2020-05-10-16-30-37-320x426.jpg,Gözleme,Gözleme
/home/yapbenzet/Desktop/Jean/cnn_food_classification/data/val/Gözleme/nyt-up-7316028_recipe-2020-05-15-03-45-35-303x640.jpg,Gözleme,Gözleme
/home/yapbenzet/Desktop/Jean/cnn_food_classification/data/val/Gözleme/nyt-up-7316028_recipe-2020-11-29-12-46-33-320x240.jpg,Gözleme,Gözleme
/home/yapbenzet/Desktop/Jean/cnn_food_classification/data/val/Gözleme/nyt-up-777290_attachment-320x427.jpg,Gözleme,Gözleme
/home/yapbenzet/Desktop/Jean/cnn_food_classification/data/val/Gözleme/nyt-up-777290_attachment-320x427_3.jpg,Gözleme,Gözleme
/home/yapbenzet/Desktop/Jean/cnn_food_classification/data/val/Gözleme/nyt-up-777290_recipe-2019-12-29-12-57-03-320x180.jpg,Gözleme,Gözleme
/home/yapbenzet/Desktop/Jean/cnn_food_classification/data/val/Gözleme/nyt-up-777290_recipe-2020-04-06-20-37-04-320x632.jpg,Gözleme,Gözleme
/home/yapbenzet/Desktop/Jean/cnn_food_classification/data/val/Gözleme/nyt-up-777290_recipe-2020-04-11-19-33-57-320x240.jpg,Gözleme,Gözleme
/home/yapbenzet/Desktop/Jean/cnn_food_classification/data/val/Gözleme/nyt-up-777290_recipe-2021-04-30-12-31-10-320x293.jpg,Gözleme,Gözleme
/home/yapbenzet/Desktop/Jean/cnn_food_classification/data/val/Gözleme/nyt-up-777290_recipe-2024-05-05-14-59-35-320x240.jpg,Gözleme,Gözleme
/home/yapbenzet/Desktop/Jean/cnn_food_classification/data/val/Gözleme/nyt-up-7901223_6675fc1495ee270d257081884-320x427.jpg,Gözleme,Gözleme
/home/yapbenzet/Desktop/Jean/cnn_food_classification/data/val/Gözleme/nyt-up-7901223_recipe-2022-11-11-13-00-08-320x390.jpg,Gözleme,Gözleme
/home/yapbenzet/Desktop/Jean/cnn_food_classification/data/val/Gözleme/nyt-up-7974525_recipe-2020-12-11-04-08-25-320x569.jpg,Gözleme,Gözleme
/home/yapbenzet/Desktop/Jean/cnn_food_classification/data/val/Gözleme/nyt-up-7974525_recipe-2021-01-07-18-40-06-320x427.jpg,Gözleme,Gözleme
/home/yapbenzet/Desktop/Jean/cnn_food_classification/data/val/Gözleme/nyt-up-7974525_recipe-2021-10-23-10-56-07-320x348.jpg,Gözleme,Gözleme
/home/yapbenzet/Desktop/Jean/cnn_food_classification/data/val/Gözleme/nyt-up-7974525_recipe-2024-01-06-22-08-39-320x428.jpg,Gözleme,Gözleme
/home/yapbenzet/Desktop/Jean/cnn_food_classification/data/val/Gözleme/nyt-up-7974525_recipe-2025-01-11-17-40-19-320x148.jpg,Gözleme,Gözleme
/home/yapbenzet/Desktop/Jean/cnn_food_classification/data/val/Gözleme/nyt-up-799676_recipe-2019-05-24-12-40-53-320x427.jpg,Gözleme,Gözleme
/home/yapbenzet/Desktop/Jean/cnn_food_classification/data/val/Gözleme/nyt-up-816141_recipe-2020-05-16-20-33-49-320x427.jpg,Gözleme,Gözleme
/home/yapbenzet/Desktop/Jean/cnn_food_classification/data/val/Gözleme/nyt-up-8283073_attachment-320x427_2.jpg,Gözleme,Gözleme
/home/yapbenzet/Desktop/Jean/cnn_food_classification/data/val/Gözleme/nyt-up-8283073_recipe-2020-10-30-11-24-58-320x426.jpg,Gözleme,Gözleme
/home/yapbenzet/Desktop/Jean/cnn_food_classification/data/val/Gözleme/nyt-up-8283073_recipe-2020-12-24-22-09-40-320x427.jpg,Gözleme,Börek
/home/yapbenzet/Desktop/Jean/cnn_food_classification/data/val/Gözleme/nyt-up-8283073_recipe-2021-10-10-22-11-36-320x427.jpg,Gözleme,Gözleme
/home/yapbenzet/Desktop/Jean/cnn_food_classification/data/val/Gözleme/nyt-up-8283073_recipe-2021-10-14-13-22-25-320x240.jpg,Gözleme,Gözleme
/home/yapbenzet/Desktop/Jean/cnn_food_classification/data/val/Gözleme/nyt-up-8283073_recipe-2022-06-22-10-18-27-303x640.jpg,Gözleme,Gözleme
/home/yapbenzet/Desktop/Jean/cnn_food_classification/data/val/Gözleme/nyt-up-8283073_recipe-2024-03-18-18-59-49-295x640.jpg,Gözleme,Gözleme
/home/yapbenzet/Desktop/Jean/cnn_food_classification/data/val/Gözleme/nyt-up-9304288_attachment-320x427.jpg,Gözleme,Gözleme
/home/yapbenzet/Desktop/Jean/cnn_food_classification/data/val/Gözleme/nyt-up-9304288_attachment-320x427_2.jpg,Gözleme,Gözleme
/home/yapbenzet/Desktop/Jean/cnn_food_classification/data/val/Gözleme/nyt-up-9304288_recipe-2021-04-28-21-44-08-320x218.jpg,Gözleme,Gözleme
/home/yapbenzet/Desktop/Jean/cnn_food_classification/data/val/Gözleme/nyt-up-9304288_recipe-2021-05-02-03-27-04-320x427.jpg,Gözleme,Gözleme
/home/yapbenzet/Desktop/Jean/cnn_food_classification/data/val/Gözleme/nyt-up-9304288_recipe-2021-12-22-16-52-38-320x427.jpg,Gözleme,Gözleme
/home/yapbenzet/Desktop/Jean/cnn_food_classification/data/val/Gözleme/nyt-up-9304288_recipe-2022-07-17-09-34-04-320x427.jpg,Gözleme,Gözleme
/home/yapbenzet/Desktop/Jean/cnn_food_classification/data/val/Gözleme/nyt-up-9673909_recipe-2022-04-05-23-03-11-e1649193612975-320x239.jpg,Gözleme,Gözleme
/home/yapbenzet/Desktop/Jean/cnn_food_classification/data/val/Gözleme/nyt-up-9673909_recipe-2024-03-08-01-56-50-320x427.jpg,Gözleme,Gözleme
/home/yapbenzet/Desktop/Jean/cnn_food_classification/data/val/Gözleme/nyt-up-9901232_recipe-2021-12-18-11-13-40-320x427.jpg,Gözleme,Gözleme
/home/yapbenzet/Desktop/Jean/cnn_food_classification/data/val/Gözleme/nyt-up-9901232_recipe-2022-01-26-21-52-27-320x569.jpg,Gözleme,Gözleme
/home/yapbenzet/Desktop/Jean/cnn_food_classification/data/val/Gözleme/nyt-up-9901232_recipe-2022-04-28-04-06-20-320x240.jpg,Gözleme,Gözleme
/home/yapbenzet/Desktop/Jean/cnn_food_classification/data/val/Gözleme/nyt-up-9901232_recipe-2022-11-04-11-05-35-320x425.jpg,Gözleme,Gözleme
/home/yapbenzet/Desktop/Jean/cnn_food_classification/data/val/Gözleme/nyt-up-9901232_recipe-2023-06-30-12-53-51-320x240.jpg,Gözleme,Gözleme
/home/yapbenzet/Desktop/Jean/cnn_food_classification/data/val/Gözleme/nyt-up-9901232_recipe-2024-03-14-21-30-39-320x306.jpg,Gözleme,Gözleme
/home/yapbenzet/Desktop/Jean/cnn_food_classification/data/val/Gözleme/nyt-up-9901232_recipe-2024-04-05-01-36-40-320x569.jpg,Gözleme,Gözleme
/home/yapbenzet/Desktop/Jean/cnn_food_classification/data/val/Gözleme/nyt-up-9901232_recipe-2024-12-18-12-00-04-320x567.jpg,Gözleme,Börek
/home/yapbenzet/Desktop/Jean/cnn_food_classification/data/val/Gözleme/nyt_up_109133_attachment-320x427_1.jpg,Gözleme,Gözleme
/home/yapbenzet/Desktop/Jean/cnn_food_classification/data/val/Gözleme/nyt_up_109133_recipe-2016-01-01-19-33-45-320x180.jpg,Gözleme,Gözleme
/home/yapbenzet/Desktop/Jean/cnn_food_classification/data/val/Gözleme/nyt_up_109133_recipe-2019-02-16-20-47-26-320x427.jpg,Gözleme,Gözleme
/home/yapbenzet/Desktop/Jean/cnn_food_classification/data/val/Gözleme/nyt_up_109133_recipe-2019-02-23-16-05-17-320x180.jpg,Gözleme,Gözleme
/home/yapbenzet/Desktop/Jean/cnn_food_classification/data/val/Gözleme/nyt_up_1966_recipe-2016-03-15-18-53-56-320x427.jpg,Gözleme,Gözleme
/home/yapbenzet/Desktop/Jean/cnn_food_classification/data/val/Gözleme/nyt_up_210461_attachment-180x320.jpg,Gözleme,Gözleme
/home/yapbenzet/Desktop/Jean/cnn_food_classification/data/val/Gözleme/nyt_up_210461_attachment-320x569.jpg,Gözleme,Gözleme
/home/yapbenzet/Desktop/Jean/cnn_food_classification/data/val/Gözleme/nyt_up_210461_recipe-2016-02-26-20-25-12-320x427.jpg,Gözleme,Gözleme
/home/yapbenzet/Desktop/Jean/cnn_food_classification/data/val/Gözleme/nyt_up_210461_recipe-2017-01-17-19-55-00-320x569.jpg,Gözleme,Gözleme
/home/yapbenzet/Desktop/Jean/cnn_food_classification/data/val/Gözleme/nyt_up_210461_recipe-2017-09-15-00-43-19-320x291.jpg,Gözleme,Gözleme
/home/yapbenzet/Desktop/Jean/cnn_food_classification/data/val/Gözleme/nyt_up_210461_recipe-2017-09-15-00-43-56-320x291.jpg,Gözleme,Gözleme
/home/yapbenzet/Desktop/Jean/cnn_food_classification/data/val/Gözleme/nyt_up_210461_recipe-2018-05-20-20-07-03-320x240.jpg,Gözleme,Gözleme
/home/yapbenzet/Desktop/Jean/cnn_food_classification/data/val/Gözleme/nyt_up_210461_recipe-2018-06-03-13-07-20-320x569.jpg,Gözleme,Gözleme
/home/yapbenzet/Desktop/Jean/cnn_food_classification/data/val/Gözleme/nyt_up_210461_recipe-2018-10-30-22-50-42-320x427.jpg,Gözleme,Gözleme
/home/yapbenzet/Desktop/Jean/cnn_food_classification/data/val/Gözleme/nyt_up_210461_recipe-2019-02-10-00-17-38-320x180.jpg,Gözleme,Gözleme
/home/yapbenzet/Desktop/Jean/cnn_food_classification/data/val/Gözleme/nyt_up_3580881_attachment-2-320x320.jpg,Gözleme,Gözleme
/home/yapbenzet/Desktop/Jean/cnn_food_classification/data/val/Gözleme/nyt_up_3580881_nyt-up-3580881-20171019-183638-320x240.jpg,Gözleme,Gözleme
/home/yapbenzet/Desktop/Jean/cnn_food_classification/data/val/Gözleme/nyt_up_3580881_recipe-2017-08-15-16-09-36-320x570.jpg,Gözleme,Gözleme
/home/yapbenzet/Desktop/Jean/cnn_food_classification/data/val/Gözleme/nyt_up_3580881_recipe-2017-08-16-13-26-48-320x569.jpg,Gözleme,Esmer Ekmek
/home/yapbenzet/Desktop/Jean/cnn_food_classification/data/val/Gözleme/nyt_up_4131186_recipe-2019-03-12-11-36-26-320x427.jpg,Gözleme,Gözleme
/home/yapbenzet/Desktop/Jean/cnn_food_classification/data/val/Gözleme/nyt_up_4156061_attachment-1-320x427.jpg,Gözleme,Gözleme
/home/yapbenzet/Desktop/Jean/cnn_food_classification/data/val/Gözleme/nyt_up_4156061_recipe-2018-11-28-15-13-28-320x568.jpg,Gözleme,Gözleme
/home/yapbenzet/Desktop/Jean/cnn_food_classification/data/val/Gözleme/nyt_up_49389_attachment-240x320.jpg,Gözleme,Gözleme
/home/yapbenzet/Desktop/Jean/cnn_food_classification/data/val/Gözleme/nyt_up_49389_attachment-320x427.jpg,Gözleme,Börek
/home/yapbenzet/Desktop/Jean/cnn_food_classification/data/val/Gözleme/nyt_up_49389_pizap.com14043789864031-320x239.jpg,Gözleme,Gözleme
/home/yapbenzet/Desktop/Jean/cnn_food_classification/data/val/Gözleme/nyt_up_49389_recipe-2016-01-15-17-12-24-320x192.jpg,Gözleme,Gözleme
/home/yapbenzet/Desktop/Jean/cnn_food_classification/data/val/Gözleme/nyt_up_5184028_recipe-2018-11-25-12-10-47-320x427.jpg,Gözleme,Gözleme
/home/yapbenzet/Desktop/Jean/cnn_food_classification/data/val/Gözleme/nyt_up_520537_recipe-2016-02-10-21-01-27-320x533.jpg,Gözleme,Gözleme
/home/yapbenzet/Desktop/Jean/cnn_food_classification/data/val/Gözleme/nyt_up_563570_IMG_20150701_031507-320x427.jpg,Gözleme,Gözleme
/home/yapbenzet/Desktop/Jean/cnn_food_classification/data/val/Gözleme/nyt_up_563570_attachment-320x427.jpg,Gözleme,Gözleme
/home/yapbenzet/Desktop/Jean/cnn_food_classification/data/val/Gözleme/nyt_up_563570_recipe-2016-11-26-10-12-56-320x569.jpg,Gözleme,Gözleme
/home/yapbenzet/Desktop/Jean/cnn_food_classification/data/val/Gözleme/nyt_up_777290_attachment-320x320.jpg,Gözleme,Gözleme
/home/yapbenzet/Desktop/Jean/cnn_food_classification/data/val/Gözleme/nyt_up_777290_recipe-2015-07-01-21-52-52-320x533.jpg,Gözleme,Gözleme
/home/yapbenzet/Desktop/Jean/cnn_food_classification/data/val/Gözleme/nyt_up_777290_recipe-2016-01-10-16-43-52-320x180.jpg,Gözleme,Gözleme
/home/yapbenzet/Desktop/Jean/cnn_food_classification/data/val/Gözleme/nyt_up_777290_recipe-2016-09-11-18-21-51-320x568.jpg,Gözleme,Gözleme
/home/yapbenzet/Desktop/Jean/cnn_food_classification/data/val/Gözleme/nyt_up_777290_recipe-2017-09-25-12-21-08-320x568.jpg,Gözleme,Gözleme
/home/yapbenzet/Desktop/Jean/cnn_food_classification/data/val/Gözleme/nyt_up_777290_recipe-2018-03-24-20-49-50-320x268.jpg,Gözleme,Gözleme
/home/yapbenzet/Desktop/Jean/cnn_food_classification/data/val/Gözleme/nyt_up_799676_recipe-2015-07-11-20-03-46-320x427.jpg,Gözleme,Gözleme
/home/yapbenzet/Desktop/Jean/cnn_food_classification/data/val/Gözleme/nyt_up_816141_recipe-2018-01-15-17-47-14-320x427.jpg,Gözleme,Gözleme
/home/yapbenzet/Desktop/Jean/cnn_food_classification/data/val/Gözleme/patatesli-gozleme-pratik-320x213.jpg,Gözleme,Gözleme
/home/yapbenzet/Desktop/Jean/cnn_food_classification/data/val/Gözleme/sadece-un-su-tuz-ile-yapilan-krep-gozleme-gibi-yumusacik-320x213.jpg,Gözleme,Gözleme
/home/yapbenzet/Desktop/Jean/cnn_food_classification/data/val/Gözleme/tavada-sahurluk-gozleme-320x213.jpg,Gözleme,Gözleme
/home/yapbenzet/Desktop/Jean/cnn_food_classification/data/val/Gözleme/yumusacik-patatesli-nefis-gozleme-mayali-hamurla-hic-bekletmeden-320x213.jpg,Gözleme,Gözleme
/home/yapbenzet/Desktop/Jean/cnn_food_classification/data/val/Hamburger/000001.jpg,Hamburger,Hamburger
/home/yapbenzet/Desktop/Jean/cnn_food_classification/data/val/Hamburger/000004.png,Hamburger,Hamburger
/home/yapbenzet/Desktop/Jean/cnn_food_classification/data/val/Hamburger/000006.jpg,Hamburger,Hamburger
/home/yapbenzet/Desktop/Jean/cnn_food_classification/data/val/Hamburger/000011.jpg,Hamburger,Hamburger
/home/yapbenzet/Desktop/Jean/cnn_food_classification/data/val/Hamburger/000013.jpg,Hamburger,Hamburger
/home/yapbenzet/Desktop/Jean/cnn_food_classification/data/val/Hamburger/000015.jpg,Hamburger,Hamburger
/home/yapbenzet/Desktop/Jean/cnn_food_classification/data/val/Hamburger/000022.png,Hamburger,Hamburger
/home/yapbenzet/Desktop/Jean/cnn_food_classification/data/val/Hamburger/000025.jpg,Hamburger,Hamburger
/home/yapbenzet/Desktop/Jean/cnn_food_classification/data/val/Hamburger/000026.jpg,Hamburger,Hamburger
/home/yapbenzet/Desktop/Jean/cnn_food_classification/data/val/Hamburger/000031.jpg,Hamburger,Hamburger
/home/yapbenzet/Desktop/Jean/cnn_food_classification/data/val/Hamburger/000067.jpg,Hamburger,Hamburger
/home/yapbenzet/Desktop/Jean/cnn_food_classification/data/val/Hamburger/ev-yapimi-mega-hamburger-ekmegi-tam-kivam-320x213.jpeg,Hamburger,Hamburger
/home/yapbenzet/Desktop/Jean/cnn_food_classification/data/val/Hamburger/hamburger-tarifi-videolu-320x213.jpg,Hamburger,Hamburger
/home/yapbenzet/Desktop/Jean/cnn_food_classification/data/val/Hamburger/nyt-up-1260457_recipe-2020-05-17-20-38-45-320x291.jpg,Hamburger,Hamburger
/home/yapbenzet/Desktop/Jean/cnn_food_classification/data/val/Hamburger/nyt-up-1260457_recipe-2020-12-15-19-11-47-320x569.jpg,Hamburger,Hamburger
/home/yapbenzet/Desktop/Jean/cnn_food_classification/data/val/Hamburger/nyt-up-2518266_attachment-320x427_4.jpg,Hamburger,Hamburger
/home/yapbenzet/Desktop/Jean/cnn_food_classification/data/val/Hamburger/nyt-up-2540550_recipe-2021-01-16-12-04-52-320x180.jpg,Hamburger,Hamburger
/home/yapbenzet/Desktop/Jean/cnn_food_classification/data/val/Hamburger/nyt-up-366077_1505ec29c6ca9b21421277122-320x569.jpg,Hamburger,Hamburger
/home/yapbenzet/Desktop/Jean/cnn_food_classification/data/val/Hamburger/nyt-up-366077_attachment-320x427_27.jpg,Hamburger,Hamburger
/home/yapbenzet/Desktop/Jean/cnn_food_classification/data/val/Hamburger/nyt-up-366077_recipe-2021-12-29-21-35-29-320x568.jpg,Hamburger,Hamburger
/home/yapbenzet/Desktop/Jean/cnn_food_classification/data/val/Hamburger/nyt-up-366077_recipe-2022-02-14-18-48-39-288x640.jpg,Hamburger,Hamburger
/home/yapbenzet/Desktop/Jean/cnn_food_classification/data/val/Hamburger/nyt-up-4408530_attachment-320x240_1.jpg,Hamburger,Hamburger
/home/yapbenzet/Desktop/Jean/cnn_food_classification/data/val/Hamburger/nyt-up-4408530_attachment-320x240_6.jpg,Hamburger,Hamburger
/home/yapbenzet/Desktop/Jean/cnn_food_classification/data/val/Hamburger/nyt-up-4408530_attachment-320x320_3.jpg,Hamburger,Hamburger
/home/yapbenzet/Desktop/Jean/cnn_food_classification/data/val/Hamburger/nyt-up-4408530_attachment-320x427_12.jpg,Hamburger,Hamburger
/home/yapbenzet/Desktop/Jean/cnn_food_classification/data/val/Hamburger/nyt-up-4408530_attachment-320x427_26.jpg,Hamburger,Hamburger
/home/yapbenzet/Desktop/Jean/cnn_food_classification/data/val/Hamburger/nyt-up-4408530_attachment-320x427_34.jpg,Hamburger,Baklava
/home/yapbenzet/Desktop/Jean/cnn_food_classification/data/val/Hamburger/nyt-up-4408530_attachment-320x427_35.jpg,Hamburger,Hamburger
/home/yapbenzet/Desktop/Jean/cnn_food_classification/data/val/Hamburger/nyt-up-4408530_attachment-320x427_40.jpg,Hamburger,Hamburger
/home/yapbenzet/Desktop/Jean/cnn_food_classification/data/val/Hamburger/nyt-up-4408530_attachment-320x568_1.jpg,Hamburger,Hamburger
/home/yapbenzet/Desktop/Jean/cnn_food_classification/data/val/Hamburger/nyt-up-4408530_recipe-2019-10-14-20-42-19-320x569.jpg,Hamburger,Hamburger
/home/yapbenzet/Desktop/Jean/cnn_food_classification/data/val/Hamburger/nyt-up-4408530_recipe-2020-04-11-13-45-21-320x379.jpg,Hamburger,Hamburger
/home/yapbenzet/Desktop/Jean/cnn_food_classification/data/val/Hamburger/nyt-up-4408530_recipe-2020-04-22-21-08-52-320x240.jpg,Hamburger,Hamburger
/home/yapbenzet/Desktop/Jean/cnn_food_classification/data/val/Hamburger/nyt-up-4408530_recipe-2020-04-28-23-41-31-320x427.jpg,Hamburger,Hamburger
/home/yapbenzet/Desktop/Jean/cnn_food_classification/data/val/Hamburger/nyt-up-4408530_recipe-2020-05-02-21-37-13-320x569.jpg,Hamburger,Hamburger
/home/yapbenzet/Desktop/Jean/cnn_food_classification/data/val/Hamburger/nyt-up-4408530_recipe-2020-05-03-18-02-26-320x236.jpg,Hamburger,Karnıyarık
/home/yapbenzet/Desktop/Jean/cnn_food_classification/data/val/Hamburger/nyt-up-4408530_recipe-2020-05-07-21-42-06-320x304.jpg,Hamburger,Hamburger
/home/yapbenzet/Desktop/Jean/cnn_food_classification/data/val/Hamburger/nyt-up-4408530_recipe-2020-05-31-17-34-33-304x640.jpg,Hamburger,Tavuk
/home/yapbenzet/Desktop/Jean/cnn_food_classification/data/val/Hamburger/nyt-up-4408530_recipe-2020-09-20-19-40-49-320x427.jpg,Hamburger,Hamburger
/home/yapbenzet/Desktop/Jean/cnn_food_classification/data/val/Hamburger/nyt-up-4408530_recipe-2020-11-27-00-07-56-320x156.jpg,Hamburger,Hamburger
/home/yapbenzet/Desktop/Jean/cnn_food_classification/data/val/Hamburger/nyt-up-4408530_recipe-2021-01-20-21-02-04-320x156.jpg,Hamburger,Hamburger
/home/yapbenzet/Desktop/Jean/cnn_food_classification/data/val/Hamburger/nyt-up-4408530_recipe-2021-02-13-19-54-37-320x528.jpg,Hamburger,Mısır Ekmeği
/home/yapbenzet/Desktop/Jean/cnn_food_classification/data/val/Hamburger/nyt-up-4408530_recipe-2021-02-19-19-42-50-320x240.jpg,Hamburger,Hamburger
/home/yapbenzet/Desktop/Jean/cnn_food_classification/data/val/Hamburger/nyt-up-4408530_recipe-2021-03-25-18-06-26-320x427.jpg,Hamburger,Hamburger
/home/yapbenzet/Desktop/Jean/cnn_food_classification/data/val/Hamburger/nyt-up-4408530_recipe-2021-04-06-18-38-07-320x240.jpg,Hamburger,Hamburger
/home/yapbenzet/Desktop/Jean/cnn_food_classification/data/val/Hamburger/nyt-up-4408530_recipe-2021-12-11-20-53-18-320x180.jpg,Hamburger,Hamburger
/home/yapbenzet/Desktop/Jean/cnn_food_classification/data/val/Hamburger/nyt-up-4408530_recipe-2022-09-02-23-04-03-296x640.jpg,Hamburger,Tavuk
/home/yapbenzet/Desktop/Jean/cnn_food_classification/data/val/Hamburger/nyt-up-4408530_recipe-2022-09-02-23-04-22-320x148.jpg,Hamburger,Çiğ Köfte
/home/yapbenzet/Desktop/Jean/cnn_food_classification/data/val/Hamburger/nyt-up-5452936_recipe-2019-08-09-19-45-29-320x177.jpg,Hamburger,Hamburger
/home/yapbenzet/Desktop/Jean/cnn_food_classification/data/val/Hamburger/nyt-up-5458732_attachment-1-320x238.jpg,Hamburger,Hamburger
/home/yapbenzet/Desktop/Jean/cnn_food_classification/data/val/Hamburger/nyt-up-5458732_attachment-1-320x427.jpg,Hamburger,Hamburger
/home/yapbenzet/Desktop/Jean/cnn_food_classification/data/val/Hamburger/nyt-up-5458732_attachment-320x383.jpg,Hamburger,Hamburger
/home/yapbenzet/Desktop/Jean/cnn_food_classification/data/val/Hamburger/nyt-up-5458732_recipe-2019-06-08-17-50-38-320x240.jpg,Hamburger,Hamburger
/home/yapbenzet/Desktop/Jean/cnn_food_classification/data/val/Hamburger/nyt-up-5458732_recipe-2020-01-21-15-45-24-320x240.jpg,Hamburger,Hamburger
/home/yapbenzet/Desktop/Jean/cnn_food_classification/data/val/Hamburger/nyt-up-5458732_recipe-2020-04-05-14-16-12-320x568.jpg,Hamburger,Beyaz Ekmek
/home/yapbenzet/Desktop/Jean/cnn_food_classification/data/val/Hamburger/nyt-up-5458732_recipe-2020-04-19-20-11-45-320x240.jpg,Hamburger,Hamburger
/home/yapbenzet/Desktop/Jean/cnn_food_classification/data/val/Hamburger/nyt-up-5458732_recipe-2020-04-21-15-36-38-320x156.jpg,Hamburger,Hamburger
/home/yapbenzet/Desktop/Jean/cnn_food_classification/data/val/Hamburger/nyt-up-5458732_recipe-2020-05-15-11-50-05-320x240.jpg,Hamburger,Hamburger
/home/yapbenzet/Desktop/Jean/cnn_food_classification/data/val/Hamburger/nyt-up-5458732_recipe-2020-05-16-11-45-18-320x427.jpg,Hamburger,Hamburger
/home/yapbenzet/Desktop/Jean/cnn_food_classification/data/val/Hamburger/nyt-up-5458732_recipe-2020-05-23-17-16-03-320x235.jpg,Hamburger,Hamburger
/home/yapbenzet/Desktop/Jean/cnn_food_classification/data/val/Hamburger/nyt-up-5458732_recipe-2020-06-20-17-26-59-320x240.jpg,Hamburger,Hamburger
/home/yapbenzet/Desktop/Jean/cnn_food_classification/data/val/Hamburger/nyt-up-5458732_recipe-2020-12-05-23-14-54-320x427.jpg,Hamburger,Hamburger
/home/yapbenzet/Desktop/Jean/cnn_food_classification/data/val/Hamburger/nyt-up-5492836_attachment-320x240.jpg,Hamburger,Hamburger
/home/yapbenzet/Desktop/Jean/cnn_food_classification/data/val/Hamburger/nyt-up-5492836_recipe-2020-05-19-20-53-10-320x568.jpg,Hamburger,Hamburger
/home/yapbenzet/Desktop/Jean/cnn_food_classification/data/val/Hamburger/nyt-up-7127082_recipe-2020-11-02-13-05-35-320x427.jpg,Hamburger,Hamburger
/home/yapbenzet/Desktop/Jean/cnn_food_classification/data/val/Hamburger/nyt-up-7127082_recipe-2023-09-26-19-22-40-320x427.jpg,Hamburger,Hamburger
/home/yapbenzet/Desktop/Jean/cnn_food_classification/data/val/Hamburger/nyt-up-7405855_recipe-2020-05-09-23-30-34-320x427.jpg,Hamburger,Hamburger
/home/yapbenzet/Desktop/Jean/cnn_food_classification/data/val/Hamburger/nyt-up-7405855_recipe-2020-11-19-20-58-33-320x180.jpg,Hamburger,Hamburger
/home/yapbenzet/Desktop/Jean/cnn_food_classification/data/val/Hamburger/nyt-up-7405855_recipe-2024-01-29-18-45-50-320x427.jpg,Hamburger,Hamburger
/home/yapbenzet/Desktop/Jean/cnn_food_classification/data/val/Hamburger/nyt-up-7582428_recipe-2024-12-17-21-31-27-320x240.jpg,Hamburger,Hamburger
/home/yapbenzet/Desktop/Jean/cnn_food_classification/data/val/Hamburger/nyt-up-7582436_recipe-2020-05-25-21-13-51-320x240.jpg,Hamburger,Hamburger
/home/yapbenzet/Desktop/Jean/cnn_food_classification/data/val/Hamburger/nyt-up-7995633_46865af7acc4cc04199784656-320x427.jpg,Hamburger,Hamburger
/home/yapbenzet/Desktop/Jean/cnn_food_classification/data/val/Hamburger/nyt-up-7995633_58461b21e99cb795909605459-320x427.jpg,Hamburger,Hamburger
/home/yapbenzet/Desktop/Jean/cnn_food_classification/data/val/Hamburger/nyt-up-7995633_attachment-320x569_4.jpg,Hamburger,Hamburger
/home/yapbenzet/Desktop/Jean/cnn_food_classification/data/val/Hamburger/nyt-up-7995633_recipe-2020-08-23-18-35-45-320x427.jpg,Hamburger,Hamburger
/home/yapbenzet/Desktop/Jean/cnn_food_classification/data/val/Hamburger/nyt-up-7995633_recipe-2020-09-11-20-56-07-320x427.jpg,Hamburger,Hamburger
/home/yapbenzet/Desktop/Jean/cnn_food_classification/data/val/Hamburger/nyt-up-7995633_recipe-2020-11-24-14-08-53-320x569.jpg,Hamburger,Tavuk Döner
/home/yapbenzet/Desktop/Jean/cnn_food_classification/data/val/Hamburger/nyt-up-7995633_recipe-2020-12-15-01-10-37-320x427.jpg,Hamburger,Hamburger
/home/yapbenzet/Desktop/Jean/cnn_food_classification/data/val/Hamburger/nyt-up-7995633_recipe-2020-12-24-19-43-04-320x320.jpg,Hamburger,Hamburger
/home/yapbenzet/Desktop/Jean/cnn_food_classification/data/val/Hamburger/nyt-up-7995633_recipe-2021-01-22-16-29-12-320x240.jpg,Hamburger,Hamburger
/home/yapbenzet/Desktop/Jean/cnn_food_classification/data/val/Hamburger/nyt-up-7995633_recipe-2021-02-20-01-05-18-320x240.jpg,Hamburger,Hamburger
/home/yapbenzet/Desktop/Jean/cnn_food_classification/data/val/Hamburger/nyt-up-7995633_recipe-2021-04-28-20-03-03-311x640.jpg,Hamburger,Hamburger
/home/yapbenzet/Desktop/Jean/cnn_food_classification/data/val/Hamburger/nyt-up-7995633_recipe-2021-05-03-21-36-19-288x640.jpg,Hamburger,Hamburger
/home/yapbenzet/Desktop/Jean/cnn_food_classification/data/val/Hamburger/nyt-up-7995633_recipe-2021-05-03-23-08-19-320x427.jpg,Hamburger,Hamburger
/home/yapbenzet/Desktop/Jean/cnn_food_classification/data/val/Hamburger/nyt-up-7995633_recipe-2021-05-10-02-53-37-320x427.jpg,Hamburger,Hamburger
/home/yapbenzet/Desktop/Jean/cnn_food_classification/data/val/Hamburger/nyt-up-7995633_recipe-2021-06-04-07-31-06-320x427.jpg,Hamburger,Hamburger
/home/yapbenzet/Desktop/Jean/cnn_food_classification/data/val/Hamburger/nyt-up-7995633_recipe-2021-07-01-21-33-22-320x569.jpg,Hamburger,Hamburger
/home/yapbenzet/Desktop/Jean/cnn_food_classification/data/val/Hamburger/nyt-up-7995633_recipe-2021-10-30-23-43-09-288x640.jpg,Hamburger,Hamburger
/home/yapbenzet/Desktop/Jean/cnn_food_classification/data/val/Hamburger/nyt-up-7995633_recipe-2022-04-19-14-09-47-320x427.jpg,Hamburger,Hamburger
/home/yapbenzet/Desktop/Jean/cnn_food_classification/data/val/Hamburger/nyt-up-7995633_recipe-2022-09-11-19-37-09-320x426.jpg,Hamburger,Hamburger
/home/yapbenzet/Desktop/Jean/cnn_food_classification/data/val/Hamburger/nyt-up-7995633_recipe-2023-03-31-23-51-26-320x481.jpg,Hamburger,Hamburger
/home/yapbenzet/Desktop/Jean/cnn_food_classification/data/val/Hamburger/nyt-up-7995633_recipe-2023-04-18-16-46-04-320x366.jpg,Hamburger,Hamburger
/home/yapbenzet/Desktop/Jean/cnn_food_classification/data/val/Hamburger/nyt-up-7995633_recipe-2024-03-23-13-48-09-320x427.jpg,Hamburger,Hamburger
/home/yapbenzet/Desktop/Jean/cnn_food_classification/data/val/Hamburger/nyt-up-8712113_recipe-2023-06-13-11-45-08-320x427.jpg,Hamburger,Hamburger
/home/yapbenzet/Desktop/Jean/cnn_food_classification/data/val/Hamburger/nyt-up-8712113_recipe-2023-06-13-11-45-24-320x427.jpg,Hamburger,Hamburger
/home/yapbenzet/Desktop/Jean/cnn_food_classification/data/val/Hamburger/nyt-up-9462692_683665cd4053bb9e106516016-320x427.jpeg,Hamburger,Hamburger
/home/yapbenzet/Desktop/Jean/cnn_food_classification/data/val/Hamburger/nyt-up-9669852_recipe-2022-03-19-20-49-19-320x568.jpg,Hamburger,Hamburger
/home/yapbenzet/Desktop/Jean/cnn_food_classification/data/val/Hamburger/nyt-up-9669852_recipe-2022-04-25-22-10-51-320x427.jpg,Hamburger,Hamburger
/home/yapbenzet/Desktop/Jean/cnn_food_classification/data/val/Hamburger/nyt_up_1260457_recipe-2015-12-17-21-25-47-320x571.jpg,Hamburger,Hamburger
/home/yapbenzet/Desktop/Jean/cnn_food_classification/data/val/Hamburger/nyt_up_1260457_recipe-2016-03-08-14-47-13-320x180.jpg,Hamburger,Hamburger
/home/yapbenzet/Desktop/Jean/cnn_food_classification/data/val/Hamburger/nyt_up_1260457_recipe-2017-03-29-22-11-11-320x427.jpg,Hamburger,Hamburger
/home/yapbenzet/Desktop/Jean/cnn_food_classification/data/val/Hamburger/nyt_up_1260457_recipe-2017-04-25-23-52-51-320x180.jpg,Hamburger,Hamburger
/home/yapbenzet/Desktop/Jean/cnn_food_classification/data/val/Hamburger/nyt_up_2540550_recipe-2016-11-01-18-13-36-320x427.jpg,Hamburger,Hamburger
/home/yapbenzet/Desktop/Jean/cnn_food_classification/data/val/Hamburger/nyt_up_497350_5890b60a39070-e1485879357485-320x180.jpg,Hamburger,Hamburger
/home/yapbenzet/Desktop/Jean/cnn_food_classification/data/val/Hamburger/nyt_up_497350_attachment-320x240_1.jpg,Hamburger,Hamburger
/home/yapbenzet/Desktop/Jean/cnn_food_classification/data/val/Hamburger/nyt_up_497350_recipe-2017-07-14-21-09-47-320x180.jpg,Hamburger,Hamburger
/home/yapbenzet/Desktop/Jean/cnn_food_classification/data/val/Haşlanmış Yumurta/000001.jpg,Haşlanmış Yumurta,Haşlanmış Yumurta
/home/yapbenzet/Desktop/Jean/cnn_food_classification/data/val/Haşlanmış Yumurta/000002.jpg,Haşlanmış Yumurta,Haşlanmış Yumurta
/home/yapbenzet/Desktop/Jean/cnn_food_classification/data/val/Haşlanmış Yumurta/000006.jpg,Haşlanmış Yumurta,Haşlanmış Yumurta
/home/yapbenzet/Desktop/Jean/cnn_food_classification/data/val/Haşlanmış Yumurta/000012.jpg,Haşlanmış Yumurta,Haşlanmış Yumurta
/home/yapbenzet/Desktop/Jean/cnn_food_classification/data/val/Haşlanmış Yumurta/000013.jpg,Haşlanmış Yumurta,Haşlanmış Yumurta
/home/yapbenzet/Desktop/Jean/cnn_food_classification/data/val/Haşlanmış Yumurta/000026.jpg,Haşlanmış Yumurta,Haşlanmış Yumurta
/home/yapbenzet/Desktop/Jean/cnn_food_classification/data/val/Haşlanmış Yumurta/000028.jpg,Haşlanmış Yumurta,Haşlanmış Yumurta
/home/yapbenzet/Desktop/Jean/cnn_food_classification/data/val/Haşlanmış Yumurta/000034.jpg,Haşlanmış Yumurta,Haşlanmış Yumurta
/home/yapbenzet/Desktop/Jean/cnn_food_classification/data/val/Haşlanmış Yumurta/000040.jpg,Haşlanmış Yumurta,Haşlanmış Yumurta
/home/yapbenzet/Desktop/Jean/cnn_food_classification/data/val/Haşlanmış Yumurta/000045.jpg,Haşlanmış Yumurta,Haşlanmış Yumurta
/home/yapbenzet/Desktop/Jean/cnn_food_classification/data/val/Haşlanmış Yumurta/000056.jpg,Haşlanmış Yumurta,Haşlanmış Yumurta
/home/yapbenzet/Desktop/Jean/cnn_food_classification/data/val/Haşlanmış Yumurta/000058.jpg,Haşlanmış Yumurta,Haşlanmış Yumurta
/home/yapbenzet/Desktop/Jean/cnn_food_classification/data/val/Haşlanmış Yumurta/000063.jpg,Haşlanmış Yumurta,Haşlanmış Yumurta
/home/yapbenzet/Desktop/Jean/cnn_food_classification/data/val/Haşlanmış Yumurta/000064.jpg,Haşlanmış Yumurta,Haşlanmış Yumurta
/home/yapbenzet/Desktop/Jean/cnn_food_classification/data/val/Haşlanmış Yumurta/000094.jpg,Haşlanmış Yumurta,Haşlanmış Yumurta
/home/yapbenzet/Desktop/Jean/cnn_food_classification/data/val/Haşlanmış Yumurta/000102.jpg,Haşlanmış Yumurta,Haşlanmış Yumurta
/home/yapbenzet/Desktop/Jean/cnn_food_classification/data/val/Haşlanmış Yumurta/000115.jpg,Haşlanmış Yumurta,Haşlanmış Yumurta
/home/yapbenzet/Desktop/Jean/cnn_food_classification/data/val/Haşlanmış Yumurta/000120.jpg,Haşlanmış Yumurta,Haşlanmış Yumurta
/home/yapbenzet/Desktop/Jean/cnn_food_classification/data/val/Haşlanmış Yumurta/000132.jpg,Haşlanmış Yumurta,Haşlanmış Yumurta
/home/yapbenzet/Desktop/Jean/cnn_food_classification/data/val/Haşlanmış Yumurta/000159.jpg,Haşlanmış Yumurta,Haşlanmış Yumurta
/home/yapbenzet/Desktop/Jean/cnn_food_classification/data/val/Haşlanmış Yumurta/000163.jpg,Haşlanmış Yumurta,Haşlanmış Yumurta
/home/yapbenzet/Desktop/Jean/cnn_food_classification/data/val/Haşlanmış Yumurta/000164.png,Haşlanmış Yumurta,Haşlanmış Yumurta
/home/yapbenzet/Desktop/Jean/cnn_food_classification/data/val/Haşlanmış Yumurta/000167.jpg,Haşlanmış Yumurta,Haşlanmış Yumurta
/home/yapbenzet/Desktop/Jean/cnn_food_classification/data/val/Haşlanmış Yumurta/000169.png,Haşlanmış Yumurta,Haşlanmış Yumurta
/home/yapbenzet/Desktop/Jean/cnn_food_classification/data/val/Haşlanmış Yumurta/000175.jpg,Haşlanmış Yumurta,Haşlanmış Yumurta
/home/yapbenzet/Desktop/Jean/cnn_food_classification/data/val/Haşlanmış Yumurta/000187.jpg,Haşlanmış Yumurta,Haşlanmış Yumurta
/home/yapbenzet/Desktop/Jean/cnn_food_classification/data/val/Haşlanmış Yumurta/000190.jpg,Haşlanmış Yumurta,Haşlanmış Yumurta
/home/yapbenzet/Desktop/Jean/cnn_food_classification/data/val/Haşlanmış Yumurta/000198.jpg,Haşlanmış Yumurta,Haşlanmış Yumurta
/home/yapbenzet/Desktop/Jean/cnn_food_classification/data/val/Haşlanmış Yumurta/000203.png,Haşlanmış Yumurta,Haşlanmış Yumurta
/home/yapbenzet/Desktop/Jean/cnn_food_classification/data/val/Haşlanmış Yumurta/000213.jpg,Haşlanmış Yumurta,Mantı
/home/yapbenzet/Desktop/Jean/cnn_food_classification/data/val/Haşlanmış Yumurta/000215.jpg,Haşlanmış Yumurta,Mantı
/home/yapbenzet/Desktop/Jean/cnn_food_classification/data/val/Haşlanmış Yumurta/000228.jpg,Haşlanmış Yumurta,Haşlanmış Yumurta
/home/yapbenzet/Desktop/Jean/cnn_food_classification/data/val/Haşlanmış Yumurta/000232.jpg,Haşlanmış Yumurta,Haşlanmış Yumurta
/home/yapbenzet/Desktop/Jean/cnn_food_classification/data/val/Haşlanmış Yumurta/000236.jpg,Haşlanmış Yumurta,Haşlanmış Yumurta
/home/yapbenzet/Desktop/Jean/cnn_food_classification/data/val/Haşlanmış Yumurta/000237.jpg,Haşlanmış Yumurta,Haşlanmış Yumurta
/home/yapbenzet/Desktop/Jean/cnn_food_classification/data/val/Haşlanmış Yumurta/000242.jpg,Haşlanmış Yumurta,Haşlanmış Yumurta
/home/yapbenzet/Desktop/Jean/cnn_food_classification/data/val/Haşlanmış Yumurta/000252.jpg,Haşlanmış Yumurta,Haşlanmış Yumurta
/home/yapbenzet/Desktop/Jean/cnn_food_classification/data/val/Haşlanmış Yumurta/istockphoto-1157056269-1024x1024.jpg,Haşlanmış Yumurta,Haşlanmış Yumurta
/home/yapbenzet/Desktop/Jean/cnn_food_classification/data/val/Haşlanmış Yumurta/istockphoto-1180203843-1024x1024.jpg,Haşlanmış Yumurta,Haşlanmış Yumurta
/home/yapbenzet/Desktop/Jean/cnn_food_classification/data/val/Haşlanmış Yumurta/istockphoto-1285834497-1024x1024.jpg,Haşlanmış Yumurta,Haşlanmış Yumurta
/home/yapbenzet/Desktop/Jean/cnn_food_classification/data/val/Haşlanmış Yumurta/istockphoto-1361102691-1024x1024.jpg,Haşlanmış Yumurta,Haşlanmış Yumurta
/home/yapbenzet/Desktop/Jean/cnn_food_classification/data/val/Haşlanmış Yumurta/istockphoto-1361127462-1024x1024.jpg,Haşlanmış Yumurta,Haşlanmış Yumurta
/home/yapbenzet/Desktop/Jean/cnn_food_classification/data/val/Haşlanmış Yumurta/istockphoto-1365930217-1024x1024.jpg,Haşlanmış Yumurta,Haşlanmış Yumurta
/home/yapbenzet/Desktop/Jean/cnn_food_classification/data/val/Haşlanmış Yumurta/istockphoto-155420039-1024x1024.jpg,Haşlanmış Yumurta,Haşlanmış Yumurta
/home/yapbenzet/Desktop/Jean/cnn_food_classification/data/val/Haşlanmış Yumurta/istockphoto-157603551-1024x1024.jpg,Haşlanmış Yumurta,Haşlanmış Yumurta
/home/yapbenzet/Desktop/Jean/cnn_food_classification/data/val/Haşlanmış Yumurta/istockphoto-162578866-1024x1024.jpg,Haşlanmış Yumurta,Haşlanmış Yumurta
/home/yapbenzet/Desktop/Jean/cnn_food_classification/data/val/Haşlanmış Yumurta/istockphoto-177647505-612x612.jpg,Haşlanmış Yumurta,Haşlanmış Yumurta
/home/yapbenzet/Desktop/Jean/cnn_food_classification/data/val/Haşlanmış Yumurta/istockphoto-1780731949-1024x1024.jpg,Haşlanmış Yumurta,Haşlanmış Yumurta
/home/yapbenzet/Desktop/Jean/cnn_food_classification/data/val/Haşlanmış Yumurta/istockphoto-184202898-1024x1024.jpg,Haşlanmış Yumurta,Haşlanmış Yumurta
/home/yapbenzet/Desktop/Jean/cnn_food_classification/data/val/Haşlanmış Yumurta/istockphoto-2168512807-1024x1024.jpg,Haşlanmış Yumurta,Nohut
/home/yapbenzet/Desktop/Jean/cnn_food_classification/data/val/Haşlanmış Yumurta/istockphoto-475706096-1024x1024.jpg,Haşlanmış Yumurta,Haşlanmış Yumurta
/home/yapbenzet/Desktop/Jean/cnn_food_classification/data/val/Haşlanmış Yumurta/istockphoto-499346516-612x612.jpg,Haşlanmış Yumurta,Haşlanmış Yumurta
/home/yapbenzet/Desktop/Jean/cnn_food_classification/data/val/Haşlanmış Yumurta/istockphoto-520975344-612x612.jpg,Haşlanmış Yumurta,Haşlanmış Yumurta
/home/yapbenzet/Desktop/Jean/cnn_food_classification/data/val/Haşlanmış Yumurta/istockphoto-538063348-612x612.jpg,Haşlanmış Yumurta,Haşlanmış Yumurta
/home/yapbenzet/Desktop/Jean/cnn_food_classification/data/val/Haşlanmış Yumurta/istockphoto-545806426-612x612.jpg,Haşlanmış Yumurta,Haşlanmış Yumurta
/home/yapbenzet/Desktop/Jean/cnn_food_classification/data/val/Haşlanmış Yumurta/istockphoto-639997912-612x612.jpg,Haşlanmış Yumurta,Haşlanmış Yumurta
/home/yapbenzet/Desktop/Jean/cnn_food_classification/data/val/Haşlanmış Yumurta/istockphoto-640000286-1024x1024.jpg,Haşlanmış Yumurta,Haşlanmış Yumurta
/home/yapbenzet/Desktop/Jean/cnn_food_classification/data/val/Haşlanmış Yumurta/istockphoto-950130654-1024x1024.jpg,Haşlanmış Yumurta,Haşlanmış Yumurta
/home/yapbenzet/Desktop/Jean/cnn_food_classification/data/val/Haşlanmış Yumurta/istockphoto-955926140-612x612.jpg,Haşlanmış Yumurta,Haşlanmış Yumurta
/home/yapbenzet/Desktop/Jean/cnn_food_classification/data/val/Haşlanmış Yumurta/nyt-up-10664543_54465f55c130ccc0689853202-320x427.jpg,Haşlanmış Yumurta,Tavuk
/home/yapbenzet/Desktop/Jean/cnn_food_classification/data/val/Haşlanmış Yumurta/nyt-up-10664543_attachment-320x427.jpg,Haşlanmış Yumurta,Börek
/home/yapbenzet/Desktop/Jean/cnn_food_classification/data/val/Haşlanmış Yumurta/nyt-up-10664543_attachment-320x427_2.jpg,Haşlanmış Yumurta,Haşlanmış Yumurta
/home/yapbenzet/Desktop/Jean/cnn_food_classification/data/val/Haşlanmış Yumurta/nyt-up-10664543_recipe-2022-10-08-14-14-12-320x295.jpg,Haşlanmış Yumurta,Haşlanmış Yumurta
/home/yapbenzet/Desktop/Jean/cnn_food_classification/data/val/Haşlanmış Yumurta/nyt_up_90764_image-320x240.jpg,Haşlanmış Yumurta,Kadayıf
/home/yapbenzet/Desktop/Jean/cnn_food_classification/data/val/Kadayıf/000008.jpg,Kadayıf,Kadayıf
/home/yapbenzet/Desktop/Jean/cnn_food_classification/data/val/Kadayıf/000011.jpg,Kadayıf,Kadayıf
/home/yapbenzet/Desktop/Jean/cnn_food_classification/data/val/Kadayıf/000014.jpg,Kadayıf,Kadayıf
/home/yapbenzet/Desktop/Jean/cnn_food_classification/data/val/Kadayıf/000020.jpg,Kadayıf,Kadayıf
/home/yapbenzet/Desktop/Jean/cnn_food_classification/data/val/Kadayıf/000028.jpg,Kadayıf,Kadayıf
/home/yapbenzet/Desktop/Jean/cnn_food_classification/data/val/Kadayıf/000039.jpg,Kadayıf,Kadayıf
/home/yapbenzet/Desktop/Jean/cnn_food_classification/data/val/Kadayıf/000040.jpg,Kadayıf,Kadayıf
/home/yapbenzet/Desktop/Jean/cnn_food_classification/data/val/Kadayıf/000053.jpg,Kadayıf,Sütlaç
/home/yapbenzet/Desktop/Jean/cnn_food_classification/data/val/Kadayıf/000056.jpg,Kadayıf,Künefe
/home/yapbenzet/Desktop/Jean/cnn_food_classification/data/val/Kadayıf/000058.jpg,Kadayıf,Mısır Ekmeği
/home/yapbenzet/Desktop/Jean/cnn_food_classification/data/val/Kadayıf/harkulade-lezzetiyle-basma-kadayif-tatlisi-320x213.jpg,Kadayıf,Kadayıf
/home/yapbenzet/Desktop/Jean/cnn_food_classification/data/val/Kadayıf/nyt-up-191430_67260770186b346c649119707-320x427.jpg,Kadayıf,Kadayıf
/home/yapbenzet/Desktop/Jean/cnn_food_classification/data/val/Kadayıf/nyt-up-191430_attachment-320x240_1.jpg,Kadayıf,Kadayıf
/home/yapbenzet/Desktop/Jean/cnn_food_classification/data/val/Kadayıf/nyt-up-191430_attachment-320x427_12.jpg,Kadayıf,Kadayıf
/home/yapbenzet/Desktop/Jean/cnn_food_classification/data/val/Kadayıf/nyt-up-191430_attachment-320x427_2.jpg,Kadayıf,Kadayıf
/home/yapbenzet/Desktop/Jean/cnn_food_classification/data/val/Kadayıf/nyt-up-191430_recipe-2019-06-29-14-27-58-320x337.jpg,Kadayıf,Kadayıf
/home/yapbenzet/Desktop/Jean/cnn_food_classification/data/val/Kadayıf/nyt-up-191430_recipe-2020-04-15-17-50-14-320x427.jpg,Kadayıf,Kadayıf
/home/yapbenzet/Desktop/Jean/cnn_food_classification/data/val/Kadayıf/nyt-up-191430_recipe-2020-04-24-21-05-40-320x311.jpg,Kadayıf,Kadayıf
/home/yapbenzet/Desktop/Jean/cnn_food_classification/data/val/Kadayıf/nyt-up-191430_recipe-2020-04-30-17-49-28-320x240.jpg,Kadayıf,Kadayıf
/home/yapbenzet/Desktop/Jean/cnn_food_classification/data/val/Kadayıf/nyt-up-191430_recipe-2020-05-06-17-42-49-320x427.jpg,Kadayıf,Kadayıf
/home/yapbenzet/Desktop/Jean/cnn_food_classification/data/val/Kadayıf/nyt-up-191430_recipe-2020-05-10-01-10-31-311x640.jpg,Kadayıf,Kadayıf
/home/yapbenzet/Desktop/Jean/cnn_food_classification/data/val/Kadayıf/nyt-up-191430_recipe-2020-05-18-21-57-21-320x427.jpg,Kadayıf,Kadayıf
/home/yapbenzet/Desktop/Jean/cnn_food_classification/data/val/Kadayıf/nyt-up-191430_recipe-2021-03-31-20-52-55-320x160.jpg,Kadayıf,Şekerpare
/home/yapbenzet/Desktop/Jean/cnn_food_classification/data/val/Kadayıf/nyt-up-191430_recipe-2021-04-20-23-44-43-320x240.jpg,Kadayıf,Kadayıf
/home/yapbenzet/Desktop/Jean/cnn_food_classification/data/val/Kadayıf/nyt-up-191430_recipe-2021-04-25-17-12-03-320x569.jpg,Kadayıf,Kadayıf
/home/yapbenzet/Desktop/Jean/cnn_food_classification/data/val/Kadayıf/nyt-up-191430_recipe-2022-04-22-12-41-14-320x427.jpg,Kadayıf,Kadayıf
/home/yapbenzet/Desktop/Jean/cnn_food_classification/data/val/Kadayıf/nyt-up-191430_recipe-2022-04-27-17-50-41-320x427.jpg,Kadayıf,Kadayıf
/home/yapbenzet/Desktop/Jean/cnn_food_classification/data/val/Kadayıf/nyt-up-191430_recipe-2022-10-07-14-23-06-320x427.jpg,Kadayıf,Kadayıf
/home/yapbenzet/Desktop/Jean/cnn_food_classification/data/val/Kadayıf/nyt-up-191430_recipe-2023-04-02-19-24-16-320x426.jpg,Kadayıf,Kadayıf
/home/yapbenzet/Desktop/Jean/cnn_food_classification/data/val/Kadayıf/nyt-up-191430_recipe-2024-02-08-18-23-54-320x427.jpg,Kadayıf,Kadayıf
/home/yapbenzet/Desktop/Jean/cnn_food_classification/data/val/Kadayıf/nyt-up-191430_recipe-2024-10-09-20-34-36-320x427.jpg,Kadayıf,Kadayıf
/home/yapbenzet/Desktop/Jean/cnn_food_classification/data/val/Kadayıf/nyt-up-198639_246252c46453702582183773-320x427.jpg,Kadayıf,Kadayıf
/home/yapbenzet/Desktop/Jean/cnn_food_classification/data/val/Kadayıf/nyt-up-198639_attachment-1-320x569.jpg,Kadayıf,Kadayıf
/home/yapbenzet/Desktop/Jean/cnn_food_classification/data/val/Kadayıf/nyt-up-198639_attachment-320x240.jpg,Kadayıf,Revani
/home/yapbenzet/Desktop/Jean/cnn_food_classification/data/val/Kadayıf/nyt-up-198639_attachment-320x427_12.jpg,Kadayıf,Kadayıf
/home/yapbenzet/Desktop/Jean/cnn_food_classification/data/val/Kadayıf/nyt-up-198639_attachment-320x427_2.jpg,Kadayıf,Kadayıf
/home/yapbenzet/Desktop/Jean/cnn_food_classification/data/val/Kadayıf/nyt-up-198639_attachment-320x427_4.jpg,Kadayıf,Künefe
/home/yapbenzet/Desktop/Jean/cnn_food_classification/data/val/Kadayıf/nyt-up-198639_recipe-2019-04-14-21-34-13-320x323.jpg,Kadayıf,Sütlaç
/home/yapbenzet/Desktop/Jean/cnn_food_classification/data/val/Kadayıf/nyt-up-198639_recipe-2019-08-10-13-44-55-320x427.jpg,Kadayıf,Künefe
/home/yapbenzet/Desktop/Jean/cnn_food_classification/data/val/Kadayıf/nyt-up-198639_recipe-2019-12-09-18-11-22-320x427.jpg,Kadayıf,Kadayıf
/home/yapbenzet/Desktop/Jean/cnn_food_classification/data/val/Kadayıf/nyt-up-198639_recipe-2020-04-25-17-42-34-320x427.jpg,Kadayıf,Kadayıf
/home/yapbenzet/Desktop/Jean/cnn_food_classification/data/val/Kadayıf/nyt-up-198639_recipe-2020-05-02-19-22-41-320x427.jpg,Kadayıf,Kadayıf
/home/yapbenzet/Desktop/Jean/cnn_food_classification/data/val/Kadayıf/nyt-up-198639_recipe-2020-05-14-19-56-15-320x426.jpg,Kadayıf,Künefe
/home/yapbenzet/Desktop/Jean/cnn_food_classification/data/val/Kadayıf/nyt-up-198639_recipe-2020-07-27-18-06-00-320x394.jpg,Kadayıf,Kadayıf
/home/yapbenzet/Desktop/Jean/cnn_food_classification/data/val/Kadayıf/nyt-up-198639_recipe-2020-11-18-16-39-46-320x569.jpg,Kadayıf,Kadayıf
/home/yapbenzet/Desktop/Jean/cnn_food_classification/data/val/Kadayıf/nyt-up-198639_recipe-2021-05-12-21-21-23-306x640.jpg,Kadayıf,Mısır Ekmeği
/home/yapbenzet/Desktop/Jean/cnn_food_classification/data/val/Kadayıf/nyt-up-198639_recipe-2022-02-06-15-44-11-320x427.jpg,Kadayıf,Kadayıf
/home/yapbenzet/Desktop/Jean/cnn_food_classification/data/val/Kadayıf/nyt-up-198639_recipe-2022-05-06-21-06-25-320x569.jpg,Kadayıf,Kadayıf
/home/yapbenzet/Desktop/Jean/cnn_food_classification/data/val/Kadayıf/nyt-up-200189_recipe-2020-05-15-19-29-53-320x320.jpg,Kadayıf,Kadayıf
/home/yapbenzet/Desktop/Jean/cnn_food_classification/data/val/Kadayıf/nyt-up-200189_recipe-2024-11-19-11-57-18-320x240.jpg,Kadayıf,Kadayıf
/home/yapbenzet/Desktop/Jean/cnn_food_classification/data/val/Kadayıf/nyt-up-4642071_recipe-2020-05-16-01-25-30-320x427.jpg,Kadayıf,Kadayıf
/home/yapbenzet/Desktop/Jean/cnn_food_classification/data/val/Kadayıf/nyt-up-4642071_recipe-2023-03-31-17-35-35-e1680288350797-320x568.jpg,Kadayıf,Kadayıf
/home/yapbenzet/Desktop/Jean/cnn_food_classification/data/val/Kadayıf/nyt-up-4642071_recipe-2024-03-12-20-56-08-320x427.jpg,Kadayıf,Kadayıf
/home/yapbenzet/Desktop/Jean/cnn_food_classification/data/val/Kadayıf/nyt-up-5386743_attachment-320x427.jpg,Kadayıf,Kadayıf
/home/yapbenzet/Desktop/Jean/cnn_food_classification/data/val/Kadayıf/nyt-up-5386743_recipe-2019-05-11-15-04-48-320x569.jpg,Kadayıf,Kadayıf
/home/yapbenzet/Desktop/Jean/cnn_food_classification/data/val/Kadayıf/nyt-up-5386743_recipe-2019-05-11-15-06-12-320x569.jpg,Kadayıf,Kadayıf
/home/yapbenzet/Desktop/Jean/cnn_food_classification/data/val/Kadayıf/nyt-up-5386743_recipe-2019-05-17-18-28-48-320x427.jpg,Kadayıf,Kadayıf
/home/yapbenzet/Desktop/Jean/cnn_food_classification/data/val/Kadayıf/nyt-up-5386743_recipe-2023-05-25-00-33-28-320x240.jpg,Kadayıf,Kadayıf
/home/yapbenzet/Desktop/Jean/cnn_food_classification/data/val/Kadayıf/nyt-up-5787603_attachment-320x240_1.jpg,Kadayıf,Kadayıf
/home/yapbenzet/Desktop/Jean/cnn_food_classification/data/val/Kadayıf/nyt-up-5787603_attachment-320x427_3.jpg,Kadayıf,Kadayıf
/home/yapbenzet/Desktop/Jean/cnn_food_classification/data/val/Kadayıf/nyt-up-5787603_recipe-2019-05-09-14-25-54-320x427.jpg,Kadayıf,Kadayıf
/home/yapbenzet/Desktop/Jean/cnn_food_classification/data/val/Kadayıf/nyt-up-5974582_2865f8c2be6401e5014676305-320x427.jpeg,Kadayıf,Kadayıf
/home/yapbenzet/Desktop/Jean/cnn_food_classification/data/val/Kadayıf/nyt-up-5974582_attachment-320x180.jpg,Kadayıf,Kadayıf
/home/yapbenzet/Desktop/Jean/cnn_food_classification/data/val/Kadayıf/nyt-up-5974582_attachment-320x180_1.jpg,Kadayıf,Kadayıf
/home/yapbenzet/Desktop/Jean/cnn_food_classification/data/val/Kadayıf/nyt-up-5974582_attachment-320x427_1.jpg,Kadayıf,Kadayıf
/home/yapbenzet/Desktop/Jean/cnn_food_classification/data/val/Kadayıf/nyt-up-5974582_attachment-320x427_2.jpg,Kadayıf,Mısır Ekmeği
/home/yapbenzet/Desktop/Jean/cnn_food_classification/data/val/Kadayıf/nyt-up-5974582_attachment-320x427_7.jpg,Kadayıf,Kadayıf
/home/yapbenzet/Desktop/Jean/cnn_food_classification/data/val/Kadayıf/nyt-up-5974582_recipe-2019-06-03-19-10-28-320x427.jpg,Kadayıf,Kadayıf
/home/yapbenzet/Desktop/Jean/cnn_food_classification/data/val/Kadayıf/nyt-up-5974582_recipe-2020-03-26-20-40-37-320x427.jpg,Kadayıf,Kadayıf
/home/yapbenzet/Desktop/Jean/cnn_food_classification/data/val/Kadayıf/nyt-up-5974582_recipe-2020-05-01-22-25-08-320x569.jpg,Kadayıf,Kadayıf
/home/yapbenzet/Desktop/Jean/cnn_food_classification/data/val/Kadayıf/nyt-up-5974582_recipe-2020-05-03-19-01-46-320x240.jpg,Kadayıf,Kadayıf
/home/yapbenzet/Desktop/Jean/cnn_food_classification/data/val/Kadayıf/nyt-up-5974582_recipe-2020-05-03-19-02-32-320x427.jpg,Kadayıf,Kadayıf
/home/yapbenzet/Desktop/Jean/cnn_food_classification/data/val/Kadayıf/nyt-up-5974582_recipe-2021-10-24-01-58-01-320x427.jpg,Kadayıf,Kadayıf
/home/yapbenzet/Desktop/Jean/cnn_food_classification/data/val/Kadayıf/nyt-up-5974582_recipe-2022-03-07-20-22-02-320x320.jpg,Kadayıf,Kadayıf
/home/yapbenzet/Desktop/Jean/cnn_food_classification/data/val/Kadayıf/nyt-up-5974582_recipe-2022-04-23-17-40-41-320x427.jpg,Kadayıf,Kadayıf
/home/yapbenzet/Desktop/Jean/cnn_food_classification/data/val/Kadayıf/nyt-up-5974582_recipe-2023-06-27-23-40-05-288x640.jpg,Kadayıf,Mısır Ekmeği
/home/yapbenzet/Desktop/Jean/cnn_food_classification/data/val/Kadayıf/nyt-up-5974582_recipe-2023-12-16-20-29-02-320x427.jpg,Kadayıf,Kadayıf
/home/yapbenzet/Desktop/Jean/cnn_food_classification/data/val/Kadayıf/nyt_up_191430_20140720_220837-e1405899573330-180x320.jpg,Kadayıf,Sütlaç
/home/yapbenzet/Desktop/Jean/cnn_food_classification/data/val/Kadayıf/nyt_up_191430_attachment-320x239.jpg,Kadayıf,Kadayıf
/home/yapbenzet/Desktop/Jean/cnn_food_classification/data/val/Kadayıf/nyt_up_191430_attachment-320x427_10.jpg,Kadayıf,Kadayıf
/home/yapbenzet/Desktop/Jean/cnn_food_classification/data/val/Kadayıf/nyt_up_191430_attachment-320x427_5.jpg,Kadayıf,Kadayıf
/home/yapbenzet/Desktop/Jean/cnn_food_classification/data/val/Kadayıf/nyt_up_191430_nyt-up-191430-68b13d79-cad1-48b4-8e6b-a6e8e17a17f0-320x240.jpeg,Kadayıf,Kadayıf
/home/yapbenzet/Desktop/Jean/cnn_food_classification/data/val/Kadayıf/nyt_up_191430_nyt-up-191430-img-20180322-173321-320x427.jpg,Kadayıf,Kadayıf
/home/yapbenzet/Desktop/Jean/cnn_food_classification/data/val/Kadayıf/nyt_up_191430_recipe-2015-07-01-15-10-49-320x469.jpg,Kadayıf,Kadayıf
/home/yapbenzet/Desktop/Jean/cnn_food_classification/data/val/Kadayıf/nyt_up_191430_recipe-2015-07-04-01-44-48-320x180.jpg,Kadayıf,Şekerpare
/home/yapbenzet/Desktop/Jean/cnn_food_classification/data/val/Kadayıf/nyt_up_191430_recipe-2015-07-06-22-13-59-320x533.jpg,Kadayıf,Kadayıf
/home/yapbenzet/Desktop/Jean/cnn_food_classification/data/val/Kadayıf/nyt_up_191430_recipe-2015-09-08-15-40-37-320x240.jpg,Kadayıf,Kadayıf
/home/yapbenzet/Desktop/Jean/cnn_food_classification/data/val/Kadayıf/nyt_up_191430_recipe-2015-11-18-17-12-20-320x240.jpg,Kadayıf,Börek
/home/yapbenzet/Desktop/Jean/cnn_food_classification/data/val/Kadayıf/nyt_up_191430_recipe-2016-06-13-18-35-43-320x244.jpg,Kadayıf,Kadayıf
/home/yapbenzet/Desktop/Jean/cnn_food_classification/data/val/Kadayıf/nyt_up_191430_recipe-2017-01-19-21-33-18-320x180.jpg,Kadayıf,Kadayıf
/home/yapbenzet/Desktop/Jean/cnn_food_classification/data/val/Kadayıf/nyt_up_191430_recipe-2017-05-28-18-02-16-320x533.jpg,Kadayıf,Kadayıf
/home/yapbenzet/Desktop/Jean/cnn_food_classification/data/val/Kadayıf/nyt_up_191430_recipe-2017-06-08-16-49-55-320x180.jpg,Kadayıf,Kadayıf
/home/yapbenzet/Desktop/Jean/cnn_food_classification/data/val/Kadayıf/nyt_up_191430_recipe-2017-06-08-21-57-37-320x533.jpg,Kadayıf,Kadayıf
/home/yapbenzet/Desktop/Jean/cnn_food_classification/data/val/Kadayıf/nyt_up_191430_recipe-2018-02-09-18-23-50-320x569.jpg,Kadayıf,Kadayıf
/home/yapbenzet/Desktop/Jean/cnn_food_classification/data/val/Kadayıf/nyt_up_191430_recipe-2018-05-04-17-00-10-320x533.jpg,Kadayıf,Kadayıf
/home/yapbenzet/Desktop/Jean/cnn_food_classification/data/val/Kadayıf/nyt_up_191430_recipe-2018-05-22-21-34-55-320x427.jpg,Kadayıf,Kadayıf
/home/yapbenzet/Desktop/Jean/cnn_food_classification/data/val/Kadayıf/nyt_up_191430_recipe-2018-06-01-18-46-12-320x333.jpg,Kadayıf,Kadayıf
/home/yapbenzet/Desktop/Jean/cnn_food_classification/data/val/Kadayıf/nyt_up_191430_recipe-2018-06-01-20-02-23-e1527878573436-320x180.jpg,Kadayıf,Kadayıf
/home/yapbenzet/Desktop/Jean/cnn_food_classification/data/val/Kadayıf/nyt_up_191430_recipe-2018-10-30-22-13-12-320x569.jpg,Kadayıf,Kadayıf
/home/yapbenzet/Desktop/Jean/cnn_food_classification/data/val/Kadayıf/nyt_up_191430_recipe-2019-03-15-20-45-01-320x427.jpg,Kadayıf,Kadayıf
/home/yapbenzet/Desktop/Jean/cnn_food_classification/data/val/Kadayıf/nyt_up_198639_20150624_180031-320x240.jpg,Kadayıf,Kadayıf
/home/yapbenzet/Desktop/Jean/cnn_food_classification/data/val/Kadayıf/nyt_up_198639_attachment-239x320.jpg,Kadayıf,Kadayıf
/home/yapbenzet/Desktop/Jean/cnn_food_classification/data/val/Kadayıf/nyt_up_198639_attachment-320x427_10.jpg,Kadayıf,Kadayıf
/home/yapbenzet/Desktop/Jean/cnn_food_classification/data/val/Kadayıf/nyt_up_198639_recipe-2014-11-29-14-18-12-320x240.jpg,Kadayıf,Kadayıf
/home/yapbenzet/Desktop/Jean/cnn_food_classification/data/val/Kadayıf/nyt_up_198639_recipe-2016-06-21-21-27-59-320x569.jpg,Kadayıf,Kadayıf
/home/yapbenzet/Desktop/Jean/cnn_food_classification/data/val/Kadayıf/nyt_up_200189_20150708_182104-e1436368777937-320x569.jpg,Kadayıf,Kadayıf
/home/yapbenzet/Desktop/Jean/cnn_food_classification/data/val/Kadayıf/nyt_up_200189_B612_20160705_210023-320x240.jpg,Kadayıf,Kadayıf
/home/yapbenzet/Desktop/Jean/cnn_food_classification/data/val/Kadayıf/nyt_up_200189_DSC_1088-320x180.jpg,Kadayıf,Kadayıf
/home/yapbenzet/Desktop/Jean/cnn_food_classification/data/val/Kadayıf/nyt_up_200189_attachment-320x427_3.jpg,Kadayıf,Kadayıf
/home/yapbenzet/Desktop/Jean/cnn_food_classification/data/val/Kadayıf/nyt_up_200189_attachment-320x427_9.jpg,Kadayıf,Künefe
/home/yapbenzet/Desktop/Jean/cnn_food_classification/data/val/Kadayıf/nyt_up_200189_recipe-2015-07-05-17-44-31-320x569.jpg,Kadayıf,Künefe
/home/yapbenzet/Desktop/Jean/cnn_food_classification/data/val/Kadayıf/nyt_up_200189_recipe-2016-07-03-18-27-03-320x240.jpg,Kadayıf,Kadayıf
/home/yapbenzet/Desktop/Jean/cnn_food_classification/data/val/Kadayıf/nyt_up_200189_recipe-2016-10-20-21-46-54-320x180.jpg,Kadayıf,Kadayıf
/home/yapbenzet/Desktop/Jean/cnn_food_classification/data/val/Kadayıf/nyt_up_200189_recipe-2017-06-30-10-19-33-320x240.jpg,Kadayıf,Kadayıf
/home/yapbenzet/Desktop/Jean/cnn_food_classification/data/val/Kadayıf/nyt_up_200189_recipe-2018-10-07-15-13-56-320x240.jpg,Kadayıf,Esmer Ekmek
/home/yapbenzet/Desktop/Jean/cnn_food_classification/data/val/Kadayıf/nyt_up_4642071_recipe-2018-11-08-17-12-56-320x240.jpg,Kadayıf,Kadayıf
/home/yapbenzet/Desktop/Jean/cnn_food_classification/data/val/Kadayıf/nyt_up_4642071_recipe-2018-12-30-21-05-39-320x569.jpg,Kadayıf,Kadayıf
/home/yapbenzet/Desktop/Jean/cnn_food_classification/data/val/Kadayıf/nyt_up_5386743_attachment-1-320x427.jpg,Kadayıf,Kadayıf
/home/yapbenzet/Desktop/Jean/cnn_food_classification/data/val/Karnıyarık/000003_aug_103.jpg,Karnıyarık,Karnıyarık
/home/yapbenzet/Desktop/Jean/cnn_food_classification/data/val/Karnıyarık/000007.jpg,Karnıyarık,Karnıyarık
/home/yapbenzet/Desktop/Jean/cnn_food_classification/data/val/Karnıyarık/000009_aug_106.jpg,Karnıyarık,Karnıyarık
/home/yapbenzet/Desktop/Jean/cnn_food_classification/data/val/Karnıyarık/000011.jpg,Karnıyarık,Karnıyarık
/home/yapbenzet/Desktop/Jean/cnn_food_classification/data/val/Karnıyarık/000012.jpg,Karnıyarık,Karnıyarık
/home/yapbenzet/Desktop/Jean/cnn_food_classification/data/val/Karnıyarık/000020.jpg,Karnıyarık,Karnıyarık
/home/yapbenzet/Desktop/Jean/cnn_food_classification/data/val/Karnıyarık/000021.jpg,Karnıyarık,Karnıyarık
/home/yapbenzet/Desktop/Jean/cnn_food_classification/data/val/Karnıyarık/000022.jpg,Karnıyarık,Karnıyarık
/home/yapbenzet/Desktop/Jean/cnn_food_classification/data/val/Karnıyarık/000023.jpg,Karnıyarık,Karnıyarık
/home/yapbenzet/Desktop/Jean/cnn_food_classification/data/val/Karnıyarık/000024.jpg,Karnıyarık,Karnıyarık
/home/yapbenzet/Desktop/Jean/cnn_food_classification/data/val/Karnıyarık/000032.jpg,Karnıyarık,Karnıyarık
/home/yapbenzet/Desktop/Jean/cnn_food_classification/data/val/Karnıyarık/000033.jpg,Karnıyarık,Karnıyarık
/home/yapbenzet/Desktop/Jean/cnn_food_classification/data/val/Karnıyarık/000034_aug_105.jpg,Karnıyarık,Karnıyarık
/home/yapbenzet/Desktop/Jean/cnn_food_classification/data/val/Karnıyarık/000035.jpg,Karnıyarık,Karnıyarık
/home/yapbenzet/Desktop/Jean/cnn_food_classification/data/val/Karnıyarık/000035_aug_94.jpg,Karnıyarık,Karnıyarık
/home/yapbenzet/Desktop/Jean/cnn_food_classification/data/val/Karnıyarık/000070.jpg,Karnıyarık,Karnıyarık
/home/yapbenzet/Desktop/Jean/cnn_food_classification/data/val/Karnıyarık/karniyarik-videosu-320x213.jpg,Karnıyarık,Karnıyarık
/home/yapbenzet/Desktop/Jean/cnn_food_classification/data/val/Karnıyarık/kizartmadan-saglikli-karniyarik-tarifi-320x213.jpg,Karnıyarık,Karnıyarık
/home/yapbenzet/Desktop/Jean/cnn_food_classification/data/val/Karnıyarık/nyt-up-1103687_attachment-320x240.jpg,Karnıyarık,Karnıyarık
/home/yapbenzet/Desktop/Jean/cnn_food_classification/data/val/Karnıyarık/nyt-up-1477_7675db1d4927d916910818874-e1571941395246-320x569.jpg,Karnıyarık,Karnıyarık
/home/yapbenzet/Desktop/Jean/cnn_food_classification/data/val/Karnıyarık/nyt-up-1477_819610eb369eba16026341480-296x640.jpg,Karnıyarık,Karnıyarık
/home/yapbenzet/Desktop/Jean/cnn_food_classification/data/val/Karnıyarık/nyt-up-1477_attachment-1-320x427.jpg,Karnıyarık,Karnıyarık
/home/yapbenzet/Desktop/Jean/cnn_food_classification/data/val/Karnıyarık/nyt-up-1477_attachment-320x240.jpg,Karnıyarık,Karnıyarık
/home/yapbenzet/Desktop/Jean/cnn_food_classification/data/val/Karnıyarık/nyt-up-1477_recipe-2019-11-21-19-23-04-320x427.jpg,Karnıyarık,Karnıyarık
/home/yapbenzet/Desktop/Jean/cnn_food_classification/data/val/Karnıyarık/nyt-up-1477_recipe-2020-05-09-17-16-03-320x240.jpg,Karnıyarık,Karnıyarık
/home/yapbenzet/Desktop/Jean/cnn_food_classification/data/val/Karnıyarık/nyt-up-2139182_attachment-320x427_3.jpg,Karnıyarık,Karnıyarık
/home/yapbenzet/Desktop/Jean/cnn_food_classification/data/val/Karnıyarık/nyt-up-2139182_recipe-2020-04-30-15-47-03-320x240.jpg,Karnıyarık,Karnıyarık
/home/yapbenzet/Desktop/Jean/cnn_food_classification/data/val/Karnıyarık/nyt-up-2139182_recipe-2020-05-09-18-41-23-320x240.jpg,Karnıyarık,Karnıyarık
/home/yapbenzet/Desktop/Jean/cnn_food_classification/data/val/Karnıyarık/nyt-up-3404184_attachment-320x180_1.jpg,Karnıyarık,Karnıyarık
/home/yapbenzet/Desktop/Jean/cnn_food_classification/data/val/Karnıyarık/nyt-up-3404184_attachment-320x320.jpg,Karnıyarık,Karnıyarık
/home/yapbenzet/Desktop/Jean/cnn_food_classification/data/val/Karnıyarık/nyt-up-3404184_attachment-320x427_1.jpg,Karnıyarık,Karnıyarık
/home/yapbenzet/Desktop/Jean/cnn_food_classification/data/val/Karnıyarık/nyt-up-3404184_attachment-320x427_2.jpg,Karnıyarık,Karnıyarık
/home/yapbenzet/Desktop/Jean/cnn_food_classification/data/val/Karnıyarık/nyt-up-3404184_attachment-320x427_4.jpg,Karnıyarık,Karnıyarık
/home/yapbenzet/Desktop/Jean/cnn_food_classification/data/val/Karnıyarık/nyt-up-3404184_attachment-e1660587993617-320x240.jpg,Karnıyarık,Karnıyarık
/home/yapbenzet/Desktop/Jean/cnn_food_classification/data/val/Karnıyarık/nyt-up-3404184_recipe-2020-01-14-16-11-04-320x240.jpg,Karnıyarık,Karnıyarık
/home/yapbenzet/Desktop/Jean/cnn_food_classification/data/val/Karnıyarık/nyt-up-3404184_recipe-2020-04-22-19-02-22-320x427.jpg,Karnıyarık,Karnıyarık
/home/yapbenzet/Desktop/Jean/cnn_food_classification/data/val/Karnıyarık/nyt-up-3404184_recipe-2023-12-06-16-35-09-320x427.jpg,Karnıyarık,Karnıyarık
/home/yapbenzet/Desktop/Jean/cnn_food_classification/data/val/Karnıyarık/nyt-up-3404184_recipe-2023-12-07-06-16-24-320x569.jpg,Karnıyarık,Karnıyarık
/home/yapbenzet/Desktop/Jean/cnn_food_classification/data/val/Karnıyarık/nyt-up-3404184_recipe-2024-03-29-17-11-53-320x427.jpg,Karnıyarık,Karnıyarık
/home/yapbenzet/Desktop/Jean/cnn_food_classification/data/val/Karnıyarık/nyt-up-571884_recipe-2019-09-25-18-48-30-320x427.jpg,Karnıyarık,Karnıyarık
/home/yapbenzet/Desktop/Jean/cnn_food_classification/data/val/Karnıyarık/nyt-up-7481061_attachment-320x427_7.jpg,Karnıyarık,Karnıyarık
/home/yapbenzet/Desktop/Jean/cnn_food_classification/data/val/Karnıyarık/nyt-up-7481061_recipe-2020-05-19-20-39-37-320x320.jpg,Karnıyarık,Karnıyarık
/home/yapbenzet/Desktop/Jean/cnn_food_classification/data/val/Karnıyarık/nyt-up-7481061_recipe-2021-01-13-18-25-14-320x627.jpg,Karnıyarık,Karnıyarık
/home/yapbenzet/Desktop/Jean/cnn_food_classification/data/val/Karnıyarık/nyt-up-7481061_recipe-2022-07-06-21-50-00-320x427.jpg,Karnıyarık,Karnıyarık
/home/yapbenzet/Desktop/Jean/cnn_food_classification/data/val/Karnıyarık/nyt-up-7481061_recipe-2023-06-15-21-18-29-320x320.jpg,Karnıyarık,Karnıyarık
/home/yapbenzet/Desktop/Jean/cnn_food_classification/data/val/Karnıyarık/nyt-up-7481061_recipe-2024-02-29-22-25-28-320x180.jpg,Karnıyarık,Karnıyarık
/home/yapbenzet/Desktop/Jean/cnn_food_classification/data/val/Karnıyarık/nyt-up-84486-20190930-170722-1-320x180.jpg,Karnıyarık,Karnıyarık
/home/yapbenzet/Desktop/Jean/cnn_food_classification/data/val/Karnıyarık/nyt-up-84486_85615a2d6ec37b2694541687-320x427.jpeg,Karnıyarık,Karnıyarık
/home/yapbenzet/Desktop/Jean/cnn_food_classification/data/val/Karnıyarık/nyt-up-84486_attachment-320x180_1.jpg,Karnıyarık,Karnıyarık
/home/yapbenzet/Desktop/Jean/cnn_food_classification/data/val/Karnıyarık/nyt-up-84486_attachment-320x180_2.jpg,Karnıyarık,Karnıyarık
/home/yapbenzet/Desktop/Jean/cnn_food_classification/data/val/Karnıyarık/nyt-up-84486_attachment-320x240_16.jpg,Karnıyarık,Karnıyarık
/home/yapbenzet/Desktop/Jean/cnn_food_classification/data/val/Karnıyarık/nyt-up-84486_attachment-320x240_7.jpg,Karnıyarık,Karnıyarık
/home/yapbenzet/Desktop/Jean/cnn_food_classification/data/val/Karnıyarık/nyt-up-84486_attachment-320x240_9.jpg,Karnıyarık,Karnıyarık
/home/yapbenzet/Desktop/Jean/cnn_food_classification/data/val/Karnıyarık/nyt-up-84486_attachment-320x289.jpg,Karnıyarık,Karnıyarık
/home/yapbenzet/Desktop/Jean/cnn_food_classification/data/val/Karnıyarık/nyt-up-84486_attachment-320x417.jpg,Karnıyarık,Karnıyarık
/home/yapbenzet/Desktop/Jean/cnn_food_classification/data/val/Karnıyarık/nyt-up-84486_attachment-320x427.jpg,Karnıyarık,Karnıyarık
/home/yapbenzet/Desktop/Jean/cnn_food_classification/data/val/Karnıyarık/nyt-up-84486_attachment-320x427_14.jpg,Karnıyarık,Karnıyarık
/home/yapbenzet/Desktop/Jean/cnn_food_classification/data/val/Karnıyarık/nyt-up-84486_attachment-320x427_16.jpg,Karnıyarık,Karnıyarık
/home/yapbenzet/Desktop/Jean/cnn_food_classification/data/val/Karnıyarık/nyt-up-84486_attachment-320x427_24 (2).jpg,Karnıyarık,Karnıyarık
/home/yapbenzet/Desktop/Jean/cnn_food_classification/data/val/Karnıyarık/nyt-up-84486_attachment-320x427_26 (2).jpg,Karnıyarık,Karnıyarık
/home/yapbenzet/Desktop/Jean/cnn_food_classification/data/val/Karnıyarık/nyt-up-84486_attachment-320x427_26.jpg,Karnıyarık,Karnıyarık
/home/yapbenzet/Desktop/Jean/cnn_food_classification/data/val/Karnıyarık/nyt-up-84486_attachment-320x427_27.jpg,Karnıyarık,Karnıyarık
/home/yapbenzet/Desktop/Jean/cnn_food_classification/data/val/Karnıyarık/nyt-up-84486_attachment-320x427_28.jpg,Karnıyarık,Karnıyarık
/home/yapbenzet/Desktop/Jean/cnn_food_classification/data/val/Karnıyarık/nyt-up-84486_attachment-320x427_30.jpg,Karnıyarık,Karnıyarık
/home/yapbenzet/Desktop/Jean/cnn_food_classification/data/val/Karnıyarık/nyt-up-84486_attachment-320x427_36.jpg,Karnıyarık,Karnıyarık
/home/yapbenzet/Desktop/Jean/cnn_food_classification/data/val/Karnıyarık/nyt-up-84486_attachment-320x427_37.jpg,Karnıyarık,Karnıyarık
/home/yapbenzet/Desktop/Jean/cnn_food_classification/data/val/Karnıyarık/nyt-up-84486_attachment-320x427_53.jpg,Karnıyarık,Karnıyarık
/home/yapbenzet/Desktop/Jean/cnn_food_classification/data/val/Karnıyarık/nyt-up-84486_attachment-320x427_60.jpg,Karnıyarık,Karnıyarık
/home/yapbenzet/Desktop/Jean/cnn_food_classification/data/val/Karnıyarık/nyt-up-84486_attachment-320x427_73.jpg,Karnıyarık,Karnıyarık
/home/yapbenzet/Desktop/Jean/cnn_food_classification/data/val/Karnıyarık/nyt-up-84486_attachment-320x427_83.jpg,Karnıyarık,Karnıyarık
/home/yapbenzet/Desktop/Jean/cnn_food_classification/data/val/Karnıyarık/nyt-up-84486_attachment-320x568_1 (2).jpg,Karnıyarık,Karnıyarık
/home/yapbenzet/Desktop/Jean/cnn_food_classification/data/val/Karnıyarık/nyt-up-84486_attachment-320x569_14.jpg,Karnıyarık,Karnıyarık
/home/yapbenzet/Desktop/Jean/cnn_food_classification/data/val/Karnıyarık/nyt-up-84486_attachment-320x569_17.jpg,Karnıyarık,Karnıyarık
/home/yapbenzet/Desktop/Jean/cnn_food_classification/data/val/Karnıyarık/nyt-up-84486_attachment-320x569_4.jpg,Karnıyarık,Karnıyarık
/home/yapbenzet/Desktop/Jean/cnn_food_classification/data/val/Karnıyarık/nyt-up-84486_attachment-e1563555851806-320x427.jpg,Karnıyarık,Karnıyarık
/home/yapbenzet/Desktop/Jean/cnn_food_classification/data/val/Karnıyarık/nyt-up-84486_attachment-e1692479396715-320x240.jpg,Karnıyarık,Karnıyarık
/home/yapbenzet/Desktop/Jean/cnn_food_classification/data/val/Karnıyarık/nyt-up-84486_recipe-2019-05-21-07-36-03-320x427.jpg,Karnıyarık,Karnıyarık
/home/yapbenzet/Desktop/Jean/cnn_food_classification/data/val/Karnıyarık/nyt-up-84486_recipe-2019-06-22-19-14-58-e1561233730529-320x180.jpg,Karnıyarık,Karnıyarık
/home/yapbenzet/Desktop/Jean/cnn_food_classification/data/val/Karnıyarık/nyt-up-84486_recipe-2019-06-24-20-30-32-320x240.jpg,Karnıyarık,Karnıyarık
/home/yapbenzet/Desktop/Jean/cnn_food_classification/data/val/Karnıyarık/nyt-up-84486_recipe-2019-07-03-16-54-44-320x180.jpg,Karnıyarık,Karnıyarık
/home/yapbenzet/Desktop/Jean/cnn_food_classification/data/val/Karnıyarık/nyt-up-84486_recipe-2019-09-28-19-30-41-320x240.jpg,Karnıyarık,Karnıyarık
/home/yapbenzet/Desktop/Jean/cnn_food_classification/data/val/Karnıyarık/nyt-up-84486_recipe-2019-11-14-21-58-09-320x144.jpg,Karnıyarık,Karnıyarık
/home/yapbenzet/Desktop/Jean/cnn_food_classification/data/val/Karnıyarık/nyt-up-84486_recipe-2019-12-05-21-41-34-320x391.jpg,Karnıyarık,Karnıyarık
/home/yapbenzet/Desktop/Jean/cnn_food_classification/data/val/Karnıyarık/nyt-up-84486_recipe-2019-12-24-16-49-53-320x240.jpg,Karnıyarık,Karnıyarık
/home/yapbenzet/Desktop/Jean/cnn_food_classification/data/val/Karnıyarık/nyt-up-84486_recipe-2020-02-29-18-07-17-320x568.jpg,Karnıyarık,Karnıyarık
/home/yapbenzet/Desktop/Jean/cnn_food_classification/data/val/Karnıyarık/nyt-up-84486_recipe-2020-04-25-03-18-48-320x427.jpg,Karnıyarık,Karnıyarık
/home/yapbenzet/Desktop/Jean/cnn_food_classification/data/val/Karnıyarık/nyt-up-84486_recipe-2020-04-29-14-14-17-320x240.jpg,Karnıyarık,Karnıyarık
/home/yapbenzet/Desktop/Jean/cnn_food_classification/data/val/Karnıyarık/nyt-up-84486_recipe-2020-05-01-18-36-29-320x427.jpg,Karnıyarık,Karnıyarık
/home/yapbenzet/Desktop/Jean/cnn_food_classification/data/val/Karnıyarık/nyt-up-84486_recipe-2020-05-02-15-23-40-320x569.jpg,Karnıyarık,Karnıyarık
/home/yapbenzet/Desktop/Jean/cnn_food_classification/data/val/Karnıyarık/nyt-up-84486_recipe-2020-05-04-20-31-46-320x240.jpg,Karnıyarık,Karnıyarık
/home/yapbenzet/Desktop/Jean/cnn_food_classification/data/val/Karnıyarık/nyt-up-84486_recipe-2020-05-05-18-39-46-320x240.jpg,Karnıyarık,Karnıyarık
/home/yapbenzet/Desktop/Jean/cnn_food_classification/data/val/Karnıyarık/nyt-up-84486_recipe-2020-05-16-12-52-51-320x173.jpg,Karnıyarık,Karnıyarık
/home/yapbenzet/Desktop/Jean/cnn_food_classification/data/val/Karnıyarık/nyt-up-84486_recipe-2020-07-19-19-42-41-320x569.jpg,Karnıyarık,Karnıyarık
/home/yapbenzet/Desktop/Jean/cnn_food_classification/data/val/Karnıyarık/nyt-up-84486_recipe-2020-08-20-16-01-24-320x568.jpg,Karnıyarık,Karnıyarık
/home/yapbenzet/Desktop/Jean/cnn_food_classification/data/val/Karnıyarık/nyt-up-84486_recipe-2020-09-02-20-11-21-320x427.jpg,Karnıyarık,Karnıyarık
/home/yapbenzet/Desktop/Jean/cnn_food_classification/data/val/Karnıyarık/nyt-up-84486_recipe-2020-11-01-18-14-56-320x180.jpg,Karnıyarık,Karnıyarık
/home/yapbenzet/Desktop/Jean/cnn_food_classification/data/val/Karnıyarık/nyt-up-84486_recipe-2020-12-25-19-29-35-320x569.jpg,Karnıyarık,Karnıyarık
/home/yapbenzet/Desktop/Jean/cnn_food_classification/data/val/Karnıyarık/nyt-up-84486_recipe-2021-01-06-18-32-25-320x240.jpg,Karnıyarık,Karnıyarık
/home/yapbenzet/Desktop/Jean/cnn_food_classification/data/val/Karnıyarık/nyt-up-84486_recipe-2021-01-31-01-22-14-320x427.jpg,Karnıyarık,Karnıyarık
/home/yapbenzet/Desktop/Jean/cnn_food_classification/data/val/Karnıyarık/nyt-up-84486_recipe-2021-04-13-22-05-04-320x320.jpg,Karnıyarık,Karnıyarık
/home/yapbenzet/Desktop/Jean/cnn_food_classification/data/val/Karnıyarık/nyt-up-84486_recipe-2021-04-25-12-38-42-320x240.jpg,Karnıyarık,Karnıyarık
/home/yapbenzet/Desktop/Jean/cnn_food_classification/data/val/Karnıyarık/nyt-up-84486_recipe-2021-05-03-03-00-19-320x393.jpg,Karnıyarık,Karnıyarık
/home/yapbenzet/Desktop/Jean/cnn_food_classification/data/val/Karnıyarık/nyt-up-84486_recipe-2021-05-12-20-19-27-320x240.jpg,Karnıyarık,Karnıyarık
/home/yapbenzet/Desktop/Jean/cnn_food_classification/data/val/Karnıyarık/nyt-up-84486_recipe-2021-09-08-18-03-32-320x427.jpg,Karnıyarık,Karnıyarık
/home/yapbenzet/Desktop/Jean/cnn_food_classification/data/val/Karnıyarık/nyt-up-84486_recipe-2021-11-04-11-39-42-320x240.jpg,Karnıyarık,Karnıyarık
/home/yapbenzet/Desktop/Jean/cnn_food_classification/data/val/Karnıyarık/nyt-up-84486_recipe-2021-11-24-21-39-21-320x569.jpg,Karnıyarık,Karnıyarık
/home/yapbenzet/Desktop/Jean/cnn_food_classification/data/val/Karnıyarık/nyt-up-84486_recipe-2022-03-19-16-28-27-320x426.jpg,Karnıyarık,Karnıyarık
/home/yapbenzet/Desktop/Jean/cnn_food_classification/data/val/Karnıyarık/nyt-up-84486_recipe-2022-03-19-17-09-54-296x640.jpg,Karnıyarık,Karnıyarık
/home/yapbenzet/Desktop/Jean/cnn_food_classification/data/val/Karnıyarık/nyt-up-84486_recipe-2022-05-22-16-57-32-320x428.jpg,Karnıyarık,Karnıyarık
/home/yapbenzet/Desktop/Jean/cnn_food_classification/data/val/Karnıyarık/nyt-up-84486_recipe-2022-06-11-10-41-57-320x156.jpg,Karnıyarık,Karnıyarık
/home/yapbenzet/Desktop/Jean/cnn_food_classification/data/val/Karnıyarık/nyt-up-84486_recipe-2022-08-20-17-14-06-320x240.jpg,Karnıyarık,Karnıyarık
/home/yapbenzet/Desktop/Jean/cnn_food_classification/data/val/Karnıyarık/nyt-up-84486_recipe-2023-01-21-18-51-34-320x427.jpg,Karnıyarık,Karnıyarık
/home/yapbenzet/Desktop/Jean/cnn_food_classification/data/val/Karnıyarık/nyt-up-84486_recipe-2023-04-05-14-26-32-320x427.jpg,Karnıyarık,Karnıyarık
/home/yapbenzet/Desktop/Jean/cnn_food_classification/data/val/Karnıyarık/nyt-up-84486_recipe-2023-05-17-17-40-21-320x240.jpg,Karnıyarık,Karnıyarık
/home/yapbenzet/Desktop/Jean/cnn_food_classification/data/val/Karnıyarık/nyt-up-84486_recipe-2024-04-04-20-01-14-320x425.jpg,Karnıyarık,Karnıyarık
/home/yapbenzet/Desktop/Jean/cnn_food_classification/data/val/Karnıyarık/nyt-up-84486_recipe-2024-05-22-22-12-07-320x427.jpg,Karnıyarık,Karnıyarık
/home/yapbenzet/Desktop/Jean/cnn_food_classification/data/val/Karnıyarık/nyt-up-84486_recipe-2024-05-30-20-15-48-320x273.jpg,Karnıyarık,Karnıyarık
/home/yapbenzet/Desktop/Jean/cnn_food_classification/data/val/Karnıyarık/nyt-up-84486_recipe-2024-07-03-01-59-55-320x144.jpg,Karnıyarık,Karnıyarık
/home/yapbenzet/Desktop/Jean/cnn_food_classification/data/val/Karnıyarık/nyt-up-84486_recipe-2024-09-23-19-17-43-320x569.jpg,Karnıyarık,Karnıyarık
/home/yapbenzet/Desktop/Jean/cnn_food_classification/data/val/Karnıyarık/nyt_up_1103687_recipe-2017-02-17-21-12-52-320x569.jpg,Karnıyarık,Karnıyarık
/home/yapbenzet/Desktop/Jean/cnn_food_classification/data/val/Karnıyarık/nyt_up_1103687_recipe-2018-05-13-16-12-42-320x240.jpg,Karnıyarık,Karnıyarık
/home/yapbenzet/Desktop/Jean/cnn_food_classification/data/val/Karnıyarık/nyt_up_1103687_recipe-2018-05-17-17-49-52-320x427.jpg,Karnıyarık,Karnıyarık
/home/yapbenzet/Desktop/Jean/cnn_food_classification/data/val/Karnıyarık/nyt_up_1477_attachment-320x240_1.jpg,Karnıyarık,Karnıyarık
/home/yapbenzet/Desktop/Jean/cnn_food_classification/data/val/Karnıyarık/nyt_up_1477_attachment-320x240_4.jpg,Karnıyarık,Karnıyarık
/home/yapbenzet/Desktop/Jean/cnn_food_classification/data/val/Karnıyarık/nyt_up_1477_attachment-320x427.jpg,Karnıyarık,Karnıyarık
/home/yapbenzet/Desktop/Jean/cnn_food_classification/data/val/Karnıyarık/nyt_up_1477_attachment-320x427_1.jpg,Karnıyarık,Karnıyarık
/home/yapbenzet/Desktop/Jean/cnn_food_classification/data/val/Karnıyarık/nyt_up_1477_attachment-320x427_11.jpg,Karnıyarık,Karnıyarık
/home/yapbenzet/Desktop/Jean/cnn_food_classification/data/val/Karnıyarık/nyt_up_1477_attachment-320x427_3.jpg,Karnıyarık,Karnıyarık
/home/yapbenzet/Desktop/Jean/cnn_food_classification/data/val/Karnıyarık/nyt_up_1477_attachment-320x427_7.jpg,Karnıyarık,Karnıyarık
/home/yapbenzet/Desktop/Jean/cnn_food_classification/data/val/Karnıyarık/nyt_up_1477_image-320x418.jpg,Karnıyarık,Karnıyarık
/home/yapbenzet/Desktop/Jean/cnn_food_classification/data/val/Karnıyarık/nyt_up_1477_nyt-up-1477-20180520-212925-320x240.jpg,Karnıyarık,Karnıyarık
/home/yapbenzet/Desktop/Jean/cnn_food_classification/data/val/Karnıyarık/nyt_up_1477_recipe-2015-04-03-20-10-53-320x427.jpg,Karnıyarık,Karnıyarık
/home/yapbenzet/Desktop/Jean/cnn_food_classification/data/val/Karnıyarık/nyt_up_1477_recipe-2015-06-21-17-01-20-320x240.jpg,Karnıyarık,Karnıyarık
/home/yapbenzet/Desktop/Jean/cnn_food_classification/data/val/Karnıyarık/nyt_up_1477_recipe-2015-06-25-18-30-38-320x427.jpg,Karnıyarık,Karnıyarık
/home/yapbenzet/Desktop/Jean/cnn_food_classification/data/val/Karnıyarık/nyt_up_1477_recipe-2016-03-10-19-55-03-320x427.jpg,Karnıyarık,Karnıyarık
/home/yapbenzet/Desktop/Jean/cnn_food_classification/data/val/Karnıyarık/nyt_up_1477_recipe-2016-04-20-14-45-43-320x427.jpg,Karnıyarık,Adana Kebap
/home/yapbenzet/Desktop/Jean/cnn_food_classification/data/val/Karnıyarık/nyt_up_1477_recipe-2016-06-08-18-55-32-320x568.jpg,Karnıyarık,Karnıyarık
/home/yapbenzet/Desktop/Jean/cnn_food_classification/data/val/Karnıyarık/nyt_up_1477_recipe-2018-04-24-18-23-58-320x427.jpg,Karnıyarık,Karnıyarık
/home/yapbenzet/Desktop/Jean/cnn_food_classification/data/val/Karnıyarık/nyt_up_20079_recipe-2018-08-28-19-09-13-320x240.jpg,Karnıyarık,Karnıyarık
/home/yapbenzet/Desktop/Jean/cnn_food_classification/data/val/Karnıyarık/nyt_up_2139182_recipe-2018-03-17-16-18-39-320x569.jpg,Karnıyarık,Karnıyarık
/home/yapbenzet/Desktop/Jean/cnn_food_classification/data/val/Karnıyarık/nyt_up_3404184_attachment-320x240.jpg,Karnıyarık,Karnıyarık
/home/yapbenzet/Desktop/Jean/cnn_food_classification/data/val/Karnıyarık/nyt_up_4570672_attachment-320x427.jpg,Karnıyarık,Karnıyarık
/home/yapbenzet/Desktop/Jean/cnn_food_classification/data/val/Karnıyarık/nyt_up_4570672_recipe-2018-05-09-17-43-28-e1525877488796-320x240.jpg,Karnıyarık,Karnıyarık
/home/yapbenzet/Desktop/Jean/cnn_food_classification/data/val/Karnıyarık/nyt_up_52580_karniyarik-320x179.jpg,Karnıyarık,Karnıyarık
/home/yapbenzet/Desktop/Jean/cnn_food_classification/data/val/Karnıyarık/nyt_up_571884_11058669_10207755241821643_7354994034794398844_n-320x240.jpg,Karnıyarık,Karnıyarık
/home/yapbenzet/Desktop/Jean/cnn_food_classification/data/val/Karnıyarık/nyt_up_571884_recipe-2015-06-17-14-16-12-320x569.jpg,Karnıyarık,Karnıyarık
/home/yapbenzet/Desktop/Jean/cnn_food_classification/data/val/Karnıyarık/nyt_up_571884_recipe-2016-05-07-18-30-18-320x180.jpg,Karnıyarık,İskender
/home/yapbenzet/Desktop/Jean/cnn_food_classification/data/val/Karnıyarık/nyt_up_571884_recipe-2016-10-22-12-08-15-320x276.jpg,Karnıyarık,Karnıyarık
/home/yapbenzet/Desktop/Jean/cnn_food_classification/data/val/Karnıyarık/nyt_up_84486_20151201_120616-1-320x439.jpg,Karnıyarık,Karnıyarık
/home/yapbenzet/Desktop/Jean/cnn_food_classification/data/val/Karnıyarık/nyt_up_84486_attachment-1-e1527434795497-320x240.jpg,Karnıyarık,Karnıyarık
/home/yapbenzet/Desktop/Jean/cnn_food_classification/data/val/Karnıyarık/nyt_up_84486_attachment-2-320x569.jpg,Karnıyarık,Karnıyarık
/home/yapbenzet/Desktop/Jean/cnn_food_classification/data/val/Karnıyarık/nyt_up_84486_attachment-320x224.jpg,Karnıyarık,Karnıyarık
/home/yapbenzet/Desktop/Jean/cnn_food_classification/data/val/Karnıyarık/nyt_up_84486_attachment-320x240_13.jpg,Karnıyarık,Karnıyarık
/home/yapbenzet/Desktop/Jean/cnn_food_classification/data/val/Karnıyarık/nyt_up_84486_attachment-320x320.jpg,Karnıyarık,Karnıyarık
/home/yapbenzet/Desktop/Jean/cnn_food_classification/data/val/Karnıyarık/nyt_up_84486_attachment-320x320_1.jpg,Karnıyarık,Karnıyarık
/home/yapbenzet/Desktop/Jean/cnn_food_classification/data/val/Karnıyarık/nyt_up_84486_attachment-320x399.jpg,Karnıyarık,Karnıyarık
/home/yapbenzet/Desktop/Jean/cnn_food_classification/data/val/Karnıyarık/nyt_up_84486_attachment-320x427.jpg,Karnıyarık,Karnıyarık
/home/yapbenzet/Desktop/Jean/cnn_food_classification/data/val/Karnıyarık/nyt_up_84486_attachment-320x427_12.jpg,Karnıyarık,Karnıyarık
/home/yapbenzet/Desktop/Jean/cnn_food_classification/data/val/Karnıyarık/nyt_up_84486_attachment-320x427_18.jpg,Karnıyarık,Karnıyarık
/home/yapbenzet/Desktop/Jean/cnn_food_classification/data/val/Karnıyarık/nyt_up_84486_attachment-320x427_27.jpg,Karnıyarık,Karnıyarık
/home/yapbenzet/Desktop/Jean/cnn_food_classification/data/val/Karnıyarık/nyt_up_84486_attachment-320x427_3.jpg,Karnıyarık,Karnıyarık
/home/yapbenzet/Desktop/Jean/cnn_food_classification/data/val/Karnıyarık/nyt_up_84486_attachment-320x427_33.jpg,Karnıyarık,Karnıyarık
/home/yapbenzet/Desktop/Jean/cnn_food_classification/data/val/Karnıyarık/nyt_up_84486_attachment-320x427_35.jpg,Karnıyarık,Karnıyarık
/home/yapbenzet/Desktop/Jean/cnn_food_classification/data/val/Karnıyarık/nyt_up_84486_attachment-320x427_38.jpg,Karnıyarık,Karnıyarık
/home/yapbenzet/Desktop/Jean/cnn_food_classification/data/val/Karnıyarık/nyt_up_84486_attachment-320x427_42.jpg,Karnıyarık,Karnıyarık
/home/yapbenzet/Desktop/Jean/cnn_food_classification/data/val/Karnıyarık/nyt_up_84486_attachment-320x427_43.jpg,Karnıyarık,Karnıyarık
/home/yapbenzet/Desktop/Jean/cnn_food_classification/data/val/Karnıyarık/nyt_up_84486_attachment-320x427_46.jpg,Karnıyarık,Karnıyarık
/home/yapbenzet/Desktop/Jean/cnn_food_classification/data/val/Karnıyarık/nyt_up_84486_attachment-320x427_5.jpg,Karnıyarık,Karnıyarık
/home/yapbenzet/Desktop/Jean/cnn_food_classification/data/val/Karnıyarık/nyt_up_84486_attachment-320x427_9.jpg,Karnıyarık,Karnıyarık
/home/yapbenzet/Desktop/Jean/cnn_food_classification/data/val/Karnıyarık/nyt_up_84486_image-320x240.jpeg,Karnıyarık,Karnıyarık
/home/yapbenzet/Desktop/Jean/cnn_food_classification/data/val/Karnıyarık/nyt_up_84486_recipe-2015-06-22-17-04-17-320x533.jpg,Karnıyarık,Karnıyarık
/home/yapbenzet/Desktop/Jean/cnn_food_classification/data/val/Karnıyarık/nyt_up_84486_recipe-2015-07-10-13-22-46-320x569.jpg,Karnıyarık,Karnıyarık
/home/yapbenzet/Desktop/Jean/cnn_food_classification/data/val/Karnıyarık/nyt_up_84486_recipe-2015-12-05-17-12-27-320x240.jpg,Karnıyarık,Karnıyarık
/home/yapbenzet/Desktop/Jean/cnn_food_classification/data/val/Karnıyarık/nyt_up_84486_recipe-2015-12-26-17-00-29-320x181.jpg,Karnıyarık,Karnıyarık
/home/yapbenzet/Desktop/Jean/cnn_food_classification/data/val/Karnıyarık/nyt_up_84486_recipe-2016-02-02-08-13-53-320x568.jpg,Karnıyarık,Karnıyarık
/home/yapbenzet/Desktop/Jean/cnn_food_classification/data/val/Karnıyarık/nyt_up_84486_recipe-2016-06-16-13-31-04-320x180.jpg,Karnıyarık,Karnıyarık
/home/yapbenzet/Desktop/Jean/cnn_food_classification/data/val/Karnıyarık/nyt_up_84486_recipe-2016-06-19-09-40-34-320x180.jpg,Karnıyarık,Karnıyarık
/home/yapbenzet/Desktop/Jean/cnn_food_classification/data/val/Karnıyarık/nyt_up_84486_recipe-2016-08-07-19-52-33-320x180.jpg,Karnıyarık,Karnıyarık
/home/yapbenzet/Desktop/Jean/cnn_food_classification/data/val/Karnıyarık/nyt_up_84486_recipe-2016-11-14-19-41-54-e1479141734774-320x180.jpg,Karnıyarık,Karnıyarık
/home/yapbenzet/Desktop/Jean/cnn_food_classification/data/val/Karnıyarık/nyt_up_84486_recipe-2016-11-29-00-17-02-320x180.jpg,Karnıyarık,Karnıyarık
/home/yapbenzet/Desktop/Jean/cnn_food_classification/data/val/Karnıyarık/nyt_up_84486_recipe-2017-03-20-11-45-09-320x569.jpg,Karnıyarık,Karnıyarık
/home/yapbenzet/Desktop/Jean/cnn_food_classification/data/val/Karnıyarık/nyt_up_84486_recipe-2017-06-24-18-52-23-320x569.jpg,Karnıyarık,Karnıyarık
/home/yapbenzet/Desktop/Jean/cnn_food_classification/data/val/Karnıyarık/nyt_up_84486_recipe-2017-08-29-16-44-32-320x569.jpg,Karnıyarık,Karnıyarık
/home/yapbenzet/Desktop/Jean/cnn_food_classification/data/val/Karnıyarık/nyt_up_84486_recipe-2017-09-21-19-46-22-320x260.jpg,Karnıyarık,Karnıyarık
/home/yapbenzet/Desktop/Jean/cnn_food_classification/data/val/Karnıyarık/nyt_up_84486_recipe-2017-10-03-19-19-19-320x423.jpg,Karnıyarık,Karnıyarık
/home/yapbenzet/Desktop/Jean/cnn_food_classification/data/val/Karnıyarık/nyt_up_84486_recipe-2017-11-01-18-20-35-320x568.jpg,Karnıyarık,Börek
/home/yapbenzet/Desktop/Jean/cnn_food_classification/data/val/Karnıyarık/nyt_up_84486_recipe-2018-02-18-01-02-40-320x240.jpg,Karnıyarık,Karnıyarık
/home/yapbenzet/Desktop/Jean/cnn_food_classification/data/val/Karnıyarık/nyt_up_84486_recipe-2018-04-18-18-51-14-320x427.jpg,Karnıyarık,Karnıyarık
/home/yapbenzet/Desktop/Jean/cnn_food_classification/data/val/Karnıyarık/nyt_up_84486_recipe-2018-05-24-11-37-07-320x533.jpg,Karnıyarık,Karnıyarık
/home/yapbenzet/Desktop/Jean/cnn_food_classification/data/val/Karnıyarık/nyt_up_84486_recipe-2018-06-03-18-09-31-320x427.jpg,Karnıyarık,Karnıyarık
/home/yapbenzet/Desktop/Jean/cnn_food_classification/data/val/Karnıyarık/nyt_up_84486_recipe-2018-06-29-14-51-57-320x180.jpg,Karnıyarık,Karnıyarık
/home/yapbenzet/Desktop/Jean/cnn_food_classification/data/val/Karnıyarık/nyt_up_84486_recipe-2018-07-13-00-37-32-320x240.jpg,Karnıyarık,Karnıyarık
/home/yapbenzet/Desktop/Jean/cnn_food_classification/data/val/Karnıyarık/nyt_up_84486_recipe-2018-07-13-20-36-24-320x569.jpg,Karnıyarık,Karnıyarık
/home/yapbenzet/Desktop/Jean/cnn_food_classification/data/val/Karnıyarık/nyt_up_84486_recipe-2018-09-10-22-23-25-320x240.jpg,Karnıyarık,Karnıyarık
/home/yapbenzet/Desktop/Jean/cnn_food_classification/data/val/Karnıyarık/nyt_up_84486_recipe-2018-09-16-16-26-24-320x240.jpg,Karnıyarık,Karnıyarık
/home/yapbenzet/Desktop/Jean/cnn_food_classification/data/val/Karnıyarık/nyt_up_84486_recipe-2018-11-28-17-03-40-320x427.jpg,Karnıyarık,Karnıyarık
/home/yapbenzet/Desktop/Jean/cnn_food_classification/data/val/Kumpir/000013.jpg,Kumpir,Tavuk Döner
/home/yapbenzet/Desktop/Jean/cnn_food_classification/data/val/Kumpir/000041.jpg,Kumpir,Kumpir
/home/yapbenzet/Desktop/Jean/cnn_food_classification/data/val/Kumpir/000058.jpg,Kumpir,Yulaf Ekmeği
/home/yapbenzet/Desktop/Jean/cnn_food_classification/data/val/Kumpir/000068.jpg,Kumpir,İskender
/home/yapbenzet/Desktop/Jean/cnn_food_classification/data/val/Kumpir/nyt-up-2122816_attachment-320x427_2.jpg,Kumpir,Kumpir
/home/yapbenzet/Desktop/Jean/cnn_food_classification/data/val/Kumpir/nyt-up-2122816_attachment-320x427_6.jpg,Kumpir,Kumpir
/home/yapbenzet/Desktop/Jean/cnn_food_classification/data/val/Kumpir/nyt-up-2122816_recipe-2019-12-13-20-23-37-311x640.jpg,Kumpir,Kumpir
/home/yapbenzet/Desktop/Jean/cnn_food_classification/data/val/Kumpir/nyt-up-2122816_recipe-2020-06-09-18-28-45-320x568.jpg,Kumpir,Kumpir
/home/yapbenzet/Desktop/Jean/cnn_food_classification/data/val/Kumpir/nyt-up-2122816_recipe-2020-06-09-19-13-04-320x568.jpg,Kumpir,Kumpir
/home/yapbenzet/Desktop/Jean/cnn_food_classification/data/val/Kumpir/nyt-up-31108_recipe-2021-01-17-19-26-20-320x427.jpg,Kumpir,Kumpir
/home/yapbenzet/Desktop/Jean/cnn_food_classification/data/val/Kumpir/nyt-up-31108_recipe-2022-03-07-18-38-35-320x240.jpg,Kumpir,Kumpir
/home/yapbenzet/Desktop/Jean/cnn_food_classification/data/val/Kumpir/nyt-up-31108_recipe-2022-06-24-16-26-09-288x640.jpg,Kumpir,Kumpir
/home/yapbenzet/Desktop/Jean/cnn_food_classification/data/val/Kumpir/nyt-up-423571_recipe-2020-04-14-20-05-56-320x427.jpg,Kumpir,Kumpir
/home/yapbenzet/Desktop/Jean/cnn_food_classification/data/val/Kumpir/nyt-up-425901_attachment-320x234.jpg,Kumpir,Kumpir
/home/yapbenzet/Desktop/Jean/cnn_food_classification/data/val/Kumpir/nyt-up-425901_recipe-2020-05-29-16-02-29-320x427.jpg,Kumpir,Kumpir
/home/yapbenzet/Desktop/Jean/cnn_food_classification/data/val/Kumpir/nyt-up-425901_recipe-2020-12-14-00-31-26-320x427.jpg,Kumpir,Kumpir
/home/yapbenzet/Desktop/Jean/cnn_food_classification/data/val/Kumpir/nyt-up-5342556_attachment-320x180.jpg,Kumpir,Kumpir
/home/yapbenzet/Desktop/Jean/cnn_food_classification/data/val/Kumpir/nyt-up-5342556_attachment-320x427_1.jpg,Kumpir,Kumpir
/home/yapbenzet/Desktop/Jean/cnn_food_classification/data/val/Kumpir/nyt-up-5342556_recipe-2020-03-31-15-53-09-320x569.jpg,Kumpir,Kumpir
/home/yapbenzet/Desktop/Jean/cnn_food_classification/data/val/Kumpir/nyt-up-5342556_recipe-2020-04-06-02-01-20-320x611.jpg,Kumpir,Kumpir
/home/yapbenzet/Desktop/Jean/cnn_food_classification/data/val/Kumpir/nyt-up-5342556_recipe-2020-05-18-20-58-09-320x432.jpg,Kumpir,Kumpir
/home/yapbenzet/Desktop/Jean/cnn_food_classification/data/val/Kumpir/nyt-up-5342556_recipe-2020-05-26-20-35-00-320x568.jpg,Kumpir,Kumpir
/home/yapbenzet/Desktop/Jean/cnn_food_classification/data/val/Kumpir/nyt-up-5342556_recipe-2020-07-06-21-48-56-320x240.jpg,Kumpir,Kumpir
/home/yapbenzet/Desktop/Jean/cnn_food_classification/data/val/Kumpir/nyt-up-5342556_recipe-2021-01-02-20-57-18-311x640.jpg,Kumpir,Kumpir
/home/yapbenzet/Desktop/Jean/cnn_food_classification/data/val/Kumpir/nyt-up-8319813_161634c2dee8902c440611869-320x427.jpg,Kumpir,Kumpir
/home/yapbenzet/Desktop/Jean/cnn_food_classification/data/val/Kumpir/nyt-up-8319813_54163d7fdaa88ba5370499255-320x427.jpg,Kumpir,Kumpir
/home/yapbenzet/Desktop/Jean/cnn_food_classification/data/val/Kumpir/nyt-up-8319813_971659ab5a062f90453499698-320x338.jpeg,Kumpir,Kumpir
/home/yapbenzet/Desktop/Jean/cnn_food_classification/data/val/Kumpir/nyt-up-8319813_attachment-320x427_2.jpg,Kumpir,Kumpir
/home/yapbenzet/Desktop/Jean/cnn_food_classification/data/val/Kumpir/nyt-up-8319813_recipe-2023-01-19-22-36-48-320x426.jpg,Kumpir,Kumpir
/home/yapbenzet/Desktop/Jean/cnn_food_classification/data/val/Kumpir/nyt-up-8319813_recipe-2023-12-11-17-41-17-320x427.jpg,Kumpir,Kumpir
/home/yapbenzet/Desktop/Jean/cnn_food_classification/data/val/Kumpir/nyt_up_158245_recipe-2015-08-18-13-09-36-320x427.jpg,Kumpir,Kumpir
/home/yapbenzet/Desktop/Jean/cnn_food_classification/data/val/Kumpir/nyt_up_2122816_1476807355521-189276016-320x180.jpg,Kumpir,Kumpir
/home/yapbenzet/Desktop/Jean/cnn_food_classification/data/val/Kumpir/nyt_up_2122816_attachment-320x320.jpg,Kumpir,Kumpir
/home/yapbenzet/Desktop/Jean/cnn_food_classification/data/val/Kumpir/nyt_up_2122816_attachment-320x427_1.jpg,Kumpir,Kumpir
/home/yapbenzet/Desktop/Jean/cnn_food_classification/data/val/Kumpir/nyt_up_2122816_attachment-320x566.jpg,Kumpir,Sütlaç
/home/yapbenzet/Desktop/Jean/cnn_food_classification/data/val/Kumpir/nyt_up_2122816_recipe-2016-06-21-22-19-18-320x569.jpg,Kumpir,Aşure
/home/yapbenzet/Desktop/Jean/cnn_food_classification/data/val/Kumpir/nyt_up_2122816_recipe-2016-06-23-03-08-55-320x427.jpg,Kumpir,Kumpir
/home/yapbenzet/Desktop/Jean/cnn_food_classification/data/val/Kumpir/nyt_up_2122816_recipe-2017-01-04-18-27-15-320x180.jpg,Kumpir,Kumpir
/home/yapbenzet/Desktop/Jean/cnn_food_classification/data/val/Kumpir/nyt_up_2122816_recipe-2017-06-10-19-53-11-320x180.jpg,Kumpir,Bulgur Pilavı
/home/yapbenzet/Desktop/Jean/cnn_food_classification/data/val/Kumpir/nyt_up_2122816_recipe-2018-09-04-14-09-41-320x569.jpg,Kumpir,Kumpir
/home/yapbenzet/Desktop/Jean/cnn_food_classification/data/val/Kumpir/nyt_up_218093_recipe-2017-04-15-17-10-40-320x180.jpg,Kumpir,Kumpir
/home/yapbenzet/Desktop/Jean/cnn_food_classification/data/val/Kumpir/nyt_up_245367_recipe-2015-03-23-11-50-34-320x320.jpg,Kumpir,Kumpir
/home/yapbenzet/Desktop/Jean/cnn_food_classification/data/val/Kumpir/nyt_up_245367_recipe-2016-01-02-21-33-56-320x180.jpg,Kumpir,Kumpir
/home/yapbenzet/Desktop/Jean/cnn_food_classification/data/val/Kumpir/nyt_up_245367_recipe-2017-01-31-19-58-22-320x569.jpg,Kumpir,Kumpir
/home/yapbenzet/Desktop/Jean/cnn_food_classification/data/val/Kumpir/nyt_up_305820_20150822_135736-320x180.jpg,Kumpir,Kumpir
/home/yapbenzet/Desktop/Jean/cnn_food_classification/data/val/Kumpir/nyt_up_31108_attachment-320x240.jpg,Kumpir,Kumpir
/home/yapbenzet/Desktop/Jean/cnn_food_classification/data/val/Kumpir/nyt_up_31108_attachment-320x427_1.jpg,Kumpir,Tavuk Döner
/home/yapbenzet/Desktop/Jean/cnn_food_classification/data/val/Kumpir/nyt_up_31108_ev-kumpiri-320x240.jpg,Kumpir,Kumpir
/home/yapbenzet/Desktop/Jean/cnn_food_classification/data/val/Kumpir/nyt_up_31108_recipe-2015-06-23-23-29-17-320x427.jpg,Kumpir,Kumpir
/home/yapbenzet/Desktop/Jean/cnn_food_classification/data/val/Kumpir/nyt_up_31108_recipe-2017-06-10-21-39-38-320x569.jpg,Kumpir,Kumpir
/home/yapbenzet/Desktop/Jean/cnn_food_classification/data/val/Kumpir/nyt_up_423571_attachment-320x428.jpg,Kumpir,Kumpir
/home/yapbenzet/Desktop/Jean/cnn_food_classification/data/val/Kumpir/nyt_up_423571_recipe-2016-06-02-09-31-09-320x180.jpg,Kumpir,Kumpir
/home/yapbenzet/Desktop/Jean/cnn_food_classification/data/val/Kumpir/nyt_up_423571_recipe-2017-11-26-20-07-52-320x180.jpg,Kumpir,Kumpir
/home/yapbenzet/Desktop/Jean/cnn_food_classification/data/val/Kumpir/nyt_up_425901_attachment-240x320.jpg,Kumpir,Kumpir
/home/yapbenzet/Desktop/Jean/cnn_food_classification/data/val/Kumpir/nyt_up_425901_attachment-320x427_5.jpg,Kumpir,Mantı
/home/yapbenzet/Desktop/Jean/cnn_food_classification/data/val/Kumpir/nyt_up_425901_attachment-320x568.jpg,Kumpir,Kumpir
/home/yapbenzet/Desktop/Jean/cnn_food_classification/data/val/Kumpir/nyt_up_425901_recipe-2015-02-15-23-00-33-320x180.jpg,Kumpir,Kumpir
/home/yapbenzet/Desktop/Jean/cnn_food_classification/data/val/Kumpir/nyt_up_425901_recipe-2015-07-22-09-34-50-320x240.jpg,Kumpir,Kumpir
/home/yapbenzet/Desktop/Jean/cnn_food_classification/data/val/Kumpir/nyt_up_425901_recipe-2015-10-24-03-22-00-320x202.jpg,Kumpir,Kumpir
/home/yapbenzet/Desktop/Jean/cnn_food_classification/data/val/Kumpir/nyt_up_425901_recipe-2016-01-07-00-48-16-320x180.jpg,Kumpir,Kumpir
/home/yapbenzet/Desktop/Jean/cnn_food_classification/data/val/Kumpir/nyt_up_425901_recipe-2016-01-15-00-32-58-320x240.jpg,Kumpir,Kumpir
/home/yapbenzet/Desktop/Jean/cnn_food_classification/data/val/Kumpir/nyt_up_425901_recipe-2017-02-02-20-28-48-320x427.jpg,Kumpir,Kumpir
/home/yapbenzet/Desktop/Jean/cnn_food_classification/data/val/Kumpir/nyt_up_425901_recipe-2017-07-13-13-53-04-320x180.jpg,Kumpir,Haşlanmış Yumurta
/home/yapbenzet/Desktop/Jean/cnn_food_classification/data/val/Kumpir/nyt_up_4315665_recipe-2018-10-20-17-17-19-320x374.jpg,Kumpir,Kumpir
/home/yapbenzet/Desktop/Jean/cnn_food_classification/data/val/Kumpir/tart-kalibinda-kumpir-320x213.jpeg,Kumpir,Kumpir
/home/yapbenzet/Desktop/Jean/cnn_food_classification/data/val/Kuru Fasulye/000004 (2).jpg,Kuru Fasulye,Kuru Fasulye
/home/yapbenzet/Desktop/Jean/cnn_food_classification/data/val/Kuru Fasulye/000013.jpg,Kuru Fasulye,Kuru Fasulye
/home/yapbenzet/Desktop/Jean/cnn_food_classification/data/val/Kuru Fasulye/000018 (2).jpg,Kuru Fasulye,Nohut
/home/yapbenzet/Desktop/Jean/cnn_food_classification/data/val/Kuru Fasulye/000026.jpg,Kuru Fasulye,Kuru Fasulye
/home/yapbenzet/Desktop/Jean/cnn_food_classification/data/val/Kuru Fasulye/000027.jpg,Kuru Fasulye,Kuru Fasulye
/home/yapbenzet/Desktop/Jean/cnn_food_classification/data/val/Kuru Fasulye/000032 (2).jpg,Kuru Fasulye,Kuru Fasulye
/home/yapbenzet/Desktop/Jean/cnn_food_classification/data/val/Kuru Fasulye/000032_aug_87.jpg,Kuru Fasulye,Kuru Fasulye
/home/yapbenzet/Desktop/Jean/cnn_food_classification/data/val/Kuru Fasulye/000034_aug_67.jpg,Kuru Fasulye,Kuru Fasulye
/home/yapbenzet/Desktop/Jean/cnn_food_classification/data/val/Kuru Fasulye/000041 (1).jpg,Kuru Fasulye,Kuru Fasulye
/home/yapbenzet/Desktop/Jean/cnn_food_classification/data/val/Kuru Fasulye/000041.jpg,Kuru Fasulye,Kuru Fasulye
/home/yapbenzet/Desktop/Jean/cnn_food_classification/data/val/Kuru Fasulye/000045 (1).jpg,Kuru Fasulye,Kuru Fasulye
/home/yapbenzet/Desktop/Jean/cnn_food_classification/data/val/Kuru Fasulye/000046.jpg,Kuru Fasulye,Nohut
/home/yapbenzet/Desktop/Jean/cnn_food_classification/data/val/Kuru Fasulye/000048.jpg,Kuru Fasulye,Kuru Fasulye
/home/yapbenzet/Desktop/Jean/cnn_food_classification/data/val/Kuru Fasulye/000063.jpg,Kuru Fasulye,Kuru Fasulye
/home/yapbenzet/Desktop/Jean/cnn_food_classification/data/val/Kuru Fasulye/000065.jpg,Kuru Fasulye,Kuru Fasulye
/home/yapbenzet/Desktop/Jean/cnn_food_classification/data/val/Kuru Fasulye/000067.jpg,Kuru Fasulye,Kuru Fasulye
/home/yapbenzet/Desktop/Jean/cnn_food_classification/data/val/Kuru Fasulye/000084.jpg,Kuru Fasulye,Kuru Fasulye
/home/yapbenzet/Desktop/Jean/cnn_food_classification/data/val/Kuru Fasulye/etli-kuru-fasulye-320x212.jpg,Kuru Fasulye,Kuru Fasulye
/home/yapbenzet/Desktop/Jean/cnn_food_classification/data/val/Kuru Fasulye/etsiz-kuru-fasulye-tarifi-fotografi-320x213.jpg,Kuru Fasulye,Kuru Fasulye
/home/yapbenzet/Desktop/Jean/cnn_food_classification/data/val/Kuru Fasulye/guvecte-etli-kuru-fasulye-yapilisi-foto-320x213.jpg,Kuru Fasulye,Kuru Fasulye
/home/yapbenzet/Desktop/Jean/cnn_food_classification/data/val/Kuru Fasulye/istockphoto-1222166985-1024x1024.jpg,Kuru Fasulye,Nohut
/home/yapbenzet/Desktop/Jean/cnn_food_classification/data/val/Kuru Fasulye/istockphoto-1465235988-1024x1024.jpg,Kuru Fasulye,Kuru Fasulye
/home/yapbenzet/Desktop/Jean/cnn_food_classification/data/val/Kuru Fasulye/istockphoto-1465235990-1024x1024.jpg,Kuru Fasulye,Kuru Fasulye
/home/yapbenzet/Desktop/Jean/cnn_food_classification/data/val/Kuru Fasulye/nyt-up-159518_attachment-320x427_2.jpg,Kuru Fasulye,Nohut
/home/yapbenzet/Desktop/Jean/cnn_food_classification/data/val/Kuru Fasulye/nyt-up-208687_recipe-2021-05-22-18-56-35-e1622457567156-320x569.jpg,Kuru Fasulye,Kuru Fasulye
/home/yapbenzet/Desktop/Jean/cnn_food_classification/data/val/Kuru Fasulye/nyt-up-35576_attachment-320x427.jpg,Kuru Fasulye,Kuru Fasulye
/home/yapbenzet/Desktop/Jean/cnn_food_classification/data/val/Kuru Fasulye/nyt-up-35576_recipe-2020-08-20-20-28-42-320x427.jpg,Kuru Fasulye,Kuru Fasulye
/home/yapbenzet/Desktop/Jean/cnn_food_classification/data/val/Kuru Fasulye/nyt-up-35576_recipe-2021-05-07-21-06-13-320x427.jpg,Kuru Fasulye,Kuru Fasulye
/home/yapbenzet/Desktop/Jean/cnn_food_classification/data/val/Kuru Fasulye/nyt-up-3795692_recipe-2020-06-20-23-17-33-320x569.jpg,Kuru Fasulye,Kuru Fasulye
/home/yapbenzet/Desktop/Jean/cnn_food_classification/data/val/Kuru Fasulye/nyt-up-3795692_recipe-2020-11-23-17-56-15-320x427.jpg,Kuru Fasulye,Kuru Fasulye
/home/yapbenzet/Desktop/Jean/cnn_food_classification/data/val/Kuru Fasulye/nyt-up-71743_607601e7cf48e669499350240-320x427.jpeg,Kuru Fasulye,Kuru Fasulye
/home/yapbenzet/Desktop/Jean/cnn_food_classification/data/val/Kuru Fasulye/nyt-up-71743_recipe-2023-07-26-22-19-53-320x427.jpg,Kuru Fasulye,Kuru Fasulye
/home/yapbenzet/Desktop/Jean/cnn_food_classification/data/val/Kuru Fasulye/nyt-up-77079_365ea6df89ba92b540961270-320x240.jpg,Kuru Fasulye,Kuru Fasulye
/home/yapbenzet/Desktop/Jean/cnn_food_classification/data/val/Kuru Fasulye/nyt-up-77079_attachment-320x427_2.jpg,Kuru Fasulye,Kuru Fasulye
/home/yapbenzet/Desktop/Jean/cnn_food_classification/data/val/Kuru Fasulye/nyt-up-77079_attachment-320x427_5.jpg,Kuru Fasulye,Nohut
/home/yapbenzet/Desktop/Jean/cnn_food_classification/data/val/Kuru Fasulye/nyt-up-77079_attachment-320x427_6.jpg,Kuru Fasulye,Nohut
/home/yapbenzet/Desktop/Jean/cnn_food_classification/data/val/Kuru Fasulye/nyt-up-77079_recipe-2022-04-05-12-39-37-320x427.jpg,Kuru Fasulye,Kuru Fasulye
/home/yapbenzet/Desktop/Jean/cnn_food_classification/data/val/Kuru Fasulye/nyt_up_159518_recipe-2016-01-09-20-07-29-320x320.jpg,Kuru Fasulye,Nohut
/home/yapbenzet/Desktop/Jean/cnn_food_classification/data/val/Kuru Fasulye/nyt_up_159518_recipe-2018-12-27-17-34-04-320x427.jpg,Kuru Fasulye,Kuru Fasulye
/home/yapbenzet/Desktop/Jean/cnn_food_classification/data/val/Kuru Fasulye/nyt_up_208687_recipe-2017-11-12-17-03-18-320x569.jpg,Kuru Fasulye,Kuru Fasulye
/home/yapbenzet/Desktop/Jean/cnn_food_classification/data/val/Kuru Fasulye/nyt_up_35576_attachment-320x427_10.jpg,Kuru Fasulye,Nohut
/home/yapbenzet/Desktop/Jean/cnn_food_classification/data/val/Kuru Fasulye/nyt_up_35576_recipe-2015-01-30-17-21-02-320x313.jpg,Kuru Fasulye,Nohut
/home/yapbenzet/Desktop/Jean/cnn_food_classification/data/val/Kuru Fasulye/nyt_up_35576_recipe-2015-06-26-14-56-09-320x569.jpg,Kuru Fasulye,Kuru Fasulye
/home/yapbenzet/Desktop/Jean/cnn_food_classification/data/val/Kuru Fasulye/nyt_up_35576_recipe-2015-10-22-17-36-00-320x569.jpg,Kuru Fasulye,Kuru Fasulye
/home/yapbenzet/Desktop/Jean/cnn_food_classification/data/val/Kuru Fasulye/nyt_up_35576_recipe-2016-10-07-12-57-41-320x569.jpg,Kuru Fasulye,Kuru Fasulye
/home/yapbenzet/Desktop/Jean/cnn_food_classification/data/val/Kuru Fasulye/nyt_up_35576_recipe-2016-12-23-13-40-20-320x427.jpg,Kuru Fasulye,Kuru Fasulye
/home/yapbenzet/Desktop/Jean/cnn_food_classification/data/val/Kuru Fasulye/nyt_up_3795692_attachment-320x427.jpg,Kuru Fasulye,Kuru Fasulye
/home/yapbenzet/Desktop/Jean/cnn_food_classification/data/val/Kuru Fasulye/nyt_up_3795692_recipe-2018-02-23-23-05-54-320x569.jpg,Kuru Fasulye,İskender
/home/yapbenzet/Desktop/Jean/cnn_food_classification/data/val/Kuru Fasulye/nyt_up_3795692_recipe-2018-10-17-18-14-23-320x569.jpg,Kuru Fasulye,Kuru Fasulye
/home/yapbenzet/Desktop/Jean/cnn_food_classification/data/val/Kuru Fasulye/nyt_up_71743_recipe-2015-07-08-21-44-52-320x533.jpg,Kuru Fasulye,Kuru Fasulye
/home/yapbenzet/Desktop/Jean/cnn_food_classification/data/val/Kuru Fasulye/nyt_up_71743_recipe-2019-01-14-16-16-29-320x427.jpg,Kuru Fasulye,Kuru Fasulye
/home/yapbenzet/Desktop/Jean/cnn_food_classification/data/val/Kuru Fasulye/nyt_up_77079_20160608_202006-320x180.jpg,Kuru Fasulye,Kuru Fasulye
/home/yapbenzet/Desktop/Jean/cnn_food_classification/data/val/Kuru Fasulye/nyt_up_77079_attachment-320x387.jpg,Kuru Fasulye,Kuru Fasulye
/home/yapbenzet/Desktop/Jean/cnn_food_classification/data/val/Kuru Fasulye/nyt_up_77079_recipe-2015-10-22-19-41-46-320x427.jpg,Kuru Fasulye,Kuru Fasulye
/home/yapbenzet/Desktop/Jean/cnn_food_classification/data/val/Kuru Fasulye/nyt_up_77079_recipe-2016-02-14-00-15-26-320x569.jpg,Kuru Fasulye,Kuru Fasulye
/home/yapbenzet/Desktop/Jean/cnn_food_classification/data/val/Kuru Fasulye/nyt_up_77079_recipe-2016-08-07-13-20-44-320x569.jpg,Kuru Fasulye,Kuru Fasulye
/home/yapbenzet/Desktop/Jean/cnn_food_classification/data/val/Kuru Fasulye/nyt_up_77079_recipe-2018-02-09-21-37-17.jpg,Kuru Fasulye,Kuru Fasulye
/home/yapbenzet/Desktop/Jean/cnn_food_classification/data/val/Kuru Fasulye/nyt_up_77079_recipe-2019-01-16-16-39-45-320x180.jpg,Kuru Fasulye,Kuru Fasulye
/home/yapbenzet/Desktop/Jean/cnn_food_classification/data/val/Köfte/000010.jpg,Köfte,Çiğ Köfte
/home/yapbenzet/Desktop/Jean/cnn_food_classification/data/val/Köfte/000024_aug_88.jpg,Köfte,Adana Kebap
/home/yapbenzet/Desktop/Jean/cnn_food_classification/data/val/Köfte/000031.jpg,Köfte,Köfte
/home/yapbenzet/Desktop/Jean/cnn_food_classification/data/val/Köfte/000045.png,Köfte,Köfte
/home/yapbenzet/Desktop/Jean/cnn_food_classification/data/val/Köfte/000046.jpg,Köfte,Köfte
/home/yapbenzet/Desktop/Jean/cnn_food_classification/data/val/Köfte/000057.jpg,Köfte,Köfte
/home/yapbenzet/Desktop/Jean/cnn_food_classification/data/val/Köfte/000069.jpg,Köfte,Köfte
/home/yapbenzet/Desktop/Jean/cnn_food_classification/data/val/Köfte/kibris-koftesi-320x212.jpg,Köfte,Köfte
/home/yapbenzet/Desktop/Jean/cnn_food_classification/data/val/Köfte/nyt-up-10321939_recipe-2022-04-23-22-20-17-320x568.jpg,Köfte,Köfte
/home/yapbenzet/Desktop/Jean/cnn_food_classification/data/val/Köfte/nyt-up-10321939_recipe-2022-12-16-19-07-44-320x320.jpg,Köfte,Köfte
/home/yapbenzet/Desktop/Jean/cnn_food_classification/data/val/Köfte/nyt-up-10321939_recipe-2024-01-17-16-57-03-303x640.jpg,Köfte,Köfte
/home/yapbenzet/Desktop/Jean/cnn_food_classification/data/val/Köfte/nyt-up-11075727_attachment-320x427_1.jpg,Köfte,Köfte
/home/yapbenzet/Desktop/Jean/cnn_food_classification/data/val/Köfte/nyt-up-11075727_recipe-2023-05-10-17-47-31-320x427.jpg,Köfte,Köfte
/home/yapbenzet/Desktop/Jean/cnn_food_classification/data/val/Köfte/nyt-up-21468_recipe-2019-05-26-19-40-24-320x569.jpg,Köfte,Köfte
/home/yapbenzet/Desktop/Jean/cnn_food_classification/data/val/Köfte/nyt-up-2337359_recipe-2021-02-28-18-36-56-320x389.jpg,Köfte,Köfte
/home/yapbenzet/Desktop/Jean/cnn_food_classification/data/val/Köfte/nyt-up-2583313_recipe-2024-06-30-19-12-59-320x427.jpg,Köfte,Köfte
/home/yapbenzet/Desktop/Jean/cnn_food_classification/data/val/Köfte/nyt-up-3022385_attachment-1-320x427.jpg,Köfte,Esmer Ekmek
/home/yapbenzet/Desktop/Jean/cnn_food_classification/data/val/Köfte/nyt-up-3022385_attachment-320x240.jpg,Köfte,Köfte
/home/yapbenzet/Desktop/Jean/cnn_food_classification/data/val/Köfte/nyt-up-3022385_recipe-2020-08-29-21-08-14-320x240.jpg,Köfte,Köfte
/home/yapbenzet/Desktop/Jean/cnn_food_classification/data/val/Köfte/nyt-up-400253_recipe-2020-01-19-18-03-22-320x427.jpg,Köfte,Köfte
/home/yapbenzet/Desktop/Jean/cnn_food_classification/data/val/Köfte/nyt-up-500502_recipe-2023-06-21-13-23-55-320x240.jpg,Köfte,Esmer Ekmek
/home/yapbenzet/Desktop/Jean/cnn_food_classification/data/val/Köfte/nyt-up-5577575_attachment-320x362.jpg,Köfte,Köfte
/home/yapbenzet/Desktop/Jean/cnn_food_classification/data/val/Köfte/nyt-up-5577575_attachment-320x427_1.jpg,Köfte,Köfte
/home/yapbenzet/Desktop/Jean/cnn_food_classification/data/val/Köfte/nyt-up-5577575_recipe-2019-09-08-19-03-06-320x180.jpg,Köfte,Köfte
/home/yapbenzet/Desktop/Jean/cnn_food_classification/data/val/Köfte/nyt-up-5577575_recipe-2022-09-18-18-42-43-288x640.jpg,Köfte,Köfte
/home/yapbenzet/Desktop/Jean/cnn_food_classification/data/val/Köfte/nyt-up-5577575_recipe-2023-01-04-08-15-13-320x144.jpg,Köfte,Pastane Poğaçası
/home/yapbenzet/Desktop/Jean/cnn_food_classification/data/val/Köfte/nyt-up-5747789_1876516f69d29cb1551861583-320x427.jpg,Köfte,Köfte
/home/yapbenzet/Desktop/Jean/cnn_food_classification/data/val/Köfte/nyt-up-5747789_195dd824838de6c843947490-320x180.jpg,Köfte,Adana Kebap
/home/yapbenzet/Desktop/Jean/cnn_food_classification/data/val/Köfte/nyt-up-5747789_842632c3b1aa62bd210812308-320x569.jpeg,Köfte,İskender
/home/yapbenzet/Desktop/Jean/cnn_food_classification/data/val/Köfte/nyt-up-5747789_attachment-1-320x427.jpg,Köfte,İskender
/home/yapbenzet/Desktop/Jean/cnn_food_classification/data/val/Köfte/nyt-up-5747789_attachment-320x427_3.jpg,Köfte,İskender
/home/yapbenzet/Desktop/Jean/cnn_food_classification/data/val/Köfte/nyt-up-5747789_attachment-320x427_4.jpg,Köfte,İskender
/home/yapbenzet/Desktop/Jean/cnn_food_classification/data/val/Köfte/nyt-up-5747789_recipe-2019-05-15-21-22-25-320x568.jpg,Köfte,İskender
/home/yapbenzet/Desktop/Jean/cnn_food_classification/data/val/Köfte/nyt-up-828164_2761659e34b2064444166370-320x426.jpg,Köfte,Köfte
/home/yapbenzet/Desktop/Jean/cnn_food_classification/data/val/Köfte/nyt-up-828164_attachment-1-320x427_1.jpg,Köfte,Köfte
/home/yapbenzet/Desktop/Jean/cnn_food_classification/data/val/Köfte/nyt-up-828164_attachment-320x427_17.jpg,Köfte,Köfte
/home/yapbenzet/Desktop/Jean/cnn_food_classification/data/val/Köfte/nyt-up-828164_attachment-320x427_7.jpg,Köfte,Köfte
/home/yapbenzet/Desktop/Jean/cnn_food_classification/data/val/Köfte/nyt-up-828164_recipe-2020-11-05-13-13-45-320x427.jpg,Köfte,Köfte
/home/yapbenzet/Desktop/Jean/cnn_food_classification/data/val/Köfte/nyt-up-828164_recipe-2020-12-20-21-33-56-320x427.jpg,Köfte,Köfte
/home/yapbenzet/Desktop/Jean/cnn_food_classification/data/val/Köfte/nyt-up-828164_recipe-2021-04-21-19-52-21-320x320.jpg,Köfte,Köfte
/home/yapbenzet/Desktop/Jean/cnn_food_classification/data/val/Köfte/nyt-up-828164_recipe-2021-05-25-20-42-25-320x427.jpg,Köfte,Köfte
/home/yapbenzet/Desktop/Jean/cnn_food_classification/data/val/Köfte/nyt-up-828164_recipe-2022-01-15-19-53-43-320x427.jpg,Köfte,Köfte
/home/yapbenzet/Desktop/Jean/cnn_food_classification/data/val/Köfte/nyt-up-828164_recipe-2022-05-12-18-18-22-320x427.jpg,Köfte,Köfte
/home/yapbenzet/Desktop/Jean/cnn_food_classification/data/val/Köfte/nyt-up-828164_recipe-2022-09-28-19-38-17-320x427.jpg,Köfte,Adana Kebap
/home/yapbenzet/Desktop/Jean/cnn_food_classification/data/val/Köfte/nyt_up_10509_recipe-2015-05-08-18-56-25-320x180.jpg,Köfte,Köfte
/home/yapbenzet/Desktop/Jean/cnn_food_classification/data/val/Köfte/nyt_up_21468_10524292_10152551869024413_633693382_n-240x320.jpg,Köfte,Köfte
/home/yapbenzet/Desktop/Jean/cnn_food_classification/data/val/Köfte/nyt_up_21468_attachment-320x427_4.jpg,Köfte,Köfte
/home/yapbenzet/Desktop/Jean/cnn_food_classification/data/val/Köfte/nyt_up_21468_recipe-2014-12-15-19-20-35-240x320.jpg,Köfte,Köfte
/home/yapbenzet/Desktop/Jean/cnn_food_classification/data/val/Köfte/nyt_up_21468_recipe-2015-06-22-11-00-47-320x568.jpg,Köfte,Köfte
/home/yapbenzet/Desktop/Jean/cnn_food_classification/data/val/Köfte/nyt_up_21468_recipe-2015-07-23-10-49-58-320x240.jpg,Köfte,Köfte
/home/yapbenzet/Desktop/Jean/cnn_food_classification/data/val/Köfte/nyt_up_21468_recipe-2016-02-01-13-23-03-320x427.jpg,Köfte,Köfte
/home/yapbenzet/Desktop/Jean/cnn_food_classification/data/val/Köfte/nyt_up_2337359_attachment-320x427.jpg,Köfte,Köfte
/home/yapbenzet/Desktop/Jean/cnn_food_classification/data/val/Köfte/nyt_up_2583313_recipe-2018-03-01-21-47-12-320x459.jpg,Köfte,Köfte
/home/yapbenzet/Desktop/Jean/cnn_food_classification/data/val/Köfte/nyt_up_3022385_recipe-2018-09-22-18-08-41-320x180.jpg,Köfte,Köfte
/home/yapbenzet/Desktop/Jean/cnn_food_classification/data/val/Köfte/nyt_up_400253_recipe-2016-05-18-23-55-41-320x195.jpg,Köfte,Köfte
/home/yapbenzet/Desktop/Jean/cnn_food_classification/data/val/Köfte/nyt_up_828164_attachment-3-320x187.jpg,Köfte,Köfte
/home/yapbenzet/Desktop/Jean/cnn_food_classification/data/val/Köfte/nyt_up_828164_recipe-2015-07-14-18-28-16-e1436887219429-320x427.jpg,Köfte,Köfte
/home/yapbenzet/Desktop/Jean/cnn_food_classification/data/val/Köfte/nyt_up_828164_recipe-2017-08-29-20-33-53-320x240.jpg,Köfte,Köfte
/home/yapbenzet/Desktop/Jean/cnn_food_classification/data/val/Köfte/nyt_up_881054_recipe-2015-12-09-21-14-09-320x320.jpg,Köfte,Çiğ Köfte
/home/yapbenzet/Desktop/Jean/cnn_food_classification/data/val/Köfte/nyt_up_881054_recipe-2016-03-16-19-00-32-320x180.jpg,Köfte,Patates Kızartması
/home/yapbenzet/Desktop/Jean/cnn_food_classification/data/val/Köfte/nyt_up_881054_recipe-2017-08-22-18-23-47-320x568.jpg,Köfte,Köfte
/home/yapbenzet/Desktop/Jean/cnn_food_classification/data/val/Köfte/nyt_up_881054_recipe-2017-11-30-19-20-44-320x240.jpg,Köfte,Köfte
/home/yapbenzet/Desktop/Jean/cnn_food_classification/data/val/Künefe/000001.jpg,Künefe,Künefe
/home/yapbenzet/Desktop/Jean/cnn_food_classification/data/val/Künefe/000019.jpg,Künefe,Künefe
/home/yapbenzet/Desktop/Jean/cnn_food_classification/data/val/Künefe/000049.jpg,Künefe,Künefe
/home/yapbenzet/Desktop/Jean/cnn_food_classification/data/val/Künefe/000051.jpg,Künefe,Kadayıf
/home/yapbenzet/Desktop/Jean/cnn_food_classification/data/val/Künefe/000052.jpg,Künefe,Revani
/home/yapbenzet/Desktop/Jean/cnn_food_classification/data/val/Künefe/000079.jpg,Künefe,Kadayıf
/home/yapbenzet/Desktop/Jean/cnn_food_classification/data/val/Künefe/kunefe-tarifi-videosu-320x180.jpg,Künefe,Künefe
/home/yapbenzet/Desktop/Jean/cnn_food_classification/data/val/Künefe/nyt-up-1993632_274622a1a6d42e62274087438-320x240.jpg,Künefe,Künefe
/home/yapbenzet/Desktop/Jean/cnn_food_classification/data/val/Künefe/nyt-up-1993632_recipe-2019-05-12-16-45-46-320x427.jpg,Künefe,Künefe
/home/yapbenzet/Desktop/Jean/cnn_food_classification/data/val/Künefe/nyt-up-1993632_recipe-2020-02-06-14-56-28-320x569.jpg,Künefe,Künefe
/home/yapbenzet/Desktop/Jean/cnn_food_classification/data/val/Künefe/nyt-up-1993632_recipe-2023-11-23-18-47-47-320x568.jpg,Künefe,Künefe
/home/yapbenzet/Desktop/Jean/cnn_food_classification/data/val/Künefe/nyt-up-1993632_recipe-2023-11-23-18-49-06-320x568.jpg,Künefe,Kadayıf
/home/yapbenzet/Desktop/Jean/cnn_food_classification/data/val/Künefe/nyt-up-207714_attachment-320x427_1.jpg,Künefe,Künefe
/home/yapbenzet/Desktop/Jean/cnn_food_classification/data/val/Künefe/nyt-up-207714_recipe-2020-10-16-08-35-33-320x395.jpg,Künefe,Künefe
/home/yapbenzet/Desktop/Jean/cnn_food_classification/data/val/Künefe/nyt-up-207714_recipe-2021-08-22-20-53-07-320x427.jpg,Künefe,Künefe
/home/yapbenzet/Desktop/Jean/cnn_food_classification/data/val/Künefe/nyt-up-207714_recipe-2025-01-30-01-07-19-320x568.jpg,Künefe,Künefe
/home/yapbenzet/Desktop/Jean/cnn_food_classification/data/val/Künefe/nyt-up-3402504_attachment-320x569.jpg,Künefe,Esmer Ekmek
/home/yapbenzet/Desktop/Jean/cnn_food_classification/data/val/Künefe/nyt-up-5787603_recipe-2019-05-11-21-15-33-320x240.jpg,Künefe,Kadayıf
/home/yapbenzet/Desktop/Jean/cnn_food_classification/data/val/Künefe/nyt-up-873712_attachment-320x427_3.jpg,Künefe,Künefe
/home/yapbenzet/Desktop/Jean/cnn_food_classification/data/val/Künefe/nyt-up-873712_attachment-320x427_4.jpg,Künefe,Künefe
/home/yapbenzet/Desktop/Jean/cnn_food_classification/data/val/Künefe/nyt-up-873712_attachment-320x569_1.jpg,Künefe,Kadayıf
/home/yapbenzet/Desktop/Jean/cnn_food_classification/data/val/Künefe/nyt-up-873712_attachment-320x635.jpg,Künefe,Revani
/home/yapbenzet/Desktop/Jean/cnn_food_classification/data/val/Künefe/nyt-up-873712_recipe-2020-03-27-22-54-56-320x240.jpg,Künefe,Künefe
/home/yapbenzet/Desktop/Jean/cnn_food_classification/data/val/Künefe/nyt-up-873712_recipe-2020-08-17-15-55-50-295x640.jpg,Künefe,Künefe
/home/yapbenzet/Desktop/Jean/cnn_food_classification/data/val/Künefe/nyt-up-873712_recipe-2020-12-11-19-28-24-320x427.jpg,Künefe,Künefe
/home/yapbenzet/Desktop/Jean/cnn_food_classification/data/val/Künefe/nyt-up-873712_recipe-2021-01-23-21-46-29-320x427.jpg,Künefe,Künefe
/home/yapbenzet/Desktop/Jean/cnn_food_classification/data/val/Künefe/nyt-up-873712_recipe-2021-04-15-02-58-07-320x427.jpg,Künefe,Künefe
/home/yapbenzet/Desktop/Jean/cnn_food_classification/data/val/Künefe/nyt-up-873712_recipe-2021-12-03-22-38-38-320x427.jpg,Künefe,Kadayıf
/home/yapbenzet/Desktop/Jean/cnn_food_classification/data/val/Künefe/nyt-up-873712_recipe-2022-03-05-00-41-29-320x426.jpg,Künefe,Kadayıf
/home/yapbenzet/Desktop/Jean/cnn_food_classification/data/val/Künefe/nyt-up-873712_recipe-2022-04-11-18-57-43-320x569.jpg,Künefe,Künefe
/home/yapbenzet/Desktop/Jean/cnn_food_classification/data/val/Künefe/nyt-up-9872760_recipe-2021-12-30-16-54-30-320x320.jpg,Künefe,Künefe
/home/yapbenzet/Desktop/Jean/cnn_food_classification/data/val/Künefe/nyt_up_1993632_recipe-2019-03-06-14-05-42-320x180.jpg,Künefe,Künefe
/home/yapbenzet/Desktop/Jean/cnn_food_classification/data/val/Künefe/nyt_up_207714_IMG_20151217_163759-320x180.jpg,Künefe,Künefe
/home/yapbenzet/Desktop/Jean/cnn_food_classification/data/val/Künefe/nyt_up_207714_IMG_20151217_164238-320x180.jpg,Künefe,Künefe
/home/yapbenzet/Desktop/Jean/cnn_food_classification/data/val/Künefe/nyt_up_207714_attachment-320x240.jpg,Künefe,Künefe
/home/yapbenzet/Desktop/Jean/cnn_food_classification/data/val/Künefe/nyt_up_207714_attachment-320x341.jpg,Künefe,Künefe
/home/yapbenzet/Desktop/Jean/cnn_food_classification/data/val/Künefe/nyt_up_207714_attachment-320x427_2.jpg,Künefe,Künefe
/home/yapbenzet/Desktop/Jean/cnn_food_classification/data/val/Künefe/nyt_up_207714_recipe-2015-01-24-13-50-42-320x180.jpg,Künefe,Gözleme
/home/yapbenzet/Desktop/Jean/cnn_food_classification/data/val/Künefe/nyt_up_207714_recipe-2016-02-17-21-14-49-320x571.jpg,Künefe,Künefe
/home/yapbenzet/Desktop/Jean/cnn_food_classification/data/val/Künefe/nyt_up_207714_recipe-2016-06-30-16-42-27-320x427.jpg,Künefe,Künefe
/home/yapbenzet/Desktop/Jean/cnn_food_classification/data/val/Künefe/nyt_up_207714_recipe-2016-11-14-13-06-40-320x180.jpg,Künefe,Künefe
/home/yapbenzet/Desktop/Jean/cnn_food_classification/data/val/Künefe/nyt_up_3402504_attachment-320x427.jpg,Künefe,Künefe
/home/yapbenzet/Desktop/Jean/cnn_food_classification/data/val/Künefe/nyt_up_3402504_recipe-2017-11-13-09-31-06-320x179.jpg,Künefe,Sütlaç
/home/yapbenzet/Desktop/Jean/cnn_food_classification/data/val/Künefe/nyt_up_3402504_recipe-2018-12-29-21-39-50-320x240.jpg,Künefe,Künefe
/home/yapbenzet/Desktop/Jean/cnn_food_classification/data/val/Künefe/nyt_up_873712_attachment-320x427_11.jpg,Künefe,Künefe
/home/yapbenzet/Desktop/Jean/cnn_food_classification/data/val/Künefe/nyt_up_873712_attachment-320x427_13.jpg,Künefe,Künefe
/home/yapbenzet/Desktop/Jean/cnn_food_classification/data/val/Künefe/nyt_up_873712_attachment-320x427_8.jpg,Künefe,Künefe
/home/yapbenzet/Desktop/Jean/cnn_food_classification/data/val/Künefe/nyt_up_873712_recipe-2015-08-06-14-42-43-320x240.jpg,Künefe,Künefe
/home/yapbenzet/Desktop/Jean/cnn_food_classification/data/val/Künefe/nyt_up_873712_recipe-2016-03-22-20-36-00-320x569.jpg,Künefe,Künefe
/home/yapbenzet/Desktop/Jean/cnn_food_classification/data/val/Künefe/nyt_up_873712_recipe-2018-05-31-17-12-16-320x569.jpg,Künefe,Künefe
/home/yapbenzet/Desktop/Jean/cnn_food_classification/data/val/Künefe/nyt_up_873712_recipe-2018-06-04-00-36-18-320x420.jpg,Künefe,Künefe
/home/yapbenzet/Desktop/Jean/cnn_food_classification/data/val/Künefe/nyt_up_873712_recipe-2018-11-26-21-23-08-320x568.jpg,Künefe,Esmer Ekmek
/home/yapbenzet/Desktop/Jean/cnn_food_classification/data/val/Künefe/nyt_up_873712_recipe-2018-12-06-17-12-53-320x427.jpg,Künefe,Künefe
/home/yapbenzet/Desktop/Jean/cnn_food_classification/data/val/Künefe/nyt_up_91081_image-320x240.jpg,Künefe,Künefe
/home/yapbenzet/Desktop/Jean/cnn_food_classification/data/val/Kısır/000027.jpg,Kısır,Kısır
/home/yapbenzet/Desktop/Jean/cnn_food_classification/data/val/Kısır/000029.jpg,Kısır,Kısır
/home/yapbenzet/Desktop/Jean/cnn_food_classification/data/val/Kısır/antakya-usulu-kisir-5-cayinin-vazgecilmezi-videolu-320x213.jpg,Kısır,Kısır
/home/yapbenzet/Desktop/Jean/cnn_food_classification/data/val/Kısır/nyt-up-100960_recipe-2023-04-25-14-00-17-303x640.jpg,Kısır,Kısır
/home/yapbenzet/Desktop/Jean/cnn_food_classification/data/val/Kısır/nyt-up-101017_attachment-320x427_24.jpg,Kısır,Kısır
/home/yapbenzet/Desktop/Jean/cnn_food_classification/data/val/Kısır/nyt-up-101017_attachment-320x491.jpg,Kısır,Kısır
/home/yapbenzet/Desktop/Jean/cnn_food_classification/data/val/Kısır/nyt-up-101017_attachment-320x569_1.jpg,Kısır,Kısır
/home/yapbenzet/Desktop/Jean/cnn_food_classification/data/val/Kısır/nyt-up-101017_recipe-2019-04-21-10-49-01-320x427.jpg,Kısır,Kısır
/home/yapbenzet/Desktop/Jean/cnn_food_classification/data/val/Kısır/nyt-up-101017_recipe-2019-11-07-23-32-42-320x240.jpg,Kısır,Kısır
/home/yapbenzet/Desktop/Jean/cnn_food_classification/data/val/Kısır/nyt-up-101017_recipe-2019-11-18-21-52-35-320x213.jpg,Kısır,Kısır
/home/yapbenzet/Desktop/Jean/cnn_food_classification/data/val/Kısır/nyt-up-101017_recipe-2019-12-01-13-29-57-311x640.jpg,Kısır,Bulgur Pilavı
/home/yapbenzet/Desktop/Jean/cnn_food_classification/data/val/Kısır/nyt-up-101017_recipe-2020-02-11-20-20-18-320x427.jpg,Kısır,Kısır
/home/yapbenzet/Desktop/Jean/cnn_food_classification/data/val/Kısır/nyt-up-101017_recipe-2020-03-30-14-14-28-320x427.jpg,Kısır,Kısır
/home/yapbenzet/Desktop/Jean/cnn_food_classification/data/val/Kısır/nyt-up-101017_recipe-2020-04-18-20-10-14-320x427.jpg,Kısır,Kısır
/home/yapbenzet/Desktop/Jean/cnn_food_classification/data/val/Kısır/nyt-up-101017_recipe-2020-04-18-22-56-54-320x427.jpg,Kısır,Kısır
/home/yapbenzet/Desktop/Jean/cnn_food_classification/data/val/Kısır/nyt-up-101017_recipe-2020-11-11-15-36-49-320x564.jpg,Kısır,Kısır
/home/yapbenzet/Desktop/Jean/cnn_food_classification/data/val/Kısır/nyt-up-101017_recipe-2020-11-20-20-00-26-320x427.jpg,Kısır,Kısır
/home/yapbenzet/Desktop/Jean/cnn_food_classification/data/val/Kısır/nyt-up-101017_recipe-2021-02-07-20-13-08-320x240.jpg,Kısır,Kısır
/home/yapbenzet/Desktop/Jean/cnn_food_classification/data/val/Kısır/nyt-up-101017_recipe-2021-03-19-19-01-05-320x427.jpg,Kısır,Kısır
/home/yapbenzet/Desktop/Jean/cnn_food_classification/data/val/Kısır/nyt-up-101017_recipe-2021-05-10-15-32-32-320x427.jpg,Kısır,Kısır
/home/yapbenzet/Desktop/Jean/cnn_food_classification/data/val/Kısır/nyt-up-101017_recipe-2022-06-25-07-02-17-288x640.jpg,Kısır,Kısır
/home/yapbenzet/Desktop/Jean/cnn_food_classification/data/val/Kısır/nyt-up-101017_recipe-2023-10-21-12-44-43-320x427.jpg,Kısır,Kısır
/home/yapbenzet/Desktop/Jean/cnn_food_classification/data/val/Kısır/nyt-up-101017_recipe-2024-12-21-10-42-30-320x425.jpg,Kısır,Kısır
/home/yapbenzet/Desktop/Jean/cnn_food_classification/data/val/Kısır/nyt-up-101017_recipe-2025-02-15-17-28-51-320x427.jpg,Kısır,Kısır
/home/yapbenzet/Desktop/Jean/cnn_food_classification/data/val/Kısır/nyt-up-1092678_8646042e685ce4a2860763577-320x427.jpg,Kısır,Kısır
/home/yapbenzet/Desktop/Jean/cnn_food_classification/data/val/Kısır/nyt-up-1092678_attachment-320x427_3.jpg,Kısır,Kısır
/home/yapbenzet/Desktop/Jean/cnn_food_classification/data/val/Kısır/nyt-up-1157072_287626d66677e863420218101-320x427.jpg,Kısır,Kısır
/home/yapbenzet/Desktop/Jean/cnn_food_classification/data/val/Kısır/nyt-up-1157072_recipe-2021-12-28-18-18-33-320x427.jpg,Kısır,Kısır
/home/yapbenzet/Desktop/Jean/cnn_food_classification/data/val/Kısır/nyt-up-1157072_recipe-2022-03-30-18-29-27-288x640.jpg,Kısır,Kısır
/home/yapbenzet/Desktop/Jean/cnn_food_classification/data/val/Kısır/nyt-up-1157072_recipe-2023-03-27-19-02-34-320x427.jpg,Kısır,Kısır
/home/yapbenzet/Desktop/Jean/cnn_food_classification/data/val/Kısır/nyt-up-121239_attachment-320x427_22.jpg,Kısır,Kısır
/home/yapbenzet/Desktop/Jean/cnn_food_classification/data/val/Kısır/nyt-up-121239_attachment-320x427_26.jpg,Kısır,Şakşuka
/home/yapbenzet/Desktop/Jean/cnn_food_classification/data/val/Kısır/nyt-up-121239_attachment-320x427_27.jpg,Kısır,Kısır
/home/yapbenzet/Desktop/Jean/cnn_food_classification/data/val/Kısır/nyt-up-121239_recipe-2019-07-02-20-20-25-320x240.jpg,Kısır,Kısır
/home/yapbenzet/Desktop/Jean/cnn_food_classification/data/val/Kısır/nyt-up-121239_recipe-2020-03-30-14-02-33-320x427.jpg,Kısır,Kısır
/home/yapbenzet/Desktop/Jean/cnn_food_classification/data/val/Kısır/nyt-up-121239_recipe-2022-01-26-20-18-18-320x427.jpg,Kısır,Kısır
/home/yapbenzet/Desktop/Jean/cnn_food_classification/data/val/Kısır/nyt-up-121239_recipe-2023-01-01-19-29-17-320x223.jpg,Kısır,Kısır
/home/yapbenzet/Desktop/Jean/cnn_food_classification/data/val/Kısır/nyt-up-121239_recipe-2023-01-23-19-41-56-320x427.jpg,Kısır,Kısır
/home/yapbenzet/Desktop/Jean/cnn_food_classification/data/val/Kısır/nyt-up-121239_recipe-2024-02-20-13-13-38-320x427.jpg,Kısır,Menemen
/home/yapbenzet/Desktop/Jean/cnn_food_classification/data/val/Kısır/nyt-up-1218887_attachment-320x240.jpg,Kısır,Kısır
/home/yapbenzet/Desktop/Jean/cnn_food_classification/data/val/Kısır/nyt-up-1218887_recipe-2020-12-13-16-20-24-320x427.jpg,Kısır,Kısır
/home/yapbenzet/Desktop/Jean/cnn_food_classification/data/val/Kısır/nyt-up-30114_recipe-2021-12-23-17-57-23-288x640.jpg,Kısır,Kısır
/home/yapbenzet/Desktop/Jean/cnn_food_classification/data/val/Kısır/nyt-up-30114_recipe-2022-05-15-18-13-43-320x427.jpg,Kısır,Kısır
/home/yapbenzet/Desktop/Jean/cnn_food_classification/data/val/Kısır/nyt-up-30114_recipe-2023-03-19-16-19-23-320x427.jpg,Kısır,Kısır
/home/yapbenzet/Desktop/Jean/cnn_food_classification/data/val/Kısır/nyt-up-3174282_6725ea46c9b09f4a660099038-320x240.jpg,Kısır,Kısır
/home/yapbenzet/Desktop/Jean/cnn_food_classification/data/val/Kısır/nyt-up-3174282_recipe-2023-02-21-23-24-57-320x427.jpg,Kısır,Kısır
/home/yapbenzet/Desktop/Jean/cnn_food_classification/data/val/Kısır/nyt-up-3174282_recipe-2024-12-08-18-23-55-320x320.jpg,Kısır,Kısır
/home/yapbenzet/Desktop/Jean/cnn_food_classification/data/val/Kısır/nyt-up-3724643_recipe-2020-06-16-16-38-40-320x427.jpg,Kısır,Kısır
/home/yapbenzet/Desktop/Jean/cnn_food_classification/data/val/Kısır/nyt-up-4531169_attachment-320x568.jpg,Kısır,Kısır
/home/yapbenzet/Desktop/Jean/cnn_food_classification/data/val/Kısır/nyt-up-4531169_recipe-2022-02-09-18-06-32-288x640.jpg,Kısır,Kısır
/home/yapbenzet/Desktop/Jean/cnn_food_classification/data/val/Kısır/nyt-up-5077991_7235df3f2be7d7ff582621718-320x483.jpg,Kısır,Köfte
/home/yapbenzet/Desktop/Jean/cnn_food_classification/data/val/Kısır/nyt-up-5077991_recipe-2020-11-17-13-04-17-320x427.jpg,Kısır,Kısır
/home/yapbenzet/Desktop/Jean/cnn_food_classification/data/val/Kısır/nyt-up-6926338_recipe-2022-08-07-17-36-10-320x427.jpg,Kısır,Kısır
/home/yapbenzet/Desktop/Jean/cnn_food_classification/data/val/Kısır/nyt-up-6930420_attachment-320x240.jpg,Kısır,Kısır
/home/yapbenzet/Desktop/Jean/cnn_food_classification/data/val/Kısır/nyt-up-6930420_attachment-320x427_2.jpg,Kısır,Kısır
/home/yapbenzet/Desktop/Jean/cnn_food_classification/data/val/Kısır/nyt-up-9700513_recipe-2021-12-23-17-58-48-288x640.jpg,Kısır,Kısır
/home/yapbenzet/Desktop/Jean/cnn_food_classification/data/val/Kısır/nyt-up-9968047_recipe-2022-10-25-15-00-00-320x427.jpg,Kısır,Kısır
/home/yapbenzet/Desktop/Jean/cnn_food_classification/data/val/Kısır/nyt_up_100960_attachment-320x240_1.jpg,Kısır,Kısır
/home/yapbenzet/Desktop/Jean/cnn_food_classification/data/val/Kısır/nyt_up_100960_attachment-320x427.jpg,Kısır,Kısır
/home/yapbenzet/Desktop/Jean/cnn_food_classification/data/val/Kısır/nyt_up_100960_attachment-320x427_4.jpg,Kısır,Kısır
/home/yapbenzet/Desktop/Jean/cnn_food_classification/data/val/Kısır/nyt_up_100960_recipe-2014-11-21-19-42-37-320x240.jpg,Kısır,Kısır
/home/yapbenzet/Desktop/Jean/cnn_food_classification/data/val/Kısır/nyt_up_100960_recipe-2015-01-09-19-26-22-320x320.jpg,Kısır,Kısır
/home/yapbenzet/Desktop/Jean/cnn_food_classification/data/val/Kısır/nyt_up_100960_recipe-2015-11-29-02-13-10-320x569.jpg,Kısır,Kısır
/home/yapbenzet/Desktop/Jean/cnn_food_classification/data/val/Kısır/nyt_up_101017_attachment-320x240_1.jpg,Kısır,Kısır
/home/yapbenzet/Desktop/Jean/cnn_food_classification/data/val/Kısır/nyt_up_101017_attachment-320x240_3.jpg,Kısır,Kısır
/home/yapbenzet/Desktop/Jean/cnn_food_classification/data/val/Kısır/nyt_up_101017_attachment-320x240_5.jpg,Kısır,Kısır
/home/yapbenzet/Desktop/Jean/cnn_food_classification/data/val/Kısır/nyt_up_101017_attachment-320x316.jpg,Kısır,Kısır
/home/yapbenzet/Desktop/Jean/cnn_food_classification/data/val/Kısır/nyt_up_101017_attachment-320x427_16.jpg,Kısır,Kısır
/home/yapbenzet/Desktop/Jean/cnn_food_classification/data/val/Kısır/nyt_up_101017_attachment-320x427_2.jpg,Kısır,Kısır
/home/yapbenzet/Desktop/Jean/cnn_food_classification/data/val/Kısır/nyt_up_101017_attachment-320x428.jpg,Kısır,Kısır
/home/yapbenzet/Desktop/Jean/cnn_food_classification/data/val/Kısır/nyt_up_101017_attachment-320x568.jpg,Kısır,Kısır
/home/yapbenzet/Desktop/Jean/cnn_food_classification/data/val/Kısır/nyt_up_101017_attachment-e1538837181510-320x240.jpg,Kısır,Kısır
/home/yapbenzet/Desktop/Jean/cnn_food_classification/data/val/Kısır/nyt_up_101017_recipe-2015-02-04-20-58-12-320x180.jpg,Kısır,Kısır
/home/yapbenzet/Desktop/Jean/cnn_food_classification/data/val/Kısır/nyt_up_101017_recipe-2016-02-05-17-25-12-320x533.jpg,Kısır,Kısır
/home/yapbenzet/Desktop/Jean/cnn_food_classification/data/val/Kısır/nyt_up_101017_recipe-2016-12-06-13-36-32-320x240.jpg,Kısır,Kısır
/home/yapbenzet/Desktop/Jean/cnn_food_classification/data/val/Kısır/nyt_up_101017_recipe-2018-09-18-20-12-26-320x569.jpg,Kısır,Kısır
/home/yapbenzet/Desktop/Jean/cnn_food_classification/data/val/Kısır/nyt_up_101017_recipe-2018-12-05-08-42-03-320x240.jpg,Kısır,Kısır
/home/yapbenzet/Desktop/Jean/cnn_food_classification/data/val/Kısır/nyt_up_101017_recipe-2019-03-15-16-05-02-320x427.jpg,Kısır,Kısır
/home/yapbenzet/Desktop/Jean/cnn_food_classification/data/val/Kısır/nyt_up_1092678_recipe-2018-11-08-16-59-00-320x568.jpg,Kısır,Kısır
/home/yapbenzet/Desktop/Jean/cnn_food_classification/data/val/Kısır/nyt_up_121239_attachment-320x427_17.jpg,Kısır,Kısır
/home/yapbenzet/Desktop/Jean/cnn_food_classification/data/val/Kısır/nyt_up_121239_attachment-320x427_21.jpg,Kısır,Kısır
/home/yapbenzet/Desktop/Jean/cnn_food_classification/data/val/Kısır/nyt_up_121239_attachment-320x427_6.jpg,Kısır,Kısır
/home/yapbenzet/Desktop/Jean/cnn_food_classification/data/val/Kısır/nyt_up_121239_recipe-2015-02-06-17-24-32-320x180.jpg,Kısır,Kısır
/home/yapbenzet/Desktop/Jean/cnn_food_classification/data/val/Kısır/nyt_up_121239_recipe-2015-02-13-21-12-54-180x320.jpg,Kısır,Kısır
/home/yapbenzet/Desktop/Jean/cnn_food_classification/data/val/Kısır/nyt_up_121239_recipe-2015-04-12-14-49-04-320x427.jpg,Kısır,Kısır
/home/yapbenzet/Desktop/Jean/cnn_food_classification/data/val/Kısır/nyt_up_121239_recipe-2015-08-18-14-53-54-320x180.jpg,Kısır,Kısır
/home/yapbenzet/Desktop/Jean/cnn_food_classification/data/val/Kısır/nyt_up_121239_recipe-2016-02-08-00-11-35-320x573.jpg,Kısır,Kısır
/home/yapbenzet/Desktop/Jean/cnn_food_classification/data/val/Kısır/nyt_up_121239_recipe-2016-05-03-16-34-09-320x180.jpg,Kısır,Kısır
/home/yapbenzet/Desktop/Jean/cnn_food_classification/data/val/Kısır/nyt_up_121239_recipe-2016-11-19-16-51-41-320x325.jpg,Kısır,Kısır
/home/yapbenzet/Desktop/Jean/cnn_food_classification/data/val/Kısır/nyt_up_121239_recipe-2017-04-01-15-20-41-320x427.jpg,Kısır,Kısır
/home/yapbenzet/Desktop/Jean/cnn_food_classification/data/val/Kısır/nyt_up_121239_recipe-2017-06-04-16-08-45-320x427.jpg,Kısır,Kısır
/home/yapbenzet/Desktop/Jean/cnn_food_classification/data/val/Kısır/nyt_up_121239_recipe-2018-07-11-19-53-06-320x566.jpg,Kısır,Kısır
/home/yapbenzet/Desktop/Jean/cnn_food_classification/data/val/Kısır/nyt_up_121239_recipe-2018-12-13-18-47-59-320x427.jpg,Kısır,Kısır
/home/yapbenzet/Desktop/Jean/cnn_food_classification/data/val/Kısır/nyt_up_1218887_recipe-2017-01-18-14-10-21-320x427.jpg,Kısır,Kısır
/home/yapbenzet/Desktop/Jean/cnn_food_classification/data/val/Kısır/nyt_up_1218887_recipe-2017-11-20-17-05-30-320x568.jpg,Kısır,Kısır
/home/yapbenzet/Desktop/Jean/cnn_food_classification/data/val/Kısır/nyt_up_272863_recipe-2016-01-26-10-15-16-320x569.jpg,Kısır,Kısır
/home/yapbenzet/Desktop/Jean/cnn_food_classification/data/val/Kısır/nyt_up_30114_recipe-2018-04-29-17-17-42-320x427.jpg,Kısır,Kısır
/home/yapbenzet/Desktop/Jean/cnn_food_classification/data/val/Kısır/nyt_up_3174282_nyt-up-3174282-1523450892428-1560596600-320x180.jpg,Kısır,Kısır
/home/yapbenzet/Desktop/Jean/cnn_food_classification/data/val/Kısır/nyt_up_31918_59148d3535a35-320x180.jpeg,Kısır,Kısır
/home/yapbenzet/Desktop/Jean/cnn_food_classification/data/val/Kısır/nyt_up_31918_recipe-2015-12-27-10-19-52-320x569.jpg,Kısır,Kısır
/home/yapbenzet/Desktop/Jean/cnn_food_classification/data/val/Kısır/nyt_up_31918_recipe-2016-02-10-20-40-33-320x568.jpg,Kısır,Kısır
/home/yapbenzet/Desktop/Jean/cnn_food_classification/data/val/Kısır/nyt_up_31918_recipe-2017-01-15-14-40-03-320x569.jpg,Kısır,Kısır
/home/yapbenzet/Desktop/Jean/cnn_food_classification/data/val/Kısır/nyt_up_3724643_recipe-2017-10-21-14-52-54-320x427.jpg,Kısır,Kısır
/home/yapbenzet/Desktop/Jean/cnn_food_classification/data/val/Kısır/nyt_up_5077991_attachment-2-320x339.jpg,Kısır,Kısır
/home/yapbenzet/Desktop/Jean/cnn_food_classification/data/val/Lahmacun/000002.jpg,Lahmacun,Lahmacun
/home/yapbenzet/Desktop/Jean/cnn_food_classification/data/val/Lahmacun/000019.jpg,Lahmacun,Lahmacun
/home/yapbenzet/Desktop/Jean/cnn_food_classification/data/val/Lahmacun/000041.jpg,Lahmacun,Lahmacun
/home/yapbenzet/Desktop/Jean/cnn_food_classification/data/val/Lahmacun/000049_aug_16.jpg,Lahmacun,Lahmacun
/home/yapbenzet/Desktop/Jean/cnn_food_classification/data/val/Lahmacun/000071.jpg,Lahmacun,Lahmacun
/home/yapbenzet/Desktop/Jean/cnn_food_classification/data/val/Lahmacun/000072_aug_69.jpg,Lahmacun,Çiğ Köfte
/home/yapbenzet/Desktop/Jean/cnn_food_classification/data/val/Lahmacun/citir-lahmacun-fotografi-320x213.jpg,Lahmacun,Lahmacun
/home/yapbenzet/Desktop/Jean/cnn_food_classification/data/val/Lahmacun/en-kolay-lahmacun10-dakikada-320x213.jpg,Lahmacun,Lahmacun
/home/yapbenzet/Desktop/Jean/cnn_food_classification/data/val/Lahmacun/firinda-lahmacun-8-320x213.jpg,Lahmacun,Lahmacun
/home/yapbenzet/Desktop/Jean/cnn_food_classification/data/val/Lahmacun/hazir-yufkadan-lahmacun-yapimi-1-320x213.jpg,Lahmacun,Adana Kebap
/home/yapbenzet/Desktop/Jean/cnn_food_classification/data/val/Lahmacun/images (10).jpg,Lahmacun,Lahmacun
/home/yapbenzet/Desktop/Jean/cnn_food_classification/data/val/Lahmacun/images (11).jpg,Lahmacun,Lahmacun
/home/yapbenzet/Desktop/Jean/cnn_food_classification/data/val/Lahmacun/images (12).jpg,Lahmacun,Lahmacun
/home/yapbenzet/Desktop/Jean/cnn_food_classification/data/val/Lahmacun/images (16).jpg,Lahmacun,Lahmacun
/home/yapbenzet/Desktop/Jean/cnn_food_classification/data/val/Lahmacun/images (18).jpg,Lahmacun,Lahmacun
/home/yapbenzet/Desktop/Jean/cnn_food_classification/data/val/Lahmacun/images (20).jpg,Lahmacun,Lahmacun
/home/yapbenzet/Desktop/Jean/cnn_food_classification/data/val/Lahmacun/images (34).jpg,Lahmacun,Lahmacun
/home/yapbenzet/Desktop/Jean/cnn_food_classification/data/val/Lahmacun/images (7).jpg,Lahmacun,Lahmacun
/home/yapbenzet/Desktop/Jean/cnn_food_classification/data/val/Lahmacun/images (9).jpg,Lahmacun,Lahmacun
/home/yapbenzet/Desktop/Jean/cnn_food_classification/data/val/Lahmacun/images.jpg,Lahmacun,Lahmacun
/home/yapbenzet/Desktop/Jean/cnn_food_classification/data/val/Lahmacun/indir (1).jpg,Lahmacun,Lahmacun
/home/yapbenzet/Desktop/Jean/cnn_food_classification/data/val/Lahmacun/indir (11).jpg,Lahmacun,Lahmacun
/home/yapbenzet/Desktop/Jean/cnn_food_classification/data/val/Lahmacun/indir (8).jpg,Lahmacun,Lahmacun
/home/yapbenzet/Desktop/Jean/cnn_food_classification/data/val/Lahmacun/indir (9).jpg,Lahmacun,Lahmacun
/home/yapbenzet/Desktop/Jean/cnn_food_classification/data/val/Lahmacun/istockphoto-1125952460-612x612.jpg,Lahmacun,Lahmacun
/home/yapbenzet/Desktop/Jean/cnn_food_classification/data/val/Lahmacun/istockphoto-1148099568-612x612.jpg,Lahmacun,Lahmacun
/home/yapbenzet/Desktop/Jean/cnn_food_classification/data/val/Lahmacun/istockphoto-1291395745-612x612.jpg,Lahmacun,Lahmacun
/home/yapbenzet/Desktop/Jean/cnn_food_classification/data/val/Lahmacun/istockphoto-1444067020-640x640.jpg,Lahmacun,Lahmacun
/home/yapbenzet/Desktop/Jean/cnn_food_classification/data/val/Lahmacun/istockphoto-1491531296-612x612.jpg,Lahmacun,Lahmacun
/home/yapbenzet/Desktop/Jean/cnn_food_classification/data/val/Lahmacun/istockphoto-1763624703-612x612.jpg,Lahmacun,Menemen
/home/yapbenzet/Desktop/Jean/cnn_food_classification/data/val/Lahmacun/istockphoto-1916445468-612x612.jpg,Lahmacun,Lahmacun
/home/yapbenzet/Desktop/Jean/cnn_food_classification/data/val/Lahmacun/nyt-up-1045842_2745eadbc00b7786159869163-320x427.jpg,Lahmacun,Lahmacun
/home/yapbenzet/Desktop/Jean/cnn_food_classification/data/val/Lahmacun/nyt-up-1045842_recipe-2020-05-04-13-23-32-320x427.jpg,Lahmacun,Gözleme
/home/yapbenzet/Desktop/Jean/cnn_food_classification/data/val/Lahmacun/nyt-up-1045842_recipe-2020-05-14-21-03-02-320x341.jpg,Lahmacun,Lahmacun
/home/yapbenzet/Desktop/Jean/cnn_food_classification/data/val/Lahmacun/nyt-up-11587741_recipe-2024-03-10-18-31-44-288x640.jpg,Lahmacun,Lahmacun
/home/yapbenzet/Desktop/Jean/cnn_food_classification/data/val/Lahmacun/nyt-up-11587741_recipe-2024-03-14-20-03-25-320x240.jpg,Lahmacun,Lahmacun
/home/yapbenzet/Desktop/Jean/cnn_food_classification/data/val/Lahmacun/nyt-up-11587741_recipe-2024-03-15-21-46-56-320x427.jpg,Lahmacun,Lahmacun
/home/yapbenzet/Desktop/Jean/cnn_food_classification/data/val/Lahmacun/nyt-up-11587741_recipe-2024-05-13-09-27-21-320x427.jpg,Lahmacun,Lahmacun
/home/yapbenzet/Desktop/Jean/cnn_food_classification/data/val/Lahmacun/nyt-up-11716592_24367267ff5d8519675497625-320x569.jpg,Lahmacun,Lahmacun
/home/yapbenzet/Desktop/Jean/cnn_food_classification/data/val/Lahmacun/nyt-up-136652_recipe-2021-05-04-09-44-13-320x148.jpg,Lahmacun,Lahmacun
/home/yapbenzet/Desktop/Jean/cnn_food_classification/data/val/Lahmacun/nyt-up-279174_3005ea5c75e86a73557339600-320x240.jpg,Lahmacun,Lahmacun
/home/yapbenzet/Desktop/Jean/cnn_food_classification/data/val/Lahmacun/nyt-up-279174_5885e8f584d31b36214303494-320x427.jpeg,Lahmacun,Lahmacun
/home/yapbenzet/Desktop/Jean/cnn_food_classification/data/val/Lahmacun/nyt-up-279174_attachment-1-320x240.jpg,Lahmacun,Lahmacun
/home/yapbenzet/Desktop/Jean/cnn_food_classification/data/val/Lahmacun/nyt-up-279174_attachment-1-320x427.jpg,Lahmacun,Lahmacun
/home/yapbenzet/Desktop/Jean/cnn_food_classification/data/val/Lahmacun/nyt-up-279174_attachment-320x299.jpg,Lahmacun,Lahmacun
/home/yapbenzet/Desktop/Jean/cnn_food_classification/data/val/Lahmacun/nyt-up-279174_attachment-320x427_19.jpg,Lahmacun,Lahmacun
/home/yapbenzet/Desktop/Jean/cnn_food_classification/data/val/Lahmacun/nyt-up-279174_recipe-2019-11-06-19-05-04-303x640.jpg,Lahmacun,Lahmacun
/home/yapbenzet/Desktop/Jean/cnn_food_classification/data/val/Lahmacun/nyt-up-279174_recipe-2020-02-14-21-24-58-320x427.jpg,Lahmacun,Lahmacun
/home/yapbenzet/Desktop/Jean/cnn_food_classification/data/val/Lahmacun/nyt-up-279174_recipe-2020-04-13-16-52-45-320x568.jpg,Lahmacun,Lahmacun
/home/yapbenzet/Desktop/Jean/cnn_food_classification/data/val/Lahmacun/nyt-up-279174_recipe-2020-05-04-12-59-43-295x640.jpg,Lahmacun,Lahmacun
/home/yapbenzet/Desktop/Jean/cnn_food_classification/data/val/Lahmacun/nyt-up-279174_recipe-2020-05-17-21-05-49-320x427.jpg,Lahmacun,Lahmacun
/home/yapbenzet/Desktop/Jean/cnn_food_classification/data/val/Lahmacun/nyt-up-279174_recipe-2020-06-10-20-58-12-320x568.jpg,Lahmacun,Lahmacun
/home/yapbenzet/Desktop/Jean/cnn_food_classification/data/val/Lahmacun/nyt-up-279174_recipe-2020-10-28-11-01-12-320x428.jpg,Lahmacun,Lahmacun
/home/yapbenzet/Desktop/Jean/cnn_food_classification/data/val/Lahmacun/nyt-up-279174_recipe-2020-12-21-20-02-01-320x569.jpg,Lahmacun,Lahmacun
/home/yapbenzet/Desktop/Jean/cnn_food_classification/data/val/Lahmacun/nyt-up-279174_recipe-2020-12-31-17-18-19-320x427.jpg,Lahmacun,Lahmacun
/home/yapbenzet/Desktop/Jean/cnn_food_classification/data/val/Lahmacun/nyt-up-279174_recipe-2021-02-27-20-59-15-320x427.jpg,Lahmacun,Lahmacun
/home/yapbenzet/Desktop/Jean/cnn_food_classification/data/val/Lahmacun/nyt-up-279174_recipe-2021-10-14-15-45-54-311x640.jpg,Lahmacun,Lahmacun
/home/yapbenzet/Desktop/Jean/cnn_food_classification/data/val/Lahmacun/nyt-up-279174_recipe-2022-04-07-19-27-33-320x569.jpg,Lahmacun,Lahmacun
/home/yapbenzet/Desktop/Jean/cnn_food_classification/data/val/Lahmacun/nyt-up-279174_recipe-2024-09-04-17-38-01-320x427.jpg,Lahmacun,Lahmacun
/home/yapbenzet/Desktop/Jean/cnn_food_classification/data/val/Lahmacun/nyt-up-4257072_attachment-320x427.jpg,Lahmacun,Gözleme
/home/yapbenzet/Desktop/Jean/cnn_food_classification/data/val/Lahmacun/nyt-up-4257072_recipe-2021-12-25-20-15-59-320x427.jpg,Lahmacun,Lahmacun
/home/yapbenzet/Desktop/Jean/cnn_food_classification/data/val/Lahmacun/nyt-up-4453618_attachment-1-320x240.jpg,Lahmacun,Lahmacun
/home/yapbenzet/Desktop/Jean/cnn_food_classification/data/val/Lahmacun/nyt-up-4612112_attachment-320x427.jpg,Lahmacun,Lahmacun
/home/yapbenzet/Desktop/Jean/cnn_food_classification/data/val/Lahmacun/nyt-up-4612112_recipe-2021-02-07-20-50-37-320x427.jpg,Lahmacun,Künefe
/home/yapbenzet/Desktop/Jean/cnn_food_classification/data/val/Lahmacun/nyt-up-5084939_1485ec7f801ee186456932700-320x427.jpg,Lahmacun,Lahmacun
/home/yapbenzet/Desktop/Jean/cnn_food_classification/data/val/Lahmacun/nyt-up-5084939_3695ec7db9858df1301933062-320x427.jpg,Lahmacun,Lahmacun
/home/yapbenzet/Desktop/Jean/cnn_food_classification/data/val/Lahmacun/nyt-up-5084939_recipe-2020-12-06-20-59-16-320x426.jpg,Lahmacun,Lahmacun
/home/yapbenzet/Desktop/Jean/cnn_food_classification/data/val/Lahmacun/nyt-up-5084939_recipe-2023-12-21-21-57-06-320x569.jpg,Lahmacun,Lahmacun
/home/yapbenzet/Desktop/Jean/cnn_food_classification/data/val/Lahmacun/nyt-up-613817_recipe-2019-04-23-19-20-43-320x427.jpg,Lahmacun,Lahmacun
/home/yapbenzet/Desktop/Jean/cnn_food_classification/data/val/Lahmacun/nyt-up-6142637_attachment-320x427.jpg,Lahmacun,Lahmacun
/home/yapbenzet/Desktop/Jean/cnn_food_classification/data/val/Lahmacun/nyt-up-622086_attachment-320x427_7.jpg,Lahmacun,Lahmacun
/home/yapbenzet/Desktop/Jean/cnn_food_classification/data/val/Lahmacun/nyt-up-622086_attachment-320x569.jpg,Lahmacun,Lahmacun
/home/yapbenzet/Desktop/Jean/cnn_food_classification/data/val/Lahmacun/nyt-up-622086_recipe-2020-04-01-17-26-03-320x427.jpg,Lahmacun,Lahmacun
/home/yapbenzet/Desktop/Jean/cnn_food_classification/data/val/Lahmacun/nyt-up-622086_recipe-2020-05-02-23-56-59-320x427.jpg,Lahmacun,Lahmacun
/home/yapbenzet/Desktop/Jean/cnn_food_classification/data/val/Lahmacun/nyt-up-622086_recipe-2022-09-22-10-54-51-320x427.jpg,Lahmacun,Lahmacun
/home/yapbenzet/Desktop/Jean/cnn_food_classification/data/val/Lahmacun/nyt-up-622086_recipe-2022-09-22-10-55-01-320x427.jpg,Lahmacun,Lahmacun
/home/yapbenzet/Desktop/Jean/cnn_food_classification/data/val/Lahmacun/nyt-up-7287708_9275eae6d4be7390405027822-320x640.jpeg,Lahmacun,Lahmacun
/home/yapbenzet/Desktop/Jean/cnn_food_classification/data/val/Lahmacun/nyt-up-7287708_recipe-2020-04-26-13-11-02-320x568.jpg,Lahmacun,Lahmacun
/home/yapbenzet/Desktop/Jean/cnn_food_classification/data/val/Lahmacun/nyt-up-7287708_recipe-2020-05-04-19-44-11-320x569.jpg,Lahmacun,Lahmacun
/home/yapbenzet/Desktop/Jean/cnn_food_classification/data/val/Lahmacun/nyt-up-7287708_recipe-2020-05-07-19-19-31-320x240.jpg,Lahmacun,Lahmacun
/home/yapbenzet/Desktop/Jean/cnn_food_classification/data/val/Lahmacun/nyt-up-7287708_recipe-2022-08-23-15-32-39-320x427.jpg,Lahmacun,Lahmacun
/home/yapbenzet/Desktop/Jean/cnn_food_classification/data/val/Lahmacun/nyt-up-7287708_recipe-2022-12-27-13-32-31-e1672153560398-320x180.jpg,Lahmacun,Lahmacun
/home/yapbenzet/Desktop/Jean/cnn_food_classification/data/val/Lahmacun/nyt-up-7946869_460658d80f38874f167943885-320x426.jpg,Lahmacun,Lahmacun
/home/yapbenzet/Desktop/Jean/cnn_food_classification/data/val/Lahmacun/nyt-up-7946869_recipe-2020-09-30-19-54-22-320x427.jpg,Lahmacun,Lahmacun
/home/yapbenzet/Desktop/Jean/cnn_food_classification/data/val/Lahmacun/nyt-up-7946869_recipe-2022-05-09-15-24-12-320x427.jpg,Lahmacun,Lahmacun
/home/yapbenzet/Desktop/Jean/cnn_food_classification/data/val/Lahmacun/nyt-up-7946869_recipe-2024-06-20-18-28-31-320x427.jpg,Lahmacun,Lahmacun
/home/yapbenzet/Desktop/Jean/cnn_food_classification/data/val/Lahmacun/nyt-up-7946869_recipe-2024-12-13-22-04-31-320x569.jpg,Lahmacun,Lahmacun
/home/yapbenzet/Desktop/Jean/cnn_food_classification/data/val/Lahmacun/nyt-up-8506760_attachment-320x427.jpg,Lahmacun,Lahmacun
/home/yapbenzet/Desktop/Jean/cnn_food_classification/data/val/Lahmacun/nyt-up-8506760_recipe-2020-12-14-22-26-51-320x427.jpg,Lahmacun,Lahmacun
/home/yapbenzet/Desktop/Jean/cnn_food_classification/data/val/Lahmacun/nyt-up-8506760_recipe-2020-12-19-20-51-11-295x640.jpg,Lahmacun,Lahmacun
/home/yapbenzet/Desktop/Jean/cnn_food_classification/data/val/Lahmacun/nyt-up-8603630_attachment-320x427.jpg,Lahmacun,Lahmacun
/home/yapbenzet/Desktop/Jean/cnn_food_classification/data/val/Lahmacun/nyt-up-9275057_attachment-320x427_3.jpg,Lahmacun,Lahmacun
/home/yapbenzet/Desktop/Jean/cnn_food_classification/data/val/Lahmacun/nyt-up-9275057_attachment-320x427_5.jpg,Lahmacun,Lahmacun
/home/yapbenzet/Desktop/Jean/cnn_food_classification/data/val/Lahmacun/nyt-up-9275057_recipe-2021-04-30-20-35-41-320x180.jpg,Lahmacun,Lahmacun
/home/yapbenzet/Desktop/Jean/cnn_food_classification/data/val/Lahmacun/nyt-up-9275057_recipe-2021-05-01-04-58-48-320x415.jpg,Lahmacun,Lahmacun
/home/yapbenzet/Desktop/Jean/cnn_food_classification/data/val/Lahmacun/nyt-up-9275057_recipe-2021-05-02-22-30-58-320x428.jpg,Lahmacun,Lahmacun
/home/yapbenzet/Desktop/Jean/cnn_food_classification/data/val/Lahmacun/nyt-up-9275057_recipe-2021-06-03-19-45-52-320x240.jpg,Lahmacun,Köfte
/home/yapbenzet/Desktop/Jean/cnn_food_classification/data/val/Lahmacun/nyt-up-9275057_recipe-2023-06-24-06-22-07-320x240.jpg,Lahmacun,Lahmacun
/home/yapbenzet/Desktop/Jean/cnn_food_classification/data/val/Lahmacun/nyt-up-9275057_recipe-2023-10-02-15-34-58-e1696252595844-320x240.jpg,Lahmacun,Lahmacun
/home/yapbenzet/Desktop/Jean/cnn_food_classification/data/val/Lahmacun/nyt_up_1045842_recipe-2016-10-23-12-23-58-320x427.jpg,Lahmacun,Lahmacun
/home/yapbenzet/Desktop/Jean/cnn_food_classification/data/val/Lahmacun/nyt_up_1045842_recipe-2017-04-08-13-37-25-320x569.jpg,Lahmacun,Lahmacun
/home/yapbenzet/Desktop/Jean/cnn_food_classification/data/val/Lahmacun/nyt_up_1045842_recipe-2018-01-14-11-39-36-320x180.jpg,Lahmacun,Lahmacun
/home/yapbenzet/Desktop/Jean/cnn_food_classification/data/val/Lahmacun/nyt_up_136652_attachment-240x320.jpg,Lahmacun,Lahmacun
/home/yapbenzet/Desktop/Jean/cnn_food_classification/data/val/Lahmacun/nyt_up_136652_recipe-2015-04-11-17-12-15-320x320.jpg,Lahmacun,Lahmacun
/home/yapbenzet/Desktop/Jean/cnn_food_classification/data/val/Lahmacun/nyt_up_1544567_59bf8b1e572b7-320x213.jpg,Lahmacun,Lahmacun
/home/yapbenzet/Desktop/Jean/cnn_food_classification/data/val/Lahmacun/nyt_up_279174_20150412_184834-320x180.jpg,Lahmacun,Lahmacun
/home/yapbenzet/Desktop/Jean/cnn_food_classification/data/val/Lahmacun/nyt_up_279174_attachment-320x427_14.jpg,Lahmacun,Lahmacun
/home/yapbenzet/Desktop/Jean/cnn_food_classification/data/val/Lahmacun/nyt_up_279174_attachment-320x427_4.jpg,Lahmacun,Lahmacun
/home/yapbenzet/Desktop/Jean/cnn_food_classification/data/val/Lahmacun/nyt_up_279174_recipe-2017-05-04-18-24-48-320x237.jpg,Lahmacun,Gözleme
/home/yapbenzet/Desktop/Jean/cnn_food_classification/data/val/Lahmacun/nyt_up_279174_recipe-2018-01-25-17-15-44-320x569.jpg,Lahmacun,Lahmacun
/home/yapbenzet/Desktop/Jean/cnn_food_classification/data/val/Lahmacun/nyt_up_4028793_recipe-2018-02-19-23-58-48-320x427.jpg,Lahmacun,Lahmacun
/home/yapbenzet/Desktop/Jean/cnn_food_classification/data/val/Lahmacun/nyt_up_622086_59d147bb0a7a5-320x569.jpg,Lahmacun,Gözleme
/home/yapbenzet/Desktop/Jean/cnn_food_classification/data/val/Lahmacun/nyt_up_622086_attachment-320x428.jpg,Lahmacun,Lahmacun
/home/yapbenzet/Desktop/Jean/cnn_food_classification/data/val/Lahmacun/nyt_up_622086_recipe-2015-07-12-20-25-28-320x569.jpg,Lahmacun,Lahmacun
/home/yapbenzet/Desktop/Jean/cnn_food_classification/data/val/Lahmacun/nyt_up_622086_recipe-2016-10-16-18-46-17-320x533.jpg,Lahmacun,Lahmacun
/home/yapbenzet/Desktop/Jean/cnn_food_classification/data/val/Lahmacun/nyt_up_622086_recipe-2016-11-09-15-03-23-320x427.jpg,Lahmacun,Lahmacun
/home/yapbenzet/Desktop/Jean/cnn_food_classification/data/val/Mantı/000007.jpg,Mantı,Mantı
/home/yapbenzet/Desktop/Jean/cnn_food_classification/data/val/Mantı/000017.jpg,Mantı,Mantı
/home/yapbenzet/Desktop/Jean/cnn_food_classification/data/val/Mantı/000018.jpg,Mantı,Mantı
/home/yapbenzet/Desktop/Jean/cnn_food_classification/data/val/Mantı/000032.jpg,Mantı,Mantı
/home/yapbenzet/Desktop/Jean/cnn_food_classification/data/val/Mantı/000040.jpg,Mantı,Mantı
/home/yapbenzet/Desktop/Jean/cnn_food_classification/data/val/Mantı/000048.jpg,Mantı,Mantı
/home/yapbenzet/Desktop/Jean/cnn_food_classification/data/val/Mantı/000055.jpg,Mantı,Mantı
/home/yapbenzet/Desktop/Jean/cnn_food_classification/data/val/Mantı/kolay-manti-tarifi-foto-320x213.jpg,Mantı,Mantı
/home/yapbenzet/Desktop/Jean/cnn_food_classification/data/val/Mantı/mis-gibi-ev-yapimi-manti-fotografi-320x213 (2).jpg,Mantı,Mantı
/home/yapbenzet/Desktop/Jean/cnn_food_classification/data/val/Mantı/mis-gibi-ev-yapimi-manti-fotografi-320x213.jpg,Mantı,Mantı
/home/yapbenzet/Desktop/Jean/cnn_food_classification/data/val/Mantı/nyt-up-1117_6916554f676e8991346800521-320x427.jpg,Mantı,Mantı
/home/yapbenzet/Desktop/Jean/cnn_food_classification/data/val/Mantı/nyt-up-1117_attachment-320x427_1.jpg,Mantı,Mantı
/home/yapbenzet/Desktop/Jean/cnn_food_classification/data/val/Mantı/nyt-up-1117_attachment-320x427_4.jpg,Mantı,Mantı
/home/yapbenzet/Desktop/Jean/cnn_food_classification/data/val/Mantı/nyt-up-136416_attachment-320x182.jpg,Mantı,Mantı
/home/yapbenzet/Desktop/Jean/cnn_food_classification/data/val/Mantı/nyt-up-136416_recipe-2020-04-13-21-43-17-320x427 (2).jpg,Mantı,Mantı
/home/yapbenzet/Desktop/Jean/cnn_food_classification/data/val/Mantı/nyt-up-136416_recipe-2022-08-01-05-43-13-320x426.jpg,Mantı,Mantı
/home/yapbenzet/Desktop/Jean/cnn_food_classification/data/val/Mantı/nyt-up-256881_attachment-320x240.jpg,Mantı,Mantı
/home/yapbenzet/Desktop/Jean/cnn_food_classification/data/val/Mantı/nyt-up-256881_recipe-2019-04-12-20-22-32-320x330.jpg,Mantı,Mantı
/home/yapbenzet/Desktop/Jean/cnn_food_classification/data/val/Mantı/nyt-up-256881_recipe-2021-11-02-18-52-11-320x427.jpg,Mantı,Mantı
/home/yapbenzet/Desktop/Jean/cnn_food_classification/data/val/Mantı/nyt-up-37421_3995dec03d5ad20f196843295-e1575757223262-320x427.jpeg,Mantı,Mantı
/home/yapbenzet/Desktop/Jean/cnn_food_classification/data/val/Mantı/nyt-up-37421_recipe-2019-04-04-18-14-04-320x427.jpg,Mantı,Mantı
/home/yapbenzet/Desktop/Jean/cnn_food_classification/data/val/Mantı/nyt-up-37421_recipe-2019-11-01-17-32-28-320x325.jpg,Mantı,Mantı
/home/yapbenzet/Desktop/Jean/cnn_food_classification/data/val/Mantı/nyt-up-37421_recipe-2020-01-06-22-46-15-311x640.jpg,Mantı,Mantı
/home/yapbenzet/Desktop/Jean/cnn_food_classification/data/val/Mantı/nyt-up-37421_recipe-2020-02-05-21-43-04-320x427.jpg,Mantı,Mantı
/home/yapbenzet/Desktop/Jean/cnn_food_classification/data/val/Mantı/nyt-up-37421_recipe-2020-02-17-19-13-08-320x320.jpg,Mantı,Mantı
/home/yapbenzet/Desktop/Jean/cnn_food_classification/data/val/Mantı/nyt-up-37421_recipe-2020-08-30-00-47-53-320x640.jpg,Mantı,Mantı
/home/yapbenzet/Desktop/Jean/cnn_food_classification/data/val/Mantı/nyt-up-37421_recipe-2020-09-05-22-07-18-320x427.jpg,Mantı,Mantı
/home/yapbenzet/Desktop/Jean/cnn_food_classification/data/val/Mantı/nyt-up-37421_recipe-2020-10-04-17-45-39-320x569.jpg,Mantı,Mantı
/home/yapbenzet/Desktop/Jean/cnn_food_classification/data/val/Mantı/nyt-up-37421_recipe-2021-01-14-23-52-10-320x389.jpg,Mantı,Mantı
/home/yapbenzet/Desktop/Jean/cnn_food_classification/data/val/Mantı/nyt-up-37421_recipe-2021-01-19-20-16-14-320x427.jpg,Mantı,Mantı
/home/yapbenzet/Desktop/Jean/cnn_food_classification/data/val/Mantı/nyt-up-37421_recipe-2022-04-10-20-36-22-320x427.jpg,Mantı,Mantı
/home/yapbenzet/Desktop/Jean/cnn_food_classification/data/val/Mantı/nyt-up-37421_recipe-2022-04-19-13-39-05-320x427.jpg,Mantı,Aşure
/home/yapbenzet/Desktop/Jean/cnn_food_classification/data/val/Mantı/nyt-up-37421_recipe-2022-10-02-14-34-39-320x427.jpg,Mantı,Mantı
/home/yapbenzet/Desktop/Jean/cnn_food_classification/data/val/Mantı/nyt-up-37421_recipe-2025-01-27-22-04-33-320x427.jpg,Mantı,Mantı
/home/yapbenzet/Desktop/Jean/cnn_food_classification/data/val/Mantı/nyt-up-742328_6965e87472457d76577790829-320x427.jpeg,Mantı,Mantı
/home/yapbenzet/Desktop/Jean/cnn_food_classification/data/val/Mantı/nyt-up-742328_recipe-2020-07-23-00-57-02-320x427.jpg,Mantı,Mantı
/home/yapbenzet/Desktop/Jean/cnn_food_classification/data/val/Mantı/nyt-up-742328_recipe-2020-08-29-18-53-08-320x427.jpg,Mantı,Mantı
/home/yapbenzet/Desktop/Jean/cnn_food_classification/data/val/Mantı/nyt-up-742328_recipe-2021-08-16-18-57-26-320x427 (2).jpg,Mantı,Mantı
/home/yapbenzet/Desktop/Jean/cnn_food_classification/data/val/Mantı/nyt-up-742328_recipe-2024-10-24-16-33-58-320x425 (2).jpg,Mantı,Mantı
/home/yapbenzet/Desktop/Jean/cnn_food_classification/data/val/Mantı/nyt_up_107242_20141227_172911-320x240.jpg,Mantı,Mantı
/home/yapbenzet/Desktop/Jean/cnn_food_classification/data/val/Mantı/nyt_up_107242_20151217_223926-e1451079300323-320x533.jpg,Mantı,Mantı
/home/yapbenzet/Desktop/Jean/cnn_food_classification/data/val/Mantı/nyt_up_107242_attachment-320x427_1.jpg,Mantı,Mantı
/home/yapbenzet/Desktop/Jean/cnn_food_classification/data/val/Mantı/nyt_up_107242_recipe-2015-07-07-20-07-46-320x344.jpg,Mantı,Mantı
/home/yapbenzet/Desktop/Jean/cnn_food_classification/data/val/Mantı/nyt_up_107242_recipe-2016-03-19-18-17-50-320x569.jpg,Mantı,Mantı
/home/yapbenzet/Desktop/Jean/cnn_food_classification/data/val/Mantı/nyt_up_1117_20141228_180029-320x240 (2).jpg,Mantı,Mantı
/home/yapbenzet/Desktop/Jean/cnn_food_classification/data/val/Mantı/nyt_up_1117_20150630_203132-320x180 (2).jpg,Mantı,Mantı
/home/yapbenzet/Desktop/Jean/cnn_food_classification/data/val/Mantı/nyt_up_1117_recipe-2015-09-30-10-05-15-320x289.jpg,Mantı,Mantı
/home/yapbenzet/Desktop/Jean/cnn_food_classification/data/val/Mantı/nyt_up_1117_recipe-2016-08-11-22-42-49-320x569.jpg,Mantı,Mantı
/home/yapbenzet/Desktop/Jean/cnn_food_classification/data/val/Mantı/nyt_up_136416_20141206_215234-320x180.jpg,Mantı,Mantı
/home/yapbenzet/Desktop/Jean/cnn_food_classification/data/val/Mantı/nyt_up_136416_attachment-240x320 (2).jpg,Mantı,Mantı
/home/yapbenzet/Desktop/Jean/cnn_food_classification/data/val/Mantı/nyt_up_136416_attachment-240x320.jpg,Mantı,Mantı
/home/yapbenzet/Desktop/Jean/cnn_food_classification/data/val/Mantı/nyt_up_136416_attachment-320x240.jpg,Mantı,Mantı
/home/yapbenzet/Desktop/Jean/cnn_food_classification/data/val/Mantı/nyt_up_136416_recipe-2014-11-13-00-25-23-320x180 (2).jpg,Mantı,Sütlaç
/home/yapbenzet/Desktop/Jean/cnn_food_classification/data/val/Mantı/nyt_up_136416_recipe-2015-01-16-10-04-25-320x247.jpg,Mantı,Mantı
/home/yapbenzet/Desktop/Jean/cnn_food_classification/data/val/Mantı/nyt_up_136416_recipe-2015-02-28-17-39-04-320x180 (2).jpg,Mantı,Mantı
/home/yapbenzet/Desktop/Jean/cnn_food_classification/data/val/Mantı/nyt_up_136416_recipe-2015-06-10-19-23-15-320x427 (2).jpg,Mantı,Mantı
/home/yapbenzet/Desktop/Jean/cnn_food_classification/data/val/Mantı/nyt_up_136416_recipe-2015-07-19-19-48-51-320x569.jpg,Mantı,Mantı
/home/yapbenzet/Desktop/Jean/cnn_food_classification/data/val/Mantı/nyt_up_136416_recipe-2015-08-09-19-11-05-320x180 (2).jpg,Mantı,Mantı
/home/yapbenzet/Desktop/Jean/cnn_food_classification/data/val/Mantı/nyt_up_136416_recipe-2015-08-26-10-30-11-320x180 (2).jpg,Mantı,Mantı
/home/yapbenzet/Desktop/Jean/cnn_food_classification/data/val/Mantı/nyt_up_136416_recipe-2015-08-26-10-30-11-320x180.jpg,Mantı,Mantı
/home/yapbenzet/Desktop/Jean/cnn_food_classification/data/val/Mantı/nyt_up_136416_recipe-2015-10-27-12-28-08-320x568.jpg,Mantı,Mantı
/home/yapbenzet/Desktop/Jean/cnn_food_classification/data/val/Mantı/nyt_up_136416_recipe-2015-11-03-00-09-37-320x180.jpg,Mantı,Mantı
/home/yapbenzet/Desktop/Jean/cnn_food_classification/data/val/Mantı/nyt_up_136416_recipe-2015-11-18-23-29-12-320x427.jpg,Mantı,Mantı
/home/yapbenzet/Desktop/Jean/cnn_food_classification/data/val/Mantı/nyt_up_136416_recipe-2016-01-02-19-24-52-320x569 (2).jpg,Mantı,Mantı
/home/yapbenzet/Desktop/Jean/cnn_food_classification/data/val/Mantı/nyt_up_136416_recipe-2016-01-28-18-16-43-320x180 (2).jpg,Mantı,Mantı
/home/yapbenzet/Desktop/Jean/cnn_food_classification/data/val/Mantı/nyt_up_136416_recipe-2017-09-28-14-56-05-320x240.jpg,Mantı,Mantı
/home/yapbenzet/Desktop/Jean/cnn_food_classification/data/val/Mantı/nyt_up_136416_recipe-2018-01-22-21-46-33-320x427.jpg,Mantı,Mantı
/home/yapbenzet/Desktop/Jean/cnn_food_classification/data/val/Mantı/nyt_up_136416_recipe-2019-02-18-18-53-45-e1550506383460-320x427.jpg,Mantı,Kumpir
/home/yapbenzet/Desktop/Jean/cnn_food_classification/data/val/Mantı/nyt_up_256881_20141023_170837-320x180.jpg,Mantı,Mantı
/home/yapbenzet/Desktop/Jean/cnn_food_classification/data/val/Mantı/nyt_up_256881_attachment-320x427_2.jpg,Mantı,Mantı
/home/yapbenzet/Desktop/Jean/cnn_food_classification/data/val/Mantı/nyt_up_256881_attachment-320x568.jpg,Mantı,Mantı
/home/yapbenzet/Desktop/Jean/cnn_food_classification/data/val/Mantı/nyt_up_256881_recipe-2016-03-27-20-10-39-320x427.jpg,Mantı,Mantı
/home/yapbenzet/Desktop/Jean/cnn_food_classification/data/val/Mantı/nyt_up_256881_recipe-2016-04-19-16-16-55-320x180.jpg,Mantı,Mantı
/home/yapbenzet/Desktop/Jean/cnn_food_classification/data/val/Mantı/nyt_up_256881_recipe-2016-11-21-18-54-44-320x568.jpg,Mantı,Mantı
/home/yapbenzet/Desktop/Jean/cnn_food_classification/data/val/Mantı/nyt_up_256881_recipe-2017-01-16-19-12-21-320x569.jpg,Mantı,Mantı
/home/yapbenzet/Desktop/Jean/cnn_food_classification/data/val/Mantı/nyt_up_256881_recipe-2018-10-30-20-50-46-320x180.jpg,Mantı,Mantı
/home/yapbenzet/Desktop/Jean/cnn_food_classification/data/val/Mantı/nyt_up_37421_59418150947f9-320x180.jpg,Mantı,Mantı
/home/yapbenzet/Desktop/Jean/cnn_food_classification/data/val/Mantı/nyt_up_37421_recipe-2015-10-26-06-05-26-320x240.jpg,Mantı,Mantı
/home/yapbenzet/Desktop/Jean/cnn_food_classification/data/val/Mantı/nyt_up_37421_recipe-2015-12-01-15-56-22-320x180.jpg,Mantı,Mantı
/home/yapbenzet/Desktop/Jean/cnn_food_classification/data/val/Mantı/nyt_up_37421_recipe-2016-05-28-18-02-07-320x568.jpg,Mantı,Mantı
/home/yapbenzet/Desktop/Jean/cnn_food_classification/data/val/Mantı/nyt_up_37421_recipe-2016-06-18-22-26-28-320x569.jpg,Mantı,Mantı
/home/yapbenzet/Desktop/Jean/cnn_food_classification/data/val/Mantı/nyt_up_37421_recipe-2016-11-01-19-42-45-320x569.jpg,Mantı,Mantı
/home/yapbenzet/Desktop/Jean/cnn_food_classification/data/val/Mantı/nyt_up_37421_recipe-2016-12-07-18-20-39-320x427.jpg,Mantı,Mantı
/home/yapbenzet/Desktop/Jean/cnn_food_classification/data/val/Mantı/nyt_up_37421_recipe-2017-09-07-19-09-24-320x180.jpg,Mantı,Mantı
/home/yapbenzet/Desktop/Jean/cnn_food_classification/data/val/Mantı/nyt_up_37421_recipe-2019-02-13-22-51-08-320x276.jpg,Mantı,Mantı
/home/yapbenzet/Desktop/Jean/cnn_food_classification/data/val/Mantı/nyt_up_742328_recipe-2018-01-31-01-28-44-e1517351559447-320x240 (2).jpg,Mantı,Mantı
/home/yapbenzet/Desktop/Jean/cnn_food_classification/data/val/Menemen/000001.jpg,Menemen,Kısır
/home/yapbenzet/Desktop/Jean/cnn_food_classification/data/val/Menemen/000029_aug_103.jpg,Menemen,Menemen
/home/yapbenzet/Desktop/Jean/cnn_food_classification/data/val/Menemen/000035.jpg,Menemen,Menemen
/home/yapbenzet/Desktop/Jean/cnn_food_classification/data/val/Menemen/enfes-menemen-1.webp,Menemen,Menemen
/home/yapbenzet/Desktop/Jean/cnn_food_classification/data/val/Menemen/istockphoto-1164964714-1024x1024.jpg,Menemen,Menemen
/home/yapbenzet/Desktop/Jean/cnn_food_classification/data/val/Menemen/istockphoto-1308472242-1024x1024.jpg,Menemen,Menemen
/home/yapbenzet/Desktop/Jean/cnn_food_classification/data/val/Menemen/istockphoto-1366980919-1024x1024.jpg,Menemen,Menemen
/home/yapbenzet/Desktop/Jean/cnn_food_classification/data/val/Menemen/istockphoto-1606033774-1024x1024.jpg,Menemen,Menemen
/home/yapbenzet/Desktop/Jean/cnn_food_classification/data/val/Menemen/istockphoto-1635633769-1024x1024.jpg,Menemen,Menemen
/home/yapbenzet/Desktop/Jean/cnn_food_classification/data/val/Menemen/istockphoto-2018331670-1024x1024.jpg,Menemen,Menemen
/home/yapbenzet/Desktop/Jean/cnn_food_classification/data/val/Menemen/istockphoto-616254420-1024x1024.jpg,Menemen,Menemen
/home/yapbenzet/Desktop/Jean/cnn_food_classification/data/val/Menemen/istockphoto-843164256-1024x1024.jpg,Menemen,Menemen
/home/yapbenzet/Desktop/Jean/cnn_food_classification/data/val/Menemen/istockphoto-879594848-1024x1024.jpg,Menemen,Menemen
/home/yapbenzet/Desktop/Jean/cnn_food_classification/data/val/Menemen/kasarli-menemen-parmaklarinyedirtir-5.webp,Menemen,Menemen
/home/yapbenzet/Desktop/Jean/cnn_food_classification/data/val/Menemen/kasarli-menemen-parmaklarinyedirtir-6.webp,Menemen,Menemen
/home/yapbenzet/Desktop/Jean/cnn_food_classification/data/val/Menemen/menemen-tarifi-150x100.jpg,Menemen,Menemen
/home/yapbenzet/Desktop/Jean/cnn_food_classification/data/val/Menemen/nyt-up-197381_attachment-3-320x427.jpg,Menemen,Kısır
/home/yapbenzet/Desktop/Jean/cnn_food_classification/data/val/Menemen/nyt-up-197381_attachment-320x427.jpg,Menemen,Menemen
/home/yapbenzet/Desktop/Jean/cnn_food_classification/data/val/Menemen/nyt-up-197381_attachment-320x427_4.jpg,Menemen,Menemen
/home/yapbenzet/Desktop/Jean/cnn_food_classification/data/val/Menemen/nyt-up-197381_attachment-320x427_7.jpg,Menemen,Menemen
/home/yapbenzet/Desktop/Jean/cnn_food_classification/data/val/Menemen/nyt-up-197381_recipe-2019-08-23-19-01-22-320x427.jpg,Menemen,Menemen
/home/yapbenzet/Desktop/Jean/cnn_food_classification/data/val/Menemen/nyt-up-197381_recipe-2020-04-14-18-57-58-320x569.jpg,Menemen,Menemen
/home/yapbenzet/Desktop/Jean/cnn_food_classification/data/val/Menemen/nyt-up-197381_recipe-2020-11-19-23-47-53-320x427.jpg,Menemen,Menemen
/home/yapbenzet/Desktop/Jean/cnn_food_classification/data/val/Menemen/nyt-up-197381_recipe-2021-05-09-03-53-31-320x427.jpg,Menemen,Menemen
/home/yapbenzet/Desktop/Jean/cnn_food_classification/data/val/Menemen/nyt-up-197381_recipe-2021-09-20-18-18-35-320x240.jpg,Menemen,Menemen
/home/yapbenzet/Desktop/Jean/cnn_food_classification/data/val/Menemen/nyt-up-197381_recipe-2023-12-01-17-00-48-320x425.jpg,Menemen,Menemen
/home/yapbenzet/Desktop/Jean/cnn_food_classification/data/val/Menemen/nyt-up-2186915_recipe-2020-10-15-16-02-48-320x426.jpg,Menemen,Menemen
/home/yapbenzet/Desktop/Jean/cnn_food_classification/data/val/Menemen/nyt_up_1183_597db3f977d04-320x240.jpg,Menemen,Menemen
/home/yapbenzet/Desktop/Jean/cnn_food_classification/data/val/Menemen/nyt_up_1183_IMG_20150818_181313-320x427.jpg,Menemen,Menemen
/home/yapbenzet/Desktop/Jean/cnn_food_classification/data/val/Menemen/nyt_up_1183_recipe-2015-04-11-18-04-49-320x568.jpg,Menemen,Menemen
/home/yapbenzet/Desktop/Jean/cnn_food_classification/data/val/Menemen/nyt_up_1183_recipe-2015-08-07-21-31-30-320x427.jpg,Menemen,Nohut
/home/yapbenzet/Desktop/Jean/cnn_food_classification/data/val/Menemen/nyt_up_1889117_recipe-2016-04-30-17-52-50-320x427.jpg,Menemen,Menemen
/home/yapbenzet/Desktop/Jean/cnn_food_classification/data/val/Menemen/nyt_up_1889117_recipe-2017-08-04-10-24-01-320x568.jpg,Menemen,Menemen
/home/yapbenzet/Desktop/Jean/cnn_food_classification/data/val/Menemen/nyt_up_1889117_recipe-2018-04-07-18-39-02-320x533.jpg,Menemen,Menemen
/home/yapbenzet/Desktop/Jean/cnn_food_classification/data/val/Menemen/nyt_up_197381_attachment-320x240_1.jpg,Menemen,Bulgur Pilavı
/home/yapbenzet/Desktop/Jean/cnn_food_classification/data/val/Menemen/nyt_up_197381_attachment-320x427_2.jpg,Menemen,Şakşuka
/home/yapbenzet/Desktop/Jean/cnn_food_classification/data/val/Menemen/nyt_up_197381_attachment-320x427_3.jpg,Menemen,Menemen
/home/yapbenzet/Desktop/Jean/cnn_food_classification/data/val/Menemen/nyt_up_197381_attachment-320x427_5.jpg,Menemen,Menemen
/home/yapbenzet/Desktop/Jean/cnn_food_classification/data/val/Menemen/nyt_up_197381_recipe-2014-10-23-20-53-521-320x180.jpg,Menemen,Menemen
/home/yapbenzet/Desktop/Jean/cnn_food_classification/data/val/Menemen/nyt_up_197381_recipe-2015-05-23-17-22-00-320x240.jpg,Menemen,Menemen
/home/yapbenzet/Desktop/Jean/cnn_food_classification/data/val/Menemen/nyt_up_197381_recipe-2017-07-02-12-33-42-320x401.jpg,Menemen,Menemen
/home/yapbenzet/Desktop/Jean/cnn_food_classification/data/val/Menemen/nyt_up_2186915_recipe-2016-08-03-20-05-54-320x569.jpg,Menemen,Menemen
/home/yapbenzet/Desktop/Jean/cnn_food_classification/data/val/Menemen/nyt_up_2186915_recipe-2017-07-06-15-59-43-320x181.jpg,Menemen,Menemen
/home/yapbenzet/Desktop/Jean/cnn_food_classification/data/val/Menemen/nyt_up_3351992_recipe-2017-06-06-16-31-03-320x427.jpg,Menemen,Menemen
/home/yapbenzet/Desktop/Jean/cnn_food_classification/data/val/Menemen/nyt_up_3431434_recipe-2018-09-16-19-28-41-320x569.jpg,Menemen,Menemen
/home/yapbenzet/Desktop/Jean/cnn_food_classification/data/val/Menemen/nyt_up_678680_attachment-1-320x427.jpg,Menemen,Menemen
/home/yapbenzet/Desktop/Jean/cnn_food_classification/data/val/Menemen/sucuklu-kasarli-menemen-13.webp,Menemen,Menemen
/home/yapbenzet/Desktop/Jean/cnn_food_classification/data/val/Menemen/sucuklu-kasarli-menemen-9.webp,Menemen,Menemen
/home/yapbenzet/Desktop/Jean/cnn_food_classification/data/val/Menemen/sucuklu-kasarli-menemen.webp,Menemen,Menemen
/home/yapbenzet/Desktop/Jean/cnn_food_classification/data/val/Menemen/sucuklu-menemen-2.webp,Menemen,Menemen
/home/yapbenzet/Desktop/Jean/cnn_food_classification/data/val/Menemen/sucuklu-menemen3.webp,Menemen,Menemen
/home/yapbenzet/Desktop/Jean/cnn_food_classification/data/val/Mercimek Çorbası/000001.jpg,Mercimek Çorbası,Mercimek Çorbası
/home/yapbenzet/Desktop/Jean/cnn_food_classification/data/val/Mercimek Çorbası/000003.jpg,Mercimek Çorbası,Mercimek Çorbası
/home/yapbenzet/Desktop/Jean/cnn_food_classification/data/val/Mercimek Çorbası/000015.jpg,Mercimek Çorbası,Mercimek Çorbası
/home/yapbenzet/Desktop/Jean/cnn_food_classification/data/val/Mercimek Çorbası/000019.jpg,Mercimek Çorbası,Mercimek Çorbası
/home/yapbenzet/Desktop/Jean/cnn_food_classification/data/val/Mercimek Çorbası/000022.jpg,Mercimek Çorbası,Mercimek Çorbası
/home/yapbenzet/Desktop/Jean/cnn_food_classification/data/val/Mercimek Çorbası/000026.jpg,Mercimek Çorbası,Mercimek Çorbası
/home/yapbenzet/Desktop/Jean/cnn_food_classification/data/val/Mercimek Çorbası/000028.jpg,Mercimek Çorbası,Mercimek Çorbası
/home/yapbenzet/Desktop/Jean/cnn_food_classification/data/val/Mercimek Çorbası/000031.jpg,Mercimek Çorbası,Mercimek Çorbası
/home/yapbenzet/Desktop/Jean/cnn_food_classification/data/val/Mercimek Çorbası/000033.jpg,Mercimek Çorbası,Mercimek Çorbası
/home/yapbenzet/Desktop/Jean/cnn_food_classification/data/val/Mercimek Çorbası/000035.jpg,Mercimek Çorbası,Mercimek Çorbası
/home/yapbenzet/Desktop/Jean/cnn_food_classification/data/val/Mercimek Çorbası/000049.png,Mercimek Çorbası,Mercimek Çorbası
/home/yapbenzet/Desktop/Jean/cnn_food_classification/data/val/Mercimek Çorbası/000050.jpg,Mercimek Çorbası,Mercimek Çorbası
/home/yapbenzet/Desktop/Jean/cnn_food_classification/data/val/Mercimek Çorbası/000053.jpg,Mercimek Çorbası,Haşlanmış Yumurta
/home/yapbenzet/Desktop/Jean/cnn_food_classification/data/val/Mercimek Çorbası/000054.jpg,Mercimek Çorbası,Mercimek Çorbası
/home/yapbenzet/Desktop/Jean/cnn_food_classification/data/val/Mercimek Çorbası/000060.jpg,Mercimek Çorbası,Ezogelin Çorbası
/home/yapbenzet/Desktop/Jean/cnn_food_classification/data/val/Mercimek Çorbası/000065.jpg,Mercimek Çorbası,Mercimek Çorbası
/home/yapbenzet/Desktop/Jean/cnn_food_classification/data/val/Mercimek Çorbası/000067.jpg,Mercimek Çorbası,Mercimek Çorbası
/home/yapbenzet/Desktop/Jean/cnn_food_classification/data/val/Mercimek Çorbası/mercimek-corbasi-tarifi-320x213.jpg,Mercimek Çorbası,Mercimek Çorbası
/home/yapbenzet/Desktop/Jean/cnn_food_classification/data/val/Mercimek Çorbası/nyt-up-10205390_92066eecdf8404db468495416-320x427.jpg,Mercimek Çorbası,Mercimek Çorbası
/home/yapbenzet/Desktop/Jean/cnn_food_classification/data/val/Mercimek Çorbası/nyt-up-10205390_recipe-2022-03-08-21-55-52-288x640.jpg,Mercimek Çorbası,Mercimek Çorbası
/home/yapbenzet/Desktop/Jean/cnn_food_classification/data/val/Mercimek Çorbası/nyt-up-10205390_recipe-2022-03-11-00-09-47-320x427.jpg,Mercimek Çorbası,Mercimek Çorbası
/home/yapbenzet/Desktop/Jean/cnn_food_classification/data/val/Mercimek Çorbası/nyt-up-10205390_recipe-2023-01-15-21-31-50-320x427.jpg,Mercimek Çorbası,Mercimek Çorbası
/home/yapbenzet/Desktop/Jean/cnn_food_classification/data/val/Mercimek Çorbası/nyt-up-10205390_recipe-2024-07-08-16-10-45-320x427.jpg,Mercimek Çorbası,Mercimek Çorbası
/home/yapbenzet/Desktop/Jean/cnn_food_classification/data/val/Mercimek Çorbası/nyt-up-1284_77667c4a222cedd457961662-320x427.jpg,Mercimek Çorbası,Mercimek Çorbası
/home/yapbenzet/Desktop/Jean/cnn_food_classification/data/val/Mercimek Çorbası/nyt-up-1284_9365df8bea0f854137136714-320x427.jpg,Mercimek Çorbası,Mercimek Çorbası
/home/yapbenzet/Desktop/Jean/cnn_food_classification/data/val/Mercimek Çorbası/nyt-up-1284_recipe-2020-04-24-14-40-22-320x240.jpg,Mercimek Çorbası,Mercimek Çorbası
/home/yapbenzet/Desktop/Jean/cnn_food_classification/data/val/Mercimek Çorbası/nyt-up-1284_recipe-2020-04-24-19-14-59-320x427.jpg,Mercimek Çorbası,Mercimek Çorbası
/home/yapbenzet/Desktop/Jean/cnn_food_classification/data/val/Mercimek Çorbası/nyt-up-1284_recipe-2024-03-16-16-36-07-320x427.jpg,Mercimek Çorbası,Mercimek Çorbası
/home/yapbenzet/Desktop/Jean/cnn_food_classification/data/val/Mercimek Çorbası/nyt-up-187549_recipe-2023-08-16-18-27-45-320x427.jpg,Mercimek Çorbası,Mercimek Çorbası
/home/yapbenzet/Desktop/Jean/cnn_food_classification/data/val/Mercimek Çorbası/nyt-up-187549_recipe-2023-09-29-15-24-04-320x427.jpg,Mercimek Çorbası,Mercimek Çorbası
/home/yapbenzet/Desktop/Jean/cnn_food_classification/data/val/Mercimek Çorbası/nyt-up-2072077_4635f5396833dda5028270825-303x640.jpg,Mercimek Çorbası,Ezogelin Çorbası
/home/yapbenzet/Desktop/Jean/cnn_food_classification/data/val/Mercimek Çorbası/nyt-up-2072077_attachment-320x427_1.jpg,Mercimek Çorbası,Mercimek Çorbası
/home/yapbenzet/Desktop/Jean/cnn_food_classification/data/val/Mercimek Çorbası/nyt-up-2072077_recipe-2023-02-22-13-23-00-320x240.jpg,Mercimek Çorbası,Mercimek Çorbası
/home/yapbenzet/Desktop/Jean/cnn_food_classification/data/val/Mercimek Çorbası/nyt-up-2072077_recipe-2023-10-10-14-44-47-320x427.jpg,Mercimek Çorbası,Mercimek Çorbası
/home/yapbenzet/Desktop/Jean/cnn_food_classification/data/val/Mercimek Çorbası/nyt-up-2072077_recipe-2024-01-15-19-49-54-e1705340323275-320x144.jpg,Mercimek Çorbası,Tarhana Çorbası
/home/yapbenzet/Desktop/Jean/cnn_food_classification/data/val/Mercimek Çorbası/nyt-up-2628007_attachment-320x320.jpg,Mercimek Çorbası,Mercimek Çorbası
/home/yapbenzet/Desktop/Jean/cnn_food_classification/data/val/Mercimek Çorbası/nyt-up-2628007_attachment-320x427_4.jpg,Mercimek Çorbası,Mercimek Çorbası
/home/yapbenzet/Desktop/Jean/cnn_food_classification/data/val/Mercimek Çorbası/nyt-up-2628007_attachment-320x427_6.jpg,Mercimek Çorbası,Ezogelin Çorbası
/home/yapbenzet/Desktop/Jean/cnn_food_classification/data/val/Mercimek Çorbası/nyt-up-2628007_recipe-2020-04-08-22-19-44-320x427.jpg,Mercimek Çorbası,Mercimek Çorbası
/home/yapbenzet/Desktop/Jean/cnn_food_classification/data/val/Mercimek Çorbası/nyt-up-2628007_recipe-2020-07-19-17-51-57-320x427.jpg,Mercimek Çorbası,Tarhana Çorbası
/home/yapbenzet/Desktop/Jean/cnn_food_classification/data/val/Mercimek Çorbası/nyt-up-2628007_recipe-2020-11-08-14-39-49-320x427.jpg,Mercimek Çorbası,Mercimek Çorbası
/home/yapbenzet/Desktop/Jean/cnn_food_classification/data/val/Mercimek Çorbası/nyt-up-274_8785ece684c0aa54548785327-320x569.jpeg,Mercimek Çorbası,Mercimek Çorbası
/home/yapbenzet/Desktop/Jean/cnn_food_classification/data/val/Mercimek Çorbası/nyt-up-274_attachment-320x427_6.jpg,Mercimek Çorbası,Ezogelin Çorbası
/home/yapbenzet/Desktop/Jean/cnn_food_classification/data/val/Mercimek Çorbası/nyt-up-274_attachment-320x427_7.jpg,Mercimek Çorbası,Mercimek Çorbası
/home/yapbenzet/Desktop/Jean/cnn_food_classification/data/val/Mercimek Çorbası/nyt-up-274_attachment-320x427_8.jpg,Mercimek Çorbası,Mercimek Çorbası
/home/yapbenzet/Desktop/Jean/cnn_food_classification/data/val/Mercimek Çorbası/nyt-up-274_attachment-e1643825201106-320x240.jpg,Mercimek Çorbası,Mercimek Çorbası
/home/yapbenzet/Desktop/Jean/cnn_food_classification/data/val/Mercimek Çorbası/nyt-up-274_recipe-2020-06-03-18-26-48-320x427.jpg,Mercimek Çorbası,Mercimek Çorbası
/home/yapbenzet/Desktop/Jean/cnn_food_classification/data/val/Mercimek Çorbası/nyt-up-274_recipe-2020-12-25-21-18-10-320x427.jpg,Mercimek Çorbası,Mercimek Çorbası
/home/yapbenzet/Desktop/Jean/cnn_food_classification/data/val/Mercimek Çorbası/nyt-up-274_recipe-2021-04-15-19-03-33-320x427.jpg,Mercimek Çorbası,Mercimek Çorbası
/home/yapbenzet/Desktop/Jean/cnn_food_classification/data/val/Mercimek Çorbası/nyt-up-274_recipe-2022-01-08-20-12-00-320x427.jpg,Mercimek Çorbası,Mercimek Çorbası
/home/yapbenzet/Desktop/Jean/cnn_food_classification/data/val/Mercimek Çorbası/nyt-up-7042051_attachment-1-320x240.jpg,Mercimek Çorbası,Mercimek Çorbası
/home/yapbenzet/Desktop/Jean/cnn_food_classification/data/val/Mercimek Çorbası/nyt-up-7042051_recipe-2020-04-04-20-20-53-295x640.jpg,Mercimek Çorbası,Mercimek Çorbası
/home/yapbenzet/Desktop/Jean/cnn_food_classification/data/val/Mercimek Çorbası/nyt-up-7042051_recipe-2020-05-04-20-36-44-320x276.jpg,Mercimek Çorbası,Mercimek Çorbası
/home/yapbenzet/Desktop/Jean/cnn_food_classification/data/val/Mercimek Çorbası/nyt-up-798299_recipe-2021-02-11-19-05-52-320x427.jpg,Mercimek Çorbası,Mercimek Çorbası
/home/yapbenzet/Desktop/Jean/cnn_food_classification/data/val/Mercimek Çorbası/nyt-up-798299_recipe-2021-05-02-20-18-25-320x427.jpg,Mercimek Çorbası,Mercimek Çorbası
/home/yapbenzet/Desktop/Jean/cnn_food_classification/data/val/Mercimek Çorbası/nyt-up-96355_683644e6f41a7276828449859-320x283.jpg,Mercimek Çorbası,Mercimek Çorbası
/home/yapbenzet/Desktop/Jean/cnn_food_classification/data/val/Mercimek Çorbası/nyt-up-96355_attachment-320x410.jpg,Mercimek Çorbası,Mercimek Çorbası
/home/yapbenzet/Desktop/Jean/cnn_food_classification/data/val/Mercimek Çorbası/nyt-up-96355_attachment-320x427_18.jpg,Mercimek Çorbası,Mercimek Çorbası
/home/yapbenzet/Desktop/Jean/cnn_food_classification/data/val/Mercimek Çorbası/nyt-up-96355_attachment-320x427_26.jpg,Mercimek Çorbası,Mercimek Çorbası
/home/yapbenzet/Desktop/Jean/cnn_food_classification/data/val/Mercimek Çorbası/nyt-up-96355_recipe-2019-05-09-18-57-40-320x427.jpg,Mercimek Çorbası,Mercimek Çorbası
/home/yapbenzet/Desktop/Jean/cnn_food_classification/data/val/Mercimek Çorbası/nyt-up-96355_recipe-2019-07-16-19-44-52-320x427.jpg,Mercimek Çorbası,Mercimek Çorbası
/home/yapbenzet/Desktop/Jean/cnn_food_classification/data/val/Mercimek Çorbası/nyt-up-96355_recipe-2019-08-08-15-56-49-320x569.jpg,Mercimek Çorbası,Mercimek Çorbası
/home/yapbenzet/Desktop/Jean/cnn_food_classification/data/val/Mercimek Çorbası/nyt-up-96355_recipe-2019-10-23-15-34-45-320x427.jpg,Mercimek Çorbası,Mercimek Çorbası
/home/yapbenzet/Desktop/Jean/cnn_food_classification/data/val/Mercimek Çorbası/nyt-up-96355_recipe-2019-10-28-19-11-53-320x240.jpg,Mercimek Çorbası,Mercimek Çorbası
/home/yapbenzet/Desktop/Jean/cnn_food_classification/data/val/Mercimek Çorbası/nyt-up-96355_recipe-2020-02-04-21-08-48-320x314.jpg,Mercimek Çorbası,Mercimek Çorbası
/home/yapbenzet/Desktop/Jean/cnn_food_classification/data/val/Mercimek Çorbası/nyt-up-96355_recipe-2020-02-12-18-42-18-320x426.jpg,Mercimek Çorbası,Mercimek Çorbası
/home/yapbenzet/Desktop/Jean/cnn_food_classification/data/val/Mercimek Çorbası/nyt-up-96355_recipe-2020-04-29-18-21-34-320x640.jpg,Mercimek Çorbası,Mercimek Çorbası
/home/yapbenzet/Desktop/Jean/cnn_food_classification/data/val/Mercimek Çorbası/nyt-up-96355_recipe-2020-05-10-22-05-37-320x240.jpg,Mercimek Çorbası,Mercimek Çorbası
/home/yapbenzet/Desktop/Jean/cnn_food_classification/data/val/Mercimek Çorbası/nyt-up-96355_recipe-2020-06-02-11-05-45-320x240.jpg,Mercimek Çorbası,Mercimek Çorbası
/home/yapbenzet/Desktop/Jean/cnn_food_classification/data/val/Mercimek Çorbası/nyt-up-96355_recipe-2020-08-21-16-40-44-320x427.jpg,Mercimek Çorbası,Mercimek Çorbası
/home/yapbenzet/Desktop/Jean/cnn_food_classification/data/val/Mercimek Çorbası/nyt-up-96355_recipe-2020-10-20-17-44-54-320x269.jpg,Mercimek Çorbası,Mercimek Çorbası
/home/yapbenzet/Desktop/Jean/cnn_food_classification/data/val/Mercimek Çorbası/nyt-up-96355_recipe-2020-11-13-17-42-48-320x427.jpg,Mercimek Çorbası,Mercimek Çorbası
/home/yapbenzet/Desktop/Jean/cnn_food_classification/data/val/Mercimek Çorbası/nyt-up-96355_recipe-2020-12-02-20-40-49-320x427.jpg,Mercimek Çorbası,Mercimek Çorbası
/home/yapbenzet/Desktop/Jean/cnn_food_classification/data/val/Mercimek Çorbası/nyt-up-96355_recipe-2020-12-08-17-56-36-320x427.jpg,Mercimek Çorbası,Tarhana Çorbası
/home/yapbenzet/Desktop/Jean/cnn_food_classification/data/val/Mercimek Çorbası/nyt-up-96355_recipe-2021-06-18-20-10-12-320x427.jpg,Mercimek Çorbası,Mercimek Çorbası
/home/yapbenzet/Desktop/Jean/cnn_food_classification/data/val/Mercimek Çorbası/nyt-up-96355_recipe-2021-08-12-19-16-28-320x427.jpg,Mercimek Çorbası,Mercimek Çorbası
/home/yapbenzet/Desktop/Jean/cnn_food_classification/data/val/Mercimek Çorbası/nyt-up-96355_recipe-2022-01-06-20-37-46-320x427.jpg,Mercimek Çorbası,Mercimek Çorbası
/home/yapbenzet/Desktop/Jean/cnn_food_classification/data/val/Mercimek Çorbası/nyt-up-96355_recipe-2022-01-15-18-39-21-320x320.jpg,Mercimek Çorbası,Mercimek Çorbası
/home/yapbenzet/Desktop/Jean/cnn_food_classification/data/val/Mercimek Çorbası/nyt-up-96355_recipe-2022-02-21-21-30-12-320x240.jpg,Mercimek Çorbası,Mercimek Çorbası
/home/yapbenzet/Desktop/Jean/cnn_food_classification/data/val/Mercimek Çorbası/nyt-up-96355_recipe-2022-05-10-13-06-01-320x427.jpg,Mercimek Çorbası,Mercimek Çorbası
/home/yapbenzet/Desktop/Jean/cnn_food_classification/data/val/Mercimek Çorbası/nyt-up-96355_recipe-2022-07-26-23-03-47-288x640.jpg,Mercimek Çorbası,Mercimek Çorbası
/home/yapbenzet/Desktop/Jean/cnn_food_classification/data/val/Mercimek Çorbası/nyt-up-96355_recipe-2022-10-06-19-55-11-320x427.jpg,Mercimek Çorbası,Mercimek Çorbası
/home/yapbenzet/Desktop/Jean/cnn_food_classification/data/val/Mercimek Çorbası/nyt-up-96355_recipe-2023-02-03-15-17-08-320x427.jpg,Mercimek Çorbası,Mercimek Çorbası
/home/yapbenzet/Desktop/Jean/cnn_food_classification/data/val/Mercimek Çorbası/nyt-up-96355_recipe-2023-02-17-17-09-29-320x427.jpg,Mercimek Çorbası,Tarhana Çorbası
/home/yapbenzet/Desktop/Jean/cnn_food_classification/data/val/Mercimek Çorbası/nyt-up-96355_recipe-2023-03-10-16-08-14-320x427.jpg,Mercimek Çorbası,Mercimek Çorbası
/home/yapbenzet/Desktop/Jean/cnn_food_classification/data/val/Mercimek Çorbası/nyt-up-96355_recipe-2023-03-23-18-43-26-320x240.jpg,Mercimek Çorbası,Mercimek Çorbası
/home/yapbenzet/Desktop/Jean/cnn_food_classification/data/val/Mercimek Çorbası/nyt-up-96355_recipe-2023-10-26-16-32-26-320x425.jpg,Mercimek Çorbası,Mercimek Çorbası
/home/yapbenzet/Desktop/Jean/cnn_food_classification/data/val/Mercimek Çorbası/nyt-up-96355_recipe-2023-11-01-12-46-22-320x427.jpg,Mercimek Çorbası,Mercimek Çorbası
/home/yapbenzet/Desktop/Jean/cnn_food_classification/data/val/Mercimek Çorbası/nyt-up-96355_recipe-2024-03-13-12-49-15-320x427.jpg,Mercimek Çorbası,Mercimek Çorbası
/home/yapbenzet/Desktop/Jean/cnn_food_classification/data/val/Mercimek Çorbası/nyt-up-96355_recipe-2024-05-16-18-49-53-320x427.jpg,Mercimek Çorbası,Tarhana Çorbası
/home/yapbenzet/Desktop/Jean/cnn_food_classification/data/val/Mercimek Çorbası/nyt-up-96355_recipe-2024-07-16-21-43-26-281x640.jpg,Mercimek Çorbası,Mercimek Çorbası
/home/yapbenzet/Desktop/Jean/cnn_food_classification/data/val/Mercimek Çorbası/nyt-up-96355_recipe-2024-09-04-13-16-39-320x568.jpg,Mercimek Çorbası,Mercimek Çorbası
/home/yapbenzet/Desktop/Jean/cnn_food_classification/data/val/Mercimek Çorbası/nyt-up-96355_recipe-2024-10-17-16-22-08-320x427.jpg,Mercimek Çorbası,Mercimek Çorbası
/home/yapbenzet/Desktop/Jean/cnn_food_classification/data/val/Mercimek Çorbası/nyt-up-96355_recipe-2024-12-06-18-03-09-320x427.jpg,Mercimek Çorbası,Mercimek Çorbası
/home/yapbenzet/Desktop/Jean/cnn_food_classification/data/val/Mercimek Çorbası/nyt_up_1284_1448295386426-320x427.jpg,Mercimek Çorbası,Mercimek Çorbası
/home/yapbenzet/Desktop/Jean/cnn_food_classification/data/val/Mercimek Çorbası/nyt_up_1284_1456502836196-147907475-320x180.jpg,Mercimek Çorbası,Mercimek Çorbası
/home/yapbenzet/Desktop/Jean/cnn_food_classification/data/val/Mercimek Çorbası/nyt_up_1284_5937071813f2e-320x240.jpg,Mercimek Çorbası,Mercimek Çorbası
/home/yapbenzet/Desktop/Jean/cnn_food_classification/data/val/Mercimek Çorbası/nyt_up_1284_IMG_20140813_204557-320x240.jpg,Mercimek Çorbası,Mercimek Çorbası
/home/yapbenzet/Desktop/Jean/cnn_food_classification/data/val/Mercimek Çorbası/nyt_up_1284_attachment-320x320.jpg,Mercimek Çorbası,Mercimek Çorbası
/home/yapbenzet/Desktop/Jean/cnn_food_classification/data/val/Mercimek Çorbası/nyt_up_1284_attachment-320x427_13.jpg,Mercimek Çorbası,Mercimek Çorbası
/home/yapbenzet/Desktop/Jean/cnn_food_classification/data/val/Mercimek Çorbası/nyt_up_1284_attachment-320x427_14.jpg,Mercimek Çorbası,Mercimek Çorbası
/home/yapbenzet/Desktop/Jean/cnn_food_classification/data/val/Mercimek Çorbası/nyt_up_1284_attachment-320x427_16.jpg,Mercimek Çorbası,Mercimek Çorbası
/home/yapbenzet/Desktop/Jean/cnn_food_classification/data/val/Mercimek Çorbası/nyt_up_1284_attachment-320x427_4.jpg,Mercimek Çorbası,Mercimek Çorbası
/home/yapbenzet/Desktop/Jean/cnn_food_classification/data/val/Mercimek Çorbası/nyt_up_1284_attachment-320x427_5.jpg,Mercimek Çorbası,Tarhana Çorbası
/home/yapbenzet/Desktop/Jean/cnn_food_classification/data/val/Mercimek Çorbası/nyt_up_1284_attachment-320x428.jpg,Mercimek Çorbası,Tarhana Çorbası
/home/yapbenzet/Desktop/Jean/cnn_food_classification/data/val/Mercimek Çorbası/nyt_up_1284_image-320x281.jpg,Mercimek Çorbası,Mercimek Çorbası
/home/yapbenzet/Desktop/Jean/cnn_food_classification/data/val/Mercimek Çorbası/nyt_up_1284_recipe-2014-12-22-12-28-08-240x320.jpg,Mercimek Çorbası,Mercimek Çorbası
/home/yapbenzet/Desktop/Jean/cnn_food_classification/data/val/Mercimek Çorbası/nyt_up_1284_recipe-2015-06-23-20-43-37-320x180.jpg,Mercimek Çorbası,Mercimek Çorbası
/home/yapbenzet/Desktop/Jean/cnn_food_classification/data/val/Mercimek Çorbası/nyt_up_1284_recipe-2015-06-30-21-12-15-320x569.jpg,Mercimek Çorbası,Tarhana Çorbası
/home/yapbenzet/Desktop/Jean/cnn_food_classification/data/val/Mercimek Çorbası/nyt_up_1284_recipe-2015-08-17-15-51-31-320x180.jpg,Mercimek Çorbası,Mercimek Çorbası
/home/yapbenzet/Desktop/Jean/cnn_food_classification/data/val/Mercimek Çorbası/nyt_up_1284_recipe-2015-09-13-13-04-04-320x568.jpg,Mercimek Çorbası,Mercimek Çorbası
/home/yapbenzet/Desktop/Jean/cnn_food_classification/data/val/Mercimek Çorbası/nyt_up_1284_recipe-2015-09-25-10-52-55-320x240.jpg,Mercimek Çorbası,Mercimek Çorbası
/home/yapbenzet/Desktop/Jean/cnn_food_classification/data/val/Mercimek Çorbası/nyt_up_1284_recipe-2015-12-31-00-57-27-320x569.jpg,Mercimek Çorbası,Mercimek Çorbası
/home/yapbenzet/Desktop/Jean/cnn_food_classification/data/val/Mercimek Çorbası/nyt_up_1284_recipe-2016-05-13-14-38-40-320x252.jpg,Mercimek Çorbası,Mercimek Çorbası
/home/yapbenzet/Desktop/Jean/cnn_food_classification/data/val/Mercimek Çorbası/nyt_up_187549_IMG-20151110-WA0032-320x240.jpg,Mercimek Çorbası,Mercimek Çorbası
/home/yapbenzet/Desktop/Jean/cnn_food_classification/data/val/Mercimek Çorbası/nyt_up_187549_recipe-2015-04-17-16-56-19-320x569.jpg,Mercimek Çorbası,Mercimek Çorbası
/home/yapbenzet/Desktop/Jean/cnn_food_classification/data/val/Mercimek Çorbası/nyt_up_187549_recipe-2015-07-08-22-12-36-320x568.jpg,Mercimek Çorbası,Mercimek Çorbası
/home/yapbenzet/Desktop/Jean/cnn_food_classification/data/val/Mercimek Çorbası/nyt_up_187549_recipe-2016-02-13-00-09-17-320x568.jpg,Mercimek Çorbası,Tarhana Çorbası
/home/yapbenzet/Desktop/Jean/cnn_food_classification/data/val/Mercimek Çorbası/nyt_up_2072077_58a2ca7fdc57e-320x240.jpg,Mercimek Çorbası,Mercimek Çorbası
/home/yapbenzet/Desktop/Jean/cnn_food_classification/data/val/Mercimek Çorbası/nyt_up_2072077_attachment-320x240_1.jpg,Mercimek Çorbası,Mercimek Çorbası
/home/yapbenzet/Desktop/Jean/cnn_food_classification/data/val/Mercimek Çorbası/nyt_up_2072077_attachment-320x427_1.jpg,Mercimek Çorbası,Mercimek Çorbası
/home/yapbenzet/Desktop/Jean/cnn_food_classification/data/val/Mercimek Çorbası/nyt_up_2072077_recipe-2016-06-10-22-06-33-320x240.jpg,Mercimek Çorbası,Mercimek Çorbası
/home/yapbenzet/Desktop/Jean/cnn_food_classification/data/val/Mercimek Çorbası/nyt_up_2072077_recipe-2016-06-14-22-25-29-320x180.jpg,Mercimek Çorbası,Mercimek Çorbası
/home/yapbenzet/Desktop/Jean/cnn_food_classification/data/val/Mercimek Çorbası/nyt_up_2072077_recipe-2016-07-30-15-25-34-320x569.jpg,Mercimek Çorbası,Mercimek Çorbası
/home/yapbenzet/Desktop/Jean/cnn_food_classification/data/val/Mercimek Çorbası/nyt_up_2072077_recipe-2016-10-26-16-51-45-320x180.jpg,Mercimek Çorbası,Mercimek Çorbası
/home/yapbenzet/Desktop/Jean/cnn_food_classification/data/val/Mercimek Çorbası/nyt_up_2072077_recipe-2017-01-18-22-32-42-320x247.jpg,Mercimek Çorbası,Mercimek Çorbası
/home/yapbenzet/Desktop/Jean/cnn_food_classification/data/val/Mercimek Çorbası/nyt_up_2072077_recipe-2017-07-27-20-05-24-320x569.jpg,Mercimek Çorbası,Mercimek Çorbası
/home/yapbenzet/Desktop/Jean/cnn_food_classification/data/val/Mercimek Çorbası/nyt_up_2072077_recipe-2017-10-27-20-32-47-320x180.jpg,Mercimek Çorbası,Tarhana Çorbası
/home/yapbenzet/Desktop/Jean/cnn_food_classification/data/val/Mercimek Çorbası/nyt_up_2072077_recipe-2018-11-02-21-33-23-320x427.jpg,Mercimek Çorbası,Mercimek Çorbası
/home/yapbenzet/Desktop/Jean/cnn_food_classification/data/val/Mercimek Çorbası/nyt_up_2628007_59d24dd3ce2e1-320x240.jpg,Mercimek Çorbası,Mercimek Çorbası
/home/yapbenzet/Desktop/Jean/cnn_food_classification/data/val/Mercimek Çorbası/nyt_up_2628007_attachment-320x427_4.jpg,Mercimek Çorbası,Mercimek Çorbası
/home/yapbenzet/Desktop/Jean/cnn_food_classification/data/val/Mercimek Çorbası/nyt_up_2628007_recipe-2018-02-04-19-25-36-320x568.jpg,Mercimek Çorbası,Mercimek Çorbası
/home/yapbenzet/Desktop/Jean/cnn_food_classification/data/val/Mercimek Çorbası/nyt_up_2628007_recipe-2019-02-27-18-44-37-311x640.jpg,Mercimek Çorbası,Mercimek Çorbası
/home/yapbenzet/Desktop/Jean/cnn_food_classification/data/val/Mercimek Çorbası/nyt_up_274_attachment-320x240.jpg,Mercimek Çorbası,Mercimek Çorbası
/home/yapbenzet/Desktop/Jean/cnn_food_classification/data/val/Mercimek Çorbası/nyt_up_274_recipe-2014-12-19-17-53-091-180x320.jpg,Mercimek Çorbası,Ezogelin Çorbası
/home/yapbenzet/Desktop/Jean/cnn_food_classification/data/val/Mercimek Çorbası/nyt_up_274_recipe-2015-03-29-22-32-55-320x427.jpg,Mercimek Çorbası,Mercimek Çorbası
/home/yapbenzet/Desktop/Jean/cnn_food_classification/data/val/Mercimek Çorbası/nyt_up_274_recipe-2015-12-09-18-12-49-320x181.jpg,Mercimek Çorbası,Mercimek Çorbası
/home/yapbenzet/Desktop/Jean/cnn_food_classification/data/val/Mercimek Çorbası/nyt_up_274_recipe-2016-01-19-20-21-34-320x427.jpg,Mercimek Çorbası,Ezogelin Çorbası
/home/yapbenzet/Desktop/Jean/cnn_food_classification/data/val/Mercimek Çorbası/nyt_up_274_recipe-2018-03-15-18-13-14-320x240.jpg,Mercimek Çorbası,Tarhana Çorbası
/home/yapbenzet/Desktop/Jean/cnn_food_classification/data/val/Mercimek Çorbası/nyt_up_96355_attachment-1-320x427.jpg,Mercimek Çorbası,Mercimek Çorbası
/home/yapbenzet/Desktop/Jean/cnn_food_classification/data/val/Mercimek Çorbası/nyt_up_96355_recipe-2018-03-12-15-07-51-320x180.jpg,Mercimek Çorbası,Ezogelin Çorbası
/home/yapbenzet/Desktop/Jean/cnn_food_classification/data/val/Mercimek Çorbası/nyt_up_96355_recipe-2018-11-08-19-04-07-320x427.jpg,Mercimek Çorbası,Mercimek Çorbası
/home/yapbenzet/Desktop/Jean/cnn_food_classification/data/val/Mercimek Çorbası/nyt_up_96355_recipe-2018-11-30-22-09-29-320x427.jpg,Mercimek Çorbası,Mercimek Çorbası
/home/yapbenzet/Desktop/Jean/cnn_food_classification/data/val/Mercimek Çorbası/nyt_up_96355_recipe-2018-12-28-19-27-11-320x569.jpg,Mercimek Çorbası,Mercimek Çorbası
/home/yapbenzet/Desktop/Jean/cnn_food_classification/data/val/Mısır Ekmeği/000002.jpg,Mısır Ekmeği,Esmer Ekmek
/home/yapbenzet/Desktop/Jean/cnn_food_classification/data/val/Mısır Ekmeği/000005.jpg,Mısır Ekmeği,Mısır Ekmeği
/home/yapbenzet/Desktop/Jean/cnn_food_classification/data/val/Mısır Ekmeği/000020.jpg,Mısır Ekmeği,Mısır Ekmeği
/home/yapbenzet/Desktop/Jean/cnn_food_classification/data/val/Mısır Ekmeği/000023.jpg,Mısır Ekmeği,Mısır Ekmeği
/home/yapbenzet/Desktop/Jean/cnn_food_classification/data/val/Mısır Ekmeği/000026.jpg,Mısır Ekmeği,Mısır Ekmeği
/home/yapbenzet/Desktop/Jean/cnn_food_classification/data/val/Mısır Ekmeği/000043.jpg,Mısır Ekmeği,Mısır Ekmeği
/home/yapbenzet/Desktop/Jean/cnn_food_classification/data/val/Mısır Ekmeği/000044.jpg,Mısır Ekmeği,Mısır Ekmeği
/home/yapbenzet/Desktop/Jean/cnn_food_classification/data/val/Mısır Ekmeği/000077.png,Mısır Ekmeği,Esmer Ekmek
/home/yapbenzet/Desktop/Jean/cnn_food_classification/data/val/Mısır Ekmeği/nyt-up-106793_2285ffb1307348f8314806765-320x427.jpg,Mısır Ekmeği,Mısır Ekmeği
/home/yapbenzet/Desktop/Jean/cnn_food_classification/data/val/Mısır Ekmeği/nyt-up-106793_25866192fae43c21447297108-288x640.jpg,Mısır Ekmeği,Mısır Ekmeği
/home/yapbenzet/Desktop/Jean/cnn_food_classification/data/val/Mısır Ekmeği/nyt-up-106793_66678013b02f0cb930317827-320x427.jpg,Mısır Ekmeği,Mısır Ekmeği
/home/yapbenzet/Desktop/Jean/cnn_food_classification/data/val/Mısır Ekmeği/nyt-up-106793_8466534d9e852965259263606-320x427.jpg,Mısır Ekmeği,Mısır Ekmeği
/home/yapbenzet/Desktop/Jean/cnn_food_classification/data/val/Mısır Ekmeği/nyt-up-106793_attachment-320x393.jpg,Mısır Ekmeği,Mısır Ekmeği
/home/yapbenzet/Desktop/Jean/cnn_food_classification/data/val/Mısır Ekmeği/nyt-up-106793_attachment-320x396.jpg,Mısır Ekmeği,Mısır Ekmeği
/home/yapbenzet/Desktop/Jean/cnn_food_classification/data/val/Mısır Ekmeği/nyt-up-106793_attachment-320x427.jpg,Mısır Ekmeği,Mısır Ekmeği
/home/yapbenzet/Desktop/Jean/cnn_food_classification/data/val/Mısır Ekmeği/nyt-up-106793_attachment-320x427_1.jpg,Mısır Ekmeği,Mısır Ekmeği
/home/yapbenzet/Desktop/Jean/cnn_food_classification/data/val/Mısır Ekmeği/nyt-up-106793_attachment-320x427_11.jpg,Mısır Ekmeği,Mısır Ekmeği
/home/yapbenzet/Desktop/Jean/cnn_food_classification/data/val/Mısır Ekmeği/nyt-up-106793_attachment-320x427_2.jpg,Mısır Ekmeği,Esmer Ekmek
/home/yapbenzet/Desktop/Jean/cnn_food_classification/data/val/Mısır Ekmeği/nyt-up-106793_attachment-320x427_4.jpg,Mısır Ekmeği,Esmer Ekmek
/home/yapbenzet/Desktop/Jean/cnn_food_classification/data/val/Mısır Ekmeği/nyt-up-106793_attachment-320x427_7.jpg,Mısır Ekmeği,Esmer Ekmek
/home/yapbenzet/Desktop/Jean/cnn_food_classification/data/val/Mısır Ekmeği/nyt-up-106793_recipe-2020-04-03-00-03-15-320x427.jpg,Mısır Ekmeği,Mısır Ekmeği
/home/yapbenzet/Desktop/Jean/cnn_food_classification/data/val/Mısır Ekmeği/nyt-up-106793_recipe-2020-07-18-15-48-21-303x640.jpg,Mısır Ekmeği,Mısır Ekmeği
/home/yapbenzet/Desktop/Jean/cnn_food_classification/data/val/Mısır Ekmeği/nyt-up-106793_recipe-2020-09-25-18-16-22.jpg,Mısır Ekmeği,Mısır Ekmeği
/home/yapbenzet/Desktop/Jean/cnn_food_classification/data/val/Mısır Ekmeği/nyt-up-106793_recipe-2022-12-19-15-16-09-320x427.jpg,Mısır Ekmeği,Pide
/home/yapbenzet/Desktop/Jean/cnn_food_classification/data/val/Mısır Ekmeği/nyt-up-106793_recipe-2023-07-10-20-59-31-320x426.jpg,Mısır Ekmeği,Mısır Ekmeği
/home/yapbenzet/Desktop/Jean/cnn_food_classification/data/val/Mısır Ekmeği/nyt-up-106793_recipe-2023-12-29-14-52-15-320x427.jpg,Mısır Ekmeği,Mısır Ekmeği
/home/yapbenzet/Desktop/Jean/cnn_food_classification/data/val/Mısır Ekmeği/nyt-up-106793_recipe-2024-10-20-18-28-50-320x241.jpg,Mısır Ekmeği,Mısır Ekmeği
/home/yapbenzet/Desktop/Jean/cnn_food_classification/data/val/Mısır Ekmeği/nyt-up-106793_recipe-2024-12-09-20-31-20-320x427.jpg,Mısır Ekmeği,Mısır Ekmeği
/home/yapbenzet/Desktop/Jean/cnn_food_classification/data/val/Mısır Ekmeği/nyt-up-1327555_recipe-2019-11-14-23-13-58-320x427.jpg,Mısır Ekmeği,Mısır Ekmeği
/home/yapbenzet/Desktop/Jean/cnn_food_classification/data/val/Mısır Ekmeği/nyt-up-2311623_404604a509686d76888550004-320x569.jpg,Mısır Ekmeği,Mısır Ekmeği
/home/yapbenzet/Desktop/Jean/cnn_food_classification/data/val/Mısır Ekmeği/nyt-up-2311623_8565fca662d7ace2893917296-320x427.jpg,Mısır Ekmeği,Mısır Ekmeği
/home/yapbenzet/Desktop/Jean/cnn_food_classification/data/val/Mısır Ekmeği/nyt-up-2311623_attachment-320x427_12.jpg,Mısır Ekmeği,Kadayıf
/home/yapbenzet/Desktop/Jean/cnn_food_classification/data/val/Mısır Ekmeği/nyt-up-2311623_attachment-320x427_7.jpg,Mısır Ekmeği,Mısır Ekmeği
/home/yapbenzet/Desktop/Jean/cnn_food_classification/data/val/Mısır Ekmeği/nyt-up-2311623_attachment-320x568.jpg,Mısır Ekmeği,Mısır Ekmeği
/home/yapbenzet/Desktop/Jean/cnn_food_classification/data/val/Mısır Ekmeği/nyt-up-2311623_recipe-2020-05-12-21-41-35-320x569.jpg,Mısır Ekmeği,Mısır Ekmeği
/home/yapbenzet/Desktop/Jean/cnn_food_classification/data/val/Mısır Ekmeği/nyt-up-2311623_recipe-2020-05-21-14-35-49-320x640.jpg,Mısır Ekmeği,Mısır Ekmeği
/home/yapbenzet/Desktop/Jean/cnn_food_classification/data/val/Mısır Ekmeği/nyt-up-2311623_recipe-2020-05-23-17-23-47-320x427.jpg,Mısır Ekmeği,Mısır Ekmeği
/home/yapbenzet/Desktop/Jean/cnn_food_classification/data/val/Mısır Ekmeği/nyt-up-2949104_recipe-2022-03-17-13-08-43-320x240.jpg,Mısır Ekmeği,Esmer Ekmek
/home/yapbenzet/Desktop/Jean/cnn_food_classification/data/val/Mısır Ekmeği/nyt-up-2949104_recipe-2022-04-22-15-48-52-320x240.jpg,Mısır Ekmeği,Mısır Ekmeği
/home/yapbenzet/Desktop/Jean/cnn_food_classification/data/val/Mısır Ekmeği/nyt-up-332086_attachment-320x427_2.jpg,Mısır Ekmeği,Mısır Ekmeği
/home/yapbenzet/Desktop/Jean/cnn_food_classification/data/val/Mısır Ekmeği/nyt-up-332086_recipe-2019-10-22-17-27-45-320x240.jpg,Mısır Ekmeği,Mısır Ekmeği
/home/yapbenzet/Desktop/Jean/cnn_food_classification/data/val/Mısır Ekmeği/nyt-up-332086_recipe-2023-05-10-17-24-39-320x156.jpg,Mısır Ekmeği,Mısır Ekmeği
/home/yapbenzet/Desktop/Jean/cnn_food_classification/data/val/Mısır Ekmeği/nyt-up-374669_attachment-320x427_3.jpg,Mısır Ekmeği,Mısır Ekmeği
/home/yapbenzet/Desktop/Jean/cnn_food_classification/data/val/Mısır Ekmeği/nyt-up-374669_attachment-320x568.jpg,Mısır Ekmeği,Mısır Ekmeği
/home/yapbenzet/Desktop/Jean/cnn_food_classification/data/val/Mısır Ekmeği/nyt-up-374669_attachment-e1623009479202-320x240.jpg,Mısır Ekmeği,Mısır Ekmeği
/home/yapbenzet/Desktop/Jean/cnn_food_classification/data/val/Mısır Ekmeği/nyt-up-374669_recipe-2020-04-25-16-25-41-303x640.jpg,Mısır Ekmeği,Mısır Ekmeği
/home/yapbenzet/Desktop/Jean/cnn_food_classification/data/val/Mısır Ekmeği/nyt-up-374669_recipe-2022-08-08-19-56-13-320x568.jpg,Mısır Ekmeği,Mısır Ekmeği
/home/yapbenzet/Desktop/Jean/cnn_food_classification/data/val/Mısır Ekmeği/nyt-up-5189884_recipe-2020-09-23-20-46-15-320x427.jpg,Mısır Ekmeği,Mısır Ekmeği
/home/yapbenzet/Desktop/Jean/cnn_food_classification/data/val/Mısır Ekmeği/nyt-up-9581111_attachment-320x569.jpg,Mısır Ekmeği,Mısır Ekmeği
/home/yapbenzet/Desktop/Jean/cnn_food_classification/data/val/Mısır Ekmeği/nyt-up-9581111_recipe-2021-12-03-13-48-29-320x180.jpg,Mısır Ekmeği,Mısır Ekmeği
/home/yapbenzet/Desktop/Jean/cnn_food_classification/data/val/Mısır Ekmeği/nyt-up-9581111_recipe-2022-01-28-18-46-28-320x240.jpg,Mısır Ekmeği,Künefe
/home/yapbenzet/Desktop/Jean/cnn_food_classification/data/val/Mısır Ekmeği/nyt-up-9581111_recipe-2022-02-19-01-29-08-296x640.jpg,Mısır Ekmeği,Börek
/home/yapbenzet/Desktop/Jean/cnn_food_classification/data/val/Mısır Ekmeği/nyt-up-9581111_recipe-2023-02-08-14-02-47-320x240.jpg,Mısır Ekmeği,Esmer Ekmek
/home/yapbenzet/Desktop/Jean/cnn_food_classification/data/val/Mısır Ekmeği/nyt-up-9581111_recipe-2023-07-25-09-39-04-320x320.jpg,Mısır Ekmeği,Esmer Ekmek
/home/yapbenzet/Desktop/Jean/cnn_food_classification/data/val/Mısır Ekmeği/nyt-up-9581111_recipe-2023-08-15-16-48-39-320x180.jpg,Mısır Ekmeği,Mısır Ekmeği
/home/yapbenzet/Desktop/Jean/cnn_food_classification/data/val/Mısır Ekmeği/nyt_up_106793_58a31c463709b-e1487085228278-320x180.jpg,Mısır Ekmeği,Esmer Ekmek
/home/yapbenzet/Desktop/Jean/cnn_food_classification/data/val/Mısır Ekmeği/nyt_up_106793_58faed3c53a79-320x457.jpg,Mısır Ekmeği,Mısır Ekmeği
/home/yapbenzet/Desktop/Jean/cnn_food_classification/data/val/Mısır Ekmeği/nyt_up_106793_recipe-2019-03-27-18-37-37-e1553702246176-311x640.jpg,Mısır Ekmeği,Pide
/home/yapbenzet/Desktop/Jean/cnn_food_classification/data/val/Mısır Ekmeği/nyt_up_2311623_attachment-320x427_1.jpg,Mısır Ekmeği,Mısır Ekmeği
/home/yapbenzet/Desktop/Jean/cnn_food_classification/data/val/Mısır Ekmeği/nyt_up_2311623_recipe-2016-09-24-01-45-38-320x568.jpg,Mısır Ekmeği,Mısır Ekmeği
/home/yapbenzet/Desktop/Jean/cnn_food_classification/data/val/Mısır Ekmeği/nyt_up_2311623_recipe-2017-04-20-22-11-36-320x569.jpg,Mısır Ekmeği,Mısır Ekmeği
/home/yapbenzet/Desktop/Jean/cnn_food_classification/data/val/Mısır Ekmeği/nyt_up_2311623_recipe-2017-05-22-23-16-15-320x320.jpg,Mısır Ekmeği,Mısır Ekmeği
/home/yapbenzet/Desktop/Jean/cnn_food_classification/data/val/Mısır Ekmeği/nyt_up_2311623_recipe-2018-12-22-22-33-59-320x180.jpg,Mısır Ekmeği,Mısır Ekmeği
/home/yapbenzet/Desktop/Jean/cnn_food_classification/data/val/Mısır Ekmeği/nyt_up_2311623_recipe-2019-03-05-17-43-16-320x569.jpg,Mısır Ekmeği,Mısır Ekmeği
/home/yapbenzet/Desktop/Jean/cnn_food_classification/data/val/Mısır Ekmeği/nyt_up_2311623_recipe-2019-03-26-00-36-37-320x427.jpg,Mısır Ekmeği,Mısır Ekmeği
/home/yapbenzet/Desktop/Jean/cnn_food_classification/data/val/Mısır Ekmeği/nyt_up_332086_581f381039e3b-320x180.jpg,Mısır Ekmeği,Mısır Ekmeği
/home/yapbenzet/Desktop/Jean/cnn_food_classification/data/val/Mısır Ekmeği/nyt_up_397080_recipe-2016-01-17-13-14-22-320x180.jpg,Mısır Ekmeği,Mısır Ekmeği
/home/yapbenzet/Desktop/Jean/cnn_food_classification/data/val/Mısır Ekmeği/pasta-gibi-misir-ekmegi-hemsin-320x213.jpg,Mısır Ekmeği,Mısır Ekmeği
/home/yapbenzet/Desktop/Jean/cnn_food_classification/data/val/Nohut/istockphoto-1047627320-1024x1024.jpg,Nohut,Nohut
/home/yapbenzet/Desktop/Jean/cnn_food_classification/data/val/Nohut/istockphoto-1053418062-1024x1024.jpg,Nohut,Kuru Fasulye
/home/yapbenzet/Desktop/Jean/cnn_food_classification/data/val/Nohut/istockphoto-1129362247-1024x1024.jpg,Nohut,Nohut
/home/yapbenzet/Desktop/Jean/cnn_food_classification/data/val/Nohut/istockphoto-1163877840-1024x1024.jpg,Nohut,Nohut
/home/yapbenzet/Desktop/Jean/cnn_food_classification/data/val/Nohut/istockphoto-1256505170-1024x1024.jpg,Nohut,Nohut
/home/yapbenzet/Desktop/Jean/cnn_food_classification/data/val/Nohut/istockphoto-1263761614-1024x1024.jpg,Nohut,Nohut
/home/yapbenzet/Desktop/Jean/cnn_food_classification/data/val/Nohut/istockphoto-1283706090-1024x1024.jpg,Nohut,Nohut
/home/yapbenzet/Desktop/Jean/cnn_food_classification/data/val/Nohut/istockphoto-1290341071-1024x1024.jpg,Nohut,Nohut
/home/yapbenzet/Desktop/Jean/cnn_food_classification/data/val/Nohut/istockphoto-1307344840-1024x1024.jpg,Nohut,Nohut
/home/yapbenzet/Desktop/Jean/cnn_food_classification/data/val/Nohut/istockphoto-1358614312-1024x1024.jpg,Nohut,Nohut
/home/yapbenzet/Desktop/Jean/cnn_food_classification/data/val/Nohut/istockphoto-1407085984-1024x1024.jpg,Nohut,Nohut
/home/yapbenzet/Desktop/Jean/cnn_food_classification/data/val/Nohut/istockphoto-1432342348-1024x1024.jpg,Nohut,Nohut
/home/yapbenzet/Desktop/Jean/cnn_food_classification/data/val/Nohut/istockphoto-1463106817-1024x1024.jpg,Nohut,Nohut
/home/yapbenzet/Desktop/Jean/cnn_food_classification/data/val/Nohut/istockphoto-1497864480-1024x1024.jpg,Nohut,Kuru Fasulye
/home/yapbenzet/Desktop/Jean/cnn_food_classification/data/val/Nohut/istockphoto-2168366626-1024x1024.jpg,Nohut,Menemen
/home/yapbenzet/Desktop/Jean/cnn_food_classification/data/val/Nohut/istockphoto-614225842-1024x1024.jpg,Nohut,Nohut
/home/yapbenzet/Desktop/Jean/cnn_food_classification/data/val/Nohut/istockphoto-640320904-1024x1024.jpg,Nohut,Nohut
/home/yapbenzet/Desktop/Jean/cnn_food_classification/data/val/Nohut/istockphoto-871330966-1024x1024.jpg,Nohut,Nohut
/home/yapbenzet/Desktop/Jean/cnn_food_classification/data/val/Nohut/istockphoto-946913478-1024x1024.jpg,Nohut,Nohut
/home/yapbenzet/Desktop/Jean/cnn_food_classification/data/val/Nohut/istockphoto-973104020-1024x1024.jpg,Nohut,Nohut
/home/yapbenzet/Desktop/Jean/cnn_food_classification/data/val/Nohut/istockphoto-979793114-1024x1024.jpg,Nohut,Tavuk Döner
/home/yapbenzet/Desktop/Jean/cnn_food_classification/data/val/Nohut/nohut-yemegi-tarifi-videolu-2-320x213.jpg,Nohut,Kuru Fasulye
/home/yapbenzet/Desktop/Jean/cnn_food_classification/data/val/Nohut/nyt-up-138903_recipe-2019-12-14-17-28-40-320x569.jpg,Nohut,Nohut
/home/yapbenzet/Desktop/Jean/cnn_food_classification/data/val/Nohut/nyt-up-1902062_recipe-2020-04-22-19-06-52-320x427.jpg,Nohut,Nohut
/home/yapbenzet/Desktop/Jean/cnn_food_classification/data/val/Nohut/nyt-up-248941_66866d0af292b27f943774673-320x427.jpg,Nohut,Nohut
/home/yapbenzet/Desktop/Jean/cnn_food_classification/data/val/Nohut/nyt-up-248941_attachment-320x427_1.jpg,Nohut,Nohut
/home/yapbenzet/Desktop/Jean/cnn_food_classification/data/val/Nohut/nyt-up-248941_recipe-2024-01-22-19-28-56-320x427.jpg,Nohut,Nohut
/home/yapbenzet/Desktop/Jean/cnn_food_classification/data/val/Nohut/nyt-up-2653107_recipe-2019-04-10-12-59-03-320x427.jpg,Nohut,Nohut
/home/yapbenzet/Desktop/Jean/cnn_food_classification/data/val/Nohut/nyt-up-2653107_recipe-2019-05-30-17-30-26-320x640.jpg,Nohut,Kuru Fasulye
/home/yapbenzet/Desktop/Jean/cnn_food_classification/data/val/Nohut/nyt-up-2653107_recipe-2019-10-26-19-52-39-320x427.jpg,Nohut,Kuru Fasulye
/home/yapbenzet/Desktop/Jean/cnn_food_classification/data/val/Nohut/nyt-up-2653107_recipe-2020-03-09-14-45-46-311x640.jpg,Nohut,Kuru Fasulye
/home/yapbenzet/Desktop/Jean/cnn_food_classification/data/val/Nohut/nyt-up-2653107_recipe-2020-03-09-19-52-29-311x640.jpg,Nohut,Ezogelin Çorbası
/home/yapbenzet/Desktop/Jean/cnn_food_classification/data/val/Nohut/nyt-up-2653107_recipe-2020-03-09-20-20-58-311x640.jpg,Nohut,Kuru Fasulye
/home/yapbenzet/Desktop/Jean/cnn_food_classification/data/val/Nohut/nyt-up-2653107_recipe-2020-10-03-20-35-38-311x640.jpg,Nohut,Ezogelin Çorbası
/home/yapbenzet/Desktop/Jean/cnn_food_classification/data/val/Nohut/nyt-up-2653107_recipe-2021-09-18-15-16-04-320x569.jpg,Nohut,Kuru Fasulye
/home/yapbenzet/Desktop/Jean/cnn_food_classification/data/val/Nohut/nyt-up-2653107_recipe-2022-04-12-14-13-44-320x569.jpg,Nohut,Kuru Fasulye
/home/yapbenzet/Desktop/Jean/cnn_food_classification/data/val/Nohut/nyt-up-2653107_recipe-2023-12-14-17-23-24-320x569.jpg,Nohut,Nohut
/home/yapbenzet/Desktop/Jean/cnn_food_classification/data/val/Nohut/nyt-up-903_attachment-320x427_1.jpg,Nohut,Nohut
/home/yapbenzet/Desktop/Jean/cnn_food_classification/data/val/Nohut/nyt-up-903_attachment-320x452.jpg,Nohut,Nohut
/home/yapbenzet/Desktop/Jean/cnn_food_classification/data/val/Nohut/nyt-up-903_recipe-2021-02-16-19-10-21-320x240.jpg,Nohut,Kuru Fasulye
/home/yapbenzet/Desktop/Jean/cnn_food_classification/data/val/Nohut/nyt-up-903_recipe-2024-11-21-22-25-11-320x427.jpg,Nohut,Nohut
/home/yapbenzet/Desktop/Jean/cnn_food_classification/data/val/Nohut/nyt_up_138903_recipe-2015-11-28-15-55-03-320x427.jpg,Nohut,Kuru Fasulye
/home/yapbenzet/Desktop/Jean/cnn_food_classification/data/val/Nohut/nyt_up_138903_recipe-2015-12-10-15-47-52-320x180.jpg,Nohut,Nohut
/home/yapbenzet/Desktop/Jean/cnn_food_classification/data/val/Nohut/nyt_up_138903_recipe-2016-01-20-17-15-30-320x240.jpg,Nohut,Nohut
/home/yapbenzet/Desktop/Jean/cnn_food_classification/data/val/Nohut/nyt_up_138903_recipe-2016-01-30-12-20-32-320x569.jpg,Nohut,Kuru Fasulye
/home/yapbenzet/Desktop/Jean/cnn_food_classification/data/val/Nohut/nyt_up_138903_recipe-2016-04-04-18-57-49-320x427.jpg,Nohut,Nohut
/home/yapbenzet/Desktop/Jean/cnn_food_classification/data/val/Nohut/nyt_up_138903_recipe-2017-02-16-00-35-41-320x533.jpg,Nohut,Nohut
/home/yapbenzet/Desktop/Jean/cnn_food_classification/data/val/Nohut/nyt_up_1902062_attachment-1-320x427.jpg,Nohut,Nohut
/home/yapbenzet/Desktop/Jean/cnn_food_classification/data/val/Nohut/nyt_up_1902062_recipe-2016-10-17-12-03-27-320x214.jpg,Nohut,Nohut
/home/yapbenzet/Desktop/Jean/cnn_food_classification/data/val/Nohut/nyt_up_1902062_recipe-2018-02-14-15-18-29-320x427.jpg,Nohut,Nohut
/home/yapbenzet/Desktop/Jean/cnn_food_classification/data/val/Nohut/nyt_up_1902062_recipe-2018-03-28-17-02-09-320x320.jpg,Nohut,Nohut
/home/yapbenzet/Desktop/Jean/cnn_food_classification/data/val/Nohut/nyt_up_2653107_attachment-320x427_2.jpg,Nohut,Nohut
/home/yapbenzet/Desktop/Jean/cnn_food_classification/data/val/Nohut/nyt_up_2653107_recipe-2018-04-01-12-24-56-320x240.jpg,Nohut,Nohut
/home/yapbenzet/Desktop/Jean/cnn_food_classification/data/val/Nohut/nyt_up_35793_attachment-320x427.jpg,Nohut,Nohut
/home/yapbenzet/Desktop/Jean/cnn_food_classification/data/val/Nohut/nyt_up_35793_recipe-2015-07-02-19-27-22-320x568.jpg,Nohut,Nohut
/home/yapbenzet/Desktop/Jean/cnn_food_classification/data/val/Nohut/nyt_up_35793_recipe-2016-08-11-18-37-52-320x533.jpg,Nohut,Nohut
/home/yapbenzet/Desktop/Jean/cnn_food_classification/data/val/Nohut/nyt_up_903_591efddf46040-e1495203356476-320x427.jpg,Nohut,Nohut
/home/yapbenzet/Desktop/Jean/cnn_food_classification/data/val/Nohut/nyt_up_903_PICT0131-320x240.jpg,Nohut,Nohut
/home/yapbenzet/Desktop/Jean/cnn_food_classification/data/val/Nohut/nyt_up_903_recipe-2016-04-30-02-01-36-320x569.jpg,Nohut,Nohut
/home/yapbenzet/Desktop/Jean/cnn_food_classification/data/val/Nohut/nyt_up_903_recipe-2016-05-26-19-32-22-320x206.jpg,Nohut,Nohut
/home/yapbenzet/Desktop/Jean/cnn_food_classification/data/val/Pastane Poğaçası/nyt-up-265640_4365eb69cf083386048962917-320x427.jpg,Pastane Poğaçası,Börek
/home/yapbenzet/Desktop/Jean/cnn_food_classification/data/val/Pastane Poğaçası/nyt-up-265640_6145ec816c538d27393764031-320x427.jpg,Pastane Poğaçası,Pastane Poğaçası
/home/yapbenzet/Desktop/Jean/cnn_food_classification/data/val/Pastane Poğaçası/nyt-up-265640_attachment-1-320x427_4.jpg,Pastane Poğaçası,Pastane Poğaçası
/home/yapbenzet/Desktop/Jean/cnn_food_classification/data/val/Pastane Poğaçası/nyt-up-265640_attachment-1-320x427_5.jpg,Pastane Poğaçası,Börek
/home/yapbenzet/Desktop/Jean/cnn_food_classification/data/val/Pastane Poğaçası/nyt-up-265640_attachment-1-320x427_7.jpg,Pastane Poğaçası,Pastane Poğaçası
/home/yapbenzet/Desktop/Jean/cnn_food_classification/data/val/Pastane Poğaçası/nyt-up-265640_attachment-1-320x427_8.jpg,Pastane Poğaçası,Pastane Poğaçası
/home/yapbenzet/Desktop/Jean/cnn_food_classification/data/val/Pastane Poğaçası/nyt-up-265640_attachment-320x240_2.jpg,Pastane Poğaçası,Pastane Poğaçası
/home/yapbenzet/Desktop/Jean/cnn_food_classification/data/val/Pastane Poğaçası/nyt-up-265640_attachment-320x321.jpg,Pastane Poğaçası,Pastane Poğaçası
/home/yapbenzet/Desktop/Jean/cnn_food_classification/data/val/Pastane Poğaçası/nyt-up-265640_attachment-320x406.jpg,Pastane Poğaçası,Pastane Poğaçası
/home/yapbenzet/Desktop/Jean/cnn_food_classification/data/val/Pastane Poğaçası/nyt-up-265640_attachment-320x427_21.jpg,Pastane Poğaçası,Pastane Poğaçası
/home/yapbenzet/Desktop/Jean/cnn_food_classification/data/val/Pastane Poğaçası/nyt-up-265640_attachment-320x427_28.jpg,Pastane Poğaçası,Pastane Poğaçası
/home/yapbenzet/Desktop/Jean/cnn_food_classification/data/val/Pastane Poğaçası/nyt-up-265640_attachment-320x427_33.jpg,Pastane Poğaçası,Pastane Poğaçası
/home/yapbenzet/Desktop/Jean/cnn_food_classification/data/val/Pastane Poğaçası/nyt-up-265640_attachment-320x427_39.jpg,Pastane Poğaçası,Pastane Poğaçası
/home/yapbenzet/Desktop/Jean/cnn_food_classification/data/val/Pastane Poğaçası/nyt-up-265640_attachment-320x427_8.jpg,Pastane Poğaçası,Pastane Poğaçası
/home/yapbenzet/Desktop/Jean/cnn_food_classification/data/val/Pastane Poğaçası/nyt-up-265640_recipe-2019-05-13-15-12-27-320x427.jpg,Pastane Poğaçası,Pastane Poğaçası
/home/yapbenzet/Desktop/Jean/cnn_food_classification/data/val/Pastane Poğaçası/nyt-up-265640_recipe-2019-05-15-22-59-13-320x180.jpg,Pastane Poğaçası,Pastane Poğaçası
/home/yapbenzet/Desktop/Jean/cnn_food_classification/data/val/Pastane Poğaçası/nyt-up-265640_recipe-2019-10-12-18-16-04-320x427.jpg,Pastane Poğaçası,Pastane Poğaçası
/home/yapbenzet/Desktop/Jean/cnn_food_classification/data/val/Pastane Poğaçası/nyt-up-265640_recipe-2020-02-14-02-41-33-320x569.jpg,Pastane Poğaçası,Pastane Poğaçası
/home/yapbenzet/Desktop/Jean/cnn_food_classification/data/val/Pastane Poğaçası/nyt-up-265640_recipe-2020-03-04-20-09-04-e1583344516904-320x292.jpg,Pastane Poğaçası,Pastane Poğaçası
/home/yapbenzet/Desktop/Jean/cnn_food_classification/data/val/Pastane Poğaçası/nyt-up-265640_recipe-2020-03-23-19-36-10-e1584982008101-320x159.jpg,Pastane Poğaçası,Pastane Poğaçası
/home/yapbenzet/Desktop/Jean/cnn_food_classification/data/val/Pastane Poğaçası/nyt-up-265640_recipe-2020-03-27-11-20-27-320x569.jpg,Pastane Poğaçası,Pastane Poğaçası
/home/yapbenzet/Desktop/Jean/cnn_food_classification/data/val/Pastane Poğaçası/nyt-up-265640_recipe-2020-04-03-12-53-26-320x240.jpg,Pastane Poğaçası,Pastane Poğaçası
/home/yapbenzet/Desktop/Jean/cnn_food_classification/data/val/Pastane Poğaçası/nyt-up-265640_recipe-2020-04-06-16-38-34-320x152.jpg,Pastane Poğaçası,Pastane Poğaçası
/home/yapbenzet/Desktop/Jean/cnn_food_classification/data/val/Pastane Poğaçası/nyt-up-265640_recipe-2020-04-06-19-21-17-320x568.jpg,Pastane Poğaçası,Pastane Poğaçası
/home/yapbenzet/Desktop/Jean/cnn_food_classification/data/val/Pastane Poğaçası/nyt-up-265640_recipe-2020-04-13-13-12-36-320x427.jpg,Pastane Poğaçası,Pastane Poğaçası
/home/yapbenzet/Desktop/Jean/cnn_food_classification/data/val/Pastane Poğaçası/nyt-up-265640_recipe-2020-04-27-22-30-45-320x240.jpg,Pastane Poğaçası,Pastane Poğaçası
/home/yapbenzet/Desktop/Jean/cnn_food_classification/data/val/Pastane Poğaçası/nyt-up-265640_recipe-2020-05-02-03-15-18-320x180.jpg,Pastane Poğaçası,Pastane Poğaçası
/home/yapbenzet/Desktop/Jean/cnn_food_classification/data/val/Pastane Poğaçası/nyt-up-265640_recipe-2020-05-03-22-21-38-320x569.jpg,Pastane Poğaçası,Şekerpare
/home/yapbenzet/Desktop/Jean/cnn_food_classification/data/val/Pastane Poğaçası/nyt-up-265640_recipe-2020-05-18-00-54-14-320x426.jpg,Pastane Poğaçası,Pastane Poğaçası
/home/yapbenzet/Desktop/Jean/cnn_food_classification/data/val/Pastane Poğaçası/nyt-up-265640_recipe-2020-05-24-22-00-09-320x240.jpg,Pastane Poğaçası,Pastane Poğaçası
/home/yapbenzet/Desktop/Jean/cnn_food_classification/data/val/Pastane Poğaçası/nyt-up-265640_recipe-2020-05-25-20-36-00-320x614.jpg,Pastane Poğaçası,Pastane Poğaçası
/home/yapbenzet/Desktop/Jean/cnn_food_classification/data/val/Pastane Poğaçası/nyt-up-265640_recipe-2020-06-28-18-16-50-320x427.jpg,Pastane Poğaçası,Pastane Poğaçası
/home/yapbenzet/Desktop/Jean/cnn_food_classification/data/val/Pastane Poğaçası/nyt-up-265640_recipe-2020-07-01-19-57-50-320x427.jpg,Pastane Poğaçası,Pastane Poğaçası
/home/yapbenzet/Desktop/Jean/cnn_food_classification/data/val/Pastane Poğaçası/nyt-up-265640_recipe-2020-08-05-13-16-17-e1596624078163-320x180.jpg,Pastane Poğaçası,Pastane Poğaçası
/home/yapbenzet/Desktop/Jean/cnn_food_classification/data/val/Pastane Poğaçası/nyt-up-265640_recipe-2020-08-27-21-19-39-320x180.jpg,Pastane Poğaçası,Pastane Poğaçası
/home/yapbenzet/Desktop/Jean/cnn_food_classification/data/val/Pastane Poğaçası/nyt-up-265640_recipe-2020-09-06-09-42-05-320x427.jpg,Pastane Poğaçası,Pastane Poğaçası
/home/yapbenzet/Desktop/Jean/cnn_food_classification/data/val/Pastane Poğaçası/nyt-up-265640_recipe-2020-10-28-17-02-34-320x568.jpg,Pastane Poğaçası,Pastane Poğaçası
/home/yapbenzet/Desktop/Jean/cnn_food_classification/data/val/Pastane Poğaçası/nyt-up-265640_recipe-2020-11-13-20-20-30-320x569.jpg,Pastane Poğaçası,Pastane Poğaçası
/home/yapbenzet/Desktop/Jean/cnn_food_classification/data/val/Pastane Poğaçası/nyt-up-265640_recipe-2020-12-07-17-07-43-320x569.jpg,Pastane Poğaçası,Pastane Poğaçası
/home/yapbenzet/Desktop/Jean/cnn_food_classification/data/val/Pastane Poğaçası/nyt-up-265640_recipe-2020-12-13-21-27-20-320x240.jpg,Pastane Poğaçası,Pastane Poğaçası
/home/yapbenzet/Desktop/Jean/cnn_food_classification/data/val/Pastane Poğaçası/nyt-up-265640_recipe-2021-01-04-12-40-34-320x427.jpg,Pastane Poğaçası,Pastane Poğaçası
/home/yapbenzet/Desktop/Jean/cnn_food_classification/data/val/Pastane Poğaçası/nyt-up-265640_recipe-2021-01-20-12-04-20-320x427.jpg,Pastane Poğaçası,Pastane Poğaçası
/home/yapbenzet/Desktop/Jean/cnn_food_classification/data/val/Pastane Poğaçası/nyt-up-265640_recipe-2021-01-28-08-45-08-320x144.jpg,Pastane Poğaçası,Pastane Poğaçası
/home/yapbenzet/Desktop/Jean/cnn_food_classification/data/val/Pastane Poğaçası/nyt-up-265640_recipe-2021-01-28-16-43-37-320x427.jpg,Pastane Poğaçası,Pastane Poğaçası
/home/yapbenzet/Desktop/Jean/cnn_food_classification/data/val/Pastane Poğaçası/nyt-up-265640_recipe-2021-02-04-21-05-48-320x240.jpg,Pastane Poğaçası,Pastane Poğaçası
/home/yapbenzet/Desktop/Jean/cnn_food_classification/data/val/Pastane Poğaçası/nyt-up-265640_recipe-2021-03-17-18-34-43-320x427.jpg,Pastane Poğaçası,Pastane Poğaçası
/home/yapbenzet/Desktop/Jean/cnn_food_classification/data/val/Pastane Poğaçası/nyt-up-265640_recipe-2021-05-01-03-20-13-320x144.jpg,Pastane Poğaçası,Pastane Poğaçası
/home/yapbenzet/Desktop/Jean/cnn_food_classification/data/val/Pastane Poğaçası/nyt-up-265640_recipe-2021-05-08-14-25-22-320x240.jpg,Pastane Poğaçası,Şekerpare
/home/yapbenzet/Desktop/Jean/cnn_food_classification/data/val/Pastane Poğaçası/nyt-up-265640_recipe-2021-06-07-17-06-28-320x240.jpg,Pastane Poğaçası,Pastane Poğaçası
/home/yapbenzet/Desktop/Jean/cnn_food_classification/data/val/Pastane Poğaçası/nyt-up-265640_recipe-2021-06-14-14-31-04-320x427.jpg,Pastane Poğaçası,Pastane Poğaçası
/home/yapbenzet/Desktop/Jean/cnn_food_classification/data/val/Pastane Poğaçası/nyt-up-265640_recipe-2021-08-06-17-41-32-320x240.jpg,Pastane Poğaçası,Pastane Poğaçası
/home/yapbenzet/Desktop/Jean/cnn_food_classification/data/val/Pastane Poğaçası/nyt-up-265640_recipe-2021-11-29-15-31-58-320x569.jpg,Pastane Poğaçası,Pastane Poğaçası
/home/yapbenzet/Desktop/Jean/cnn_food_classification/data/val/Pastane Poğaçası/nyt-up-265640_recipe-2022-01-07-13-46-45-320x427.jpg,Pastane Poğaçası,Pastane Poğaçası
/home/yapbenzet/Desktop/Jean/cnn_food_classification/data/val/Pastane Poğaçası/nyt-up-265640_recipe-2022-03-12-18-07-28-320x240.jpg,Pastane Poğaçası,Pastane Poğaçası
/home/yapbenzet/Desktop/Jean/cnn_food_classification/data/val/Pastane Poğaçası/nyt-up-265640_recipe-2022-03-19-22-18-48-320x362.jpg,Pastane Poğaçası,Pastane Poğaçası
/home/yapbenzet/Desktop/Jean/cnn_food_classification/data/val/Pastane Poğaçası/nyt-up-265640_recipe-2022-06-20-17-14-12-320x427.jpg,Pastane Poğaçası,Pastane Poğaçası
/home/yapbenzet/Desktop/Jean/cnn_food_classification/data/val/Pastane Poğaçası/nyt-up-265640_recipe-2022-09-19-17-30-04-e1663598070798-320x240.jpg,Pastane Poğaçası,Pastane Poğaçası
/home/yapbenzet/Desktop/Jean/cnn_food_classification/data/val/Pastane Poğaçası/nyt-up-265640_recipe-2022-10-03-10-46-27-320x569.jpg,Pastane Poğaçası,Pastane Poğaçası
/home/yapbenzet/Desktop/Jean/cnn_food_classification/data/val/Pastane Poğaçası/nyt-up-265640_recipe-2023-03-18-19-15-29-320x569.jpg,Pastane Poğaçası,Pastane Poğaçası
/home/yapbenzet/Desktop/Jean/cnn_food_classification/data/val/Pastane Poğaçası/nyt-up-265640_recipe-2023-07-06-18-13-52-320x240.jpg,Pastane Poğaçası,Pastane Poğaçası
/home/yapbenzet/Desktop/Jean/cnn_food_classification/data/val/Pastane Poğaçası/nyt-up-265640_recipe-2023-11-05-21-27-42-320x569.jpg,Pastane Poğaçası,Pastane Poğaçası
/home/yapbenzet/Desktop/Jean/cnn_food_classification/data/val/Pastane Poğaçası/nyt-up-265640_recipe-2024-01-19-15-17-18-320x569.jpg,Pastane Poğaçası,Beyaz Ekmek
/home/yapbenzet/Desktop/Jean/cnn_food_classification/data/val/Pastane Poğaçası/nyt-up-265640_recipe-2024-03-13-05-16-13-320x427.jpg,Pastane Poğaçası,Pastane Poğaçası
/home/yapbenzet/Desktop/Jean/cnn_food_classification/data/val/Pastane Poğaçası/nyt-up-265640_recipe-2024-11-14-20-48-33-320x427.jpg,Pastane Poğaçası,Pastane Poğaçası
/home/yapbenzet/Desktop/Jean/cnn_food_classification/data/val/Pastane Poğaçası/nyt-up-265640_recipe-2024-11-19-16-48-05-320x342.jpg,Pastane Poğaçası,Pastane Poğaçası
/home/yapbenzet/Desktop/Jean/cnn_food_classification/data/val/Pastane Poğaçası/nyt-up-265640_recipe-2024-11-26-00-00-12-320x427.jpg,Pastane Poğaçası,Pastane Poğaçası
/home/yapbenzet/Desktop/Jean/cnn_food_classification/data/val/Pastane Poğaçası/nyt-up-265640_recipe-2024-11-29-10-18-49-320x427.jpg,Pastane Poğaçası,Pastane Poğaçası
/home/yapbenzet/Desktop/Jean/cnn_food_classification/data/val/Pastane Poğaçası/nyt_up_265640_recipe-2016-10-05-00-16-45-320x180.jpg,Pastane Poğaçası,Pastane Poğaçası
/home/yapbenzet/Desktop/Jean/cnn_food_classification/data/val/Pastane Poğaçası/nyt_up_265640_recipe-2016-10-25-19-48-48-320x181.jpg,Pastane Poğaçası,Pastane Poğaçası
/home/yapbenzet/Desktop/Jean/cnn_food_classification/data/val/Pastane Poğaçası/nyt_up_265640_recipe-2016-11-01-02-17-03-320x568.jpg,Pastane Poğaçası,Pastane Poğaçası
/home/yapbenzet/Desktop/Jean/cnn_food_classification/data/val/Pastane Poğaçası/nyt_up_265640_recipe-2016-11-13-22-43-54-320x322.jpg,Pastane Poğaçası,Pastane Poğaçası
/home/yapbenzet/Desktop/Jean/cnn_food_classification/data/val/Pastane Poğaçası/nyt_up_265640_recipe-2016-12-18-19-43-37-320x427.jpg,Pastane Poğaçası,Pastane Poğaçası
/home/yapbenzet/Desktop/Jean/cnn_food_classification/data/val/Pastane Poğaçası/nyt_up_265640_recipe-2017-01-10-18-02-54-320x569.jpg,Pastane Poğaçası,Pastane Poğaçası
/home/yapbenzet/Desktop/Jean/cnn_food_classification/data/val/Pastane Poğaçası/nyt_up_265640_recipe-2017-01-11-16-36-20-320x180.jpg,Pastane Poğaçası,Pastane Poğaçası
/home/yapbenzet/Desktop/Jean/cnn_food_classification/data/val/Pastane Poğaçası/nyt_up_265640_recipe-2017-01-14-11-11-17-320x569.jpg,Pastane Poğaçası,Pastane Poğaçası
/home/yapbenzet/Desktop/Jean/cnn_food_classification/data/val/Pastane Poğaçası/nyt_up_265640_recipe-2017-02-09-19-44-38-320x180.jpg,Pastane Poğaçası,Pastane Poğaçası
/home/yapbenzet/Desktop/Jean/cnn_food_classification/data/val/Pastane Poğaçası/nyt_up_265640_recipe-2017-03-27-22-03-38-320x569.jpg,Pastane Poğaçası,Pastane Poğaçası
/home/yapbenzet/Desktop/Jean/cnn_food_classification/data/val/Pastane Poğaçası/nyt_up_265640_recipe-2017-03-30-00-23-20-320x180.jpg,Pastane Poğaçası,Pastane Poğaçası
/home/yapbenzet/Desktop/Jean/cnn_food_classification/data/val/Pastane Poğaçası/nyt_up_265640_recipe-2017-04-24-19-51-50-320x427.jpg,Pastane Poğaçası,Pastane Poğaçası
/home/yapbenzet/Desktop/Jean/cnn_food_classification/data/val/Pastane Poğaçası/nyt_up_265640_recipe-2017-05-01-16-30-28-320x180.jpg,Pastane Poğaçası,Pide
/home/yapbenzet/Desktop/Jean/cnn_food_classification/data/val/Pastane Poğaçası/nyt_up_265640_recipe-2017-06-07-09-05-38-320x337.jpg,Pastane Poğaçası,Pastane Poğaçası
/home/yapbenzet/Desktop/Jean/cnn_food_classification/data/val/Pastane Poğaçası/nyt_up_265640_recipe-2017-08-16-21-12-12-e1502907159387-320x192.jpg,Pastane Poğaçası,Pastane Poğaçası
/home/yapbenzet/Desktop/Jean/cnn_food_classification/data/val/Pastane Poğaçası/nyt_up_265640_recipe-2017-10-14-19-53-25-320x240.jpg,Pastane Poğaçası,Pastane Poğaçası
/home/yapbenzet/Desktop/Jean/cnn_food_classification/data/val/Pastane Poğaçası/nyt_up_265640_recipe-2017-10-21-00-29-13-320x427.jpg,Pastane Poğaçası,Pastane Poğaçası
/home/yapbenzet/Desktop/Jean/cnn_food_classification/data/val/Pastane Poğaçası/nyt_up_265640_recipe-2017-11-23-15-56-32-320x427.jpg,Pastane Poğaçası,Pastane Poğaçası
/home/yapbenzet/Desktop/Jean/cnn_food_classification/data/val/Pastane Poğaçası/nyt_up_265640_recipe-2017-12-02-02-33-24-320x180.jpg,Pastane Poğaçası,Pastane Poğaçası
/home/yapbenzet/Desktop/Jean/cnn_food_classification/data/val/Pastane Poğaçası/nyt_up_265640_recipe-2017-12-14-16-02-32-320x569.jpg,Pastane Poğaçası,Pastane Poğaçası
/home/yapbenzet/Desktop/Jean/cnn_food_classification/data/val/Pastane Poğaçası/nyt_up_265640_recipe-2017-12-14-17-57-24-320x569.jpg,Pastane Poğaçası,Pastane Poğaçası
/home/yapbenzet/Desktop/Jean/cnn_food_classification/data/val/Pastane Poğaçası/nyt_up_265640_recipe-2018-01-04-20-37-28-320x427.jpg,Pastane Poğaçası,Pastane Poğaçası
/home/yapbenzet/Desktop/Jean/cnn_food_classification/data/val/Pastane Poğaçası/nyt_up_265640_recipe-2018-02-21-23-41-35-320x569.jpg,Pastane Poğaçası,Pastane Poğaçası
/home/yapbenzet/Desktop/Jean/cnn_food_classification/data/val/Pastane Poğaçası/nyt_up_265640_recipe-2018-03-03-01-15-09-320x323.jpg,Pastane Poğaçası,Pastane Poğaçası
/home/yapbenzet/Desktop/Jean/cnn_food_classification/data/val/Pastane Poğaçası/nyt_up_265640_recipe-2018-03-11-08-55-40-320x569.jpg,Pastane Poğaçası,Pastane Poğaçası
/home/yapbenzet/Desktop/Jean/cnn_food_classification/data/val/Pastane Poğaçası/nyt_up_265640_recipe-2018-03-23-21-20-20-e1521830273935-320x180.jpg,Pastane Poğaçası,Pastane Poğaçası
/home/yapbenzet/Desktop/Jean/cnn_food_classification/data/val/Pastane Poğaçası/nyt_up_265640_recipe-2018-05-05-21-13-13-320x569.jpg,Pastane Poğaçası,Pastane Poğaçası
/home/yapbenzet/Desktop/Jean/cnn_food_classification/data/val/Pastane Poğaçası/nyt_up_265640_recipe-2018-05-23-19-23-30-320x427.jpg,Pastane Poğaçası,Beyaz Ekmek
/home/yapbenzet/Desktop/Jean/cnn_food_classification/data/val/Pastane Poğaçası/nyt_up_265640_recipe-2018-07-28-00-21-24-320x569.jpg,Pastane Poğaçası,Pastane Poğaçası
/home/yapbenzet/Desktop/Jean/cnn_food_classification/data/val/Pastane Poğaçası/nyt_up_265640_recipe-2018-09-18-13-17-47-320x568.jpg,Pastane Poğaçası,Şekerpare
/home/yapbenzet/Desktop/Jean/cnn_food_classification/data/val/Pastane Poğaçası/nyt_up_265640_recipe-2018-09-20-20-06-06-320x569.jpg,Pastane Poğaçası,Börek
/home/yapbenzet/Desktop/Jean/cnn_food_classification/data/val/Pastane Poğaçası/nyt_up_265640_recipe-2018-09-27-18-33-15-320x569.jpg,Pastane Poğaçası,Pastane Poğaçası
/home/yapbenzet/Desktop/Jean/cnn_food_classification/data/val/Pastane Poğaçası/nyt_up_265640_recipe-2018-11-02-18-06-11-320x322.jpg,Pastane Poğaçası,Pastane Poğaçası
/home/yapbenzet/Desktop/Jean/cnn_food_classification/data/val/Pastane Poğaçası/nyt_up_265640_recipe-2018-11-07-10-59-43-320x569.jpg,Pastane Poğaçası,Pastane Poğaçası
/home/yapbenzet/Desktop/Jean/cnn_food_classification/data/val/Pastane Poğaçası/nyt_up_265640_recipe-2019-01-01-17-53-43-320x180.jpg,Pastane Poğaçası,Pastane Poğaçası
/home/yapbenzet/Desktop/Jean/cnn_food_classification/data/val/Pastane Poğaçası/nyt_up_265640_recipe-2019-03-08-21-29-57-320x569.jpg,Pastane Poğaçası,Şekerpare
/home/yapbenzet/Desktop/Jean/cnn_food_classification/data/val/Patates Kızartması/000005.jpg,Patates Kızartması,Patates Kızartması
/home/yapbenzet/Desktop/Jean/cnn_food_classification/data/val/Patates Kızartması/000007.jpg,Patates Kızartması,Patates Kızartması
/home/yapbenzet/Desktop/Jean/cnn_food_classification/data/val/Patates Kızartması/000011.jpg,Patates Kızartması,Patates Kızartması
/home/yapbenzet/Desktop/Jean/cnn_food_classification/data/val/Patates Kızartması/000016.jpg,Patates Kızartması,Patates Kızartması
/home/yapbenzet/Desktop/Jean/cnn_food_classification/data/val/Patates Kızartması/000017.jpg,Patates Kızartması,Patates Kızartması
/home/yapbenzet/Desktop/Jean/cnn_food_classification/data/val/Patates Kızartması/000020.png,Patates Kızartması,Patates Kızartması
/home/yapbenzet/Desktop/Jean/cnn_food_classification/data/val/Patates Kızartması/000030.jpg,Patates Kızartması,Patates Kızartması
/home/yapbenzet/Desktop/Jean/cnn_food_classification/data/val/Patates Kızartması/000048.jpg,Patates Kızartması,Patates Kızartması
/home/yapbenzet/Desktop/Jean/cnn_food_classification/data/val/Patates Kızartması/000051.jpg,Patates Kızartması,Patates Kızartması
/home/yapbenzet/Desktop/Jean/cnn_food_classification/data/val/Patates Kızartması/000061.jpg,Patates Kızartması,Patates Kızartması
/home/yapbenzet/Desktop/Jean/cnn_food_classification/data/val/Patates Kızartması/nyt-up-1222767-img-20190908-113522-320x240.jpg,Patates Kızartması,Patates Kızartması
/home/yapbenzet/Desktop/Jean/cnn_food_classification/data/val/Patates Kızartması/nyt-up-1222767_attachment-320x427.jpg,Patates Kızartması,Patates Kızartması
/home/yapbenzet/Desktop/Jean/cnn_food_classification/data/val/Patates Kızartması/nyt-up-1222767_recipe-2022-06-29-10-26-30-320x568.jpg,Patates Kızartması,Patates Kızartması
/home/yapbenzet/Desktop/Jean/cnn_food_classification/data/val/Patates Kızartması/nyt-up-2038766_attachment-320x240.jpg,Patates Kızartması,Patates Kızartması
/home/yapbenzet/Desktop/Jean/cnn_food_classification/data/val/Patates Kızartması/nyt-up-2038766_recipe-2025-01-16-17-17-18-320x427.jpg,Patates Kızartması,Patates Kızartması
/home/yapbenzet/Desktop/Jean/cnn_food_classification/data/val/Patates Kızartması/nyt-up-5964187_recipe-2020-05-13-15-53-39-320x427.jpg,Patates Kızartması,Patates Kızartması
/home/yapbenzet/Desktop/Jean/cnn_food_classification/data/val/Patates Kızartması/nyt-up-5964187_recipe-2023-06-06-11-13-36-320x427.jpg,Patates Kızartması,Börek
/home/yapbenzet/Desktop/Jean/cnn_food_classification/data/val/Patates Kızartması/nyt-up-665498_attachment-320x344.jpg,Patates Kızartması,Patates Kızartması
/home/yapbenzet/Desktop/Jean/cnn_food_classification/data/val/Patates Kızartması/nyt-up-665498_attachment-320x427_3.jpg,Patates Kızartması,Patates Kızartması
/home/yapbenzet/Desktop/Jean/cnn_food_classification/data/val/Patates Kızartması/nyt-up-665498_attachment-320x427_7.jpg,Patates Kızartması,Patates Kızartması
/home/yapbenzet/Desktop/Jean/cnn_food_classification/data/val/Patates Kızartması/nyt-up-665498_recipe-2020-05-03-15-02-50-320x427.jpg,Patates Kızartması,Patates Kızartması
/home/yapbenzet/Desktop/Jean/cnn_food_classification/data/val/Patates Kızartması/nyt-up-665498_recipe-2020-12-04-11-30-28-320x568.jpg,Patates Kızartması,Patates Kızartması
/home/yapbenzet/Desktop/Jean/cnn_food_classification/data/val/Patates Kızartması/nyt-up-665498_recipe-2023-04-13-03-19-00-320x427.jpg,Patates Kızartması,Patates Kızartması
/home/yapbenzet/Desktop/Jean/cnn_food_classification/data/val/Patates Kızartması/nyt-up-665498_recipe-2023-07-28-14-05-40-320x240.jpg,Patates Kızartması,Patates Kızartması
/home/yapbenzet/Desktop/Jean/cnn_food_classification/data/val/Patates Kızartması/nyt-up-665498_recipe-2024-01-09-23-53-12-320x240.jpg,Patates Kızartması,Patates Kızartması
/home/yapbenzet/Desktop/Jean/cnn_food_classification/data/val/Patates Kızartması/nyt-up-665498_recipe-2024-10-06-15-31-29-320x569.jpg,Patates Kızartması,Patates Kızartması
/home/yapbenzet/Desktop/Jean/cnn_food_classification/data/val/Patates Kızartması/nyt-up-9534813_recipe-2021-06-26-20-37-50-320x187.jpg,Patates Kızartması,Patates Kızartması
/home/yapbenzet/Desktop/Jean/cnn_food_classification/data/val/Patates Kızartması/nyt-up-9534813_recipe-2022-03-06-14-21-01-320x427.jpg,Patates Kızartması,Patates Kızartması
/home/yapbenzet/Desktop/Jean/cnn_food_classification/data/val/Patates Kızartması/nyt_up_1222767_image-320x240.jpeg,Patates Kızartması,Patates Kızartması
/home/yapbenzet/Desktop/Jean/cnn_food_classification/data/val/Patates Kızartması/nyt_up_1222767_recipe-2016-05-28-08-33-13-320x533.jpg,Patates Kızartması,Patates Kızartması
/home/yapbenzet/Desktop/Jean/cnn_food_classification/data/val/Patates Kızartması/nyt_up_1222767_recipe-2017-09-16-11-13-29-320x427.jpg,Patates Kızartması,Patates Kızartması
/home/yapbenzet/Desktop/Jean/cnn_food_classification/data/val/Patates Kızartması/nyt_up_2038766_attachment-320x240.jpg,Patates Kızartması,Patates Kızartması
/home/yapbenzet/Desktop/Jean/cnn_food_classification/data/val/Patates Kızartması/nyt_up_2038766_recipe-2016-05-29-16-46-22-320x180.jpg,Patates Kızartması,Patates Kızartması
/home/yapbenzet/Desktop/Jean/cnn_food_classification/data/val/Patates Kızartması/nyt_up_2038766_recipe-2019-02-28-13-17-36-320x180.jpg,Patates Kızartması,Patates Kızartması
/home/yapbenzet/Desktop/Jean/cnn_food_classification/data/val/Patates Kızartması/nyt_up_511698_recipe-2017-12-18-18-36-48-320x240.jpg,Patates Kızartması,Tavuk Döner
/home/yapbenzet/Desktop/Jean/cnn_food_classification/data/val/Patates Kızartması/nyt_up_5427736_recipe-2019-01-14-11-38-13-320x569.jpg,Patates Kızartması,Patates Kızartması
/home/yapbenzet/Desktop/Jean/cnn_food_classification/data/val/Patates Kızartması/nyt_up_5427736_recipe-2019-01-17-09-37-48-320x569.jpg,Patates Kızartması,Patates Kızartması
/home/yapbenzet/Desktop/Jean/cnn_food_classification/data/val/Patates Kızartması/nyt_up_5427736_recipe-2019-03-24-10-44-06-320x427.jpg,Patates Kızartması,Patates Kızartması
/home/yapbenzet/Desktop/Jean/cnn_food_classification/data/val/Patates Kızartması/nyt_up_665498_IMG_20150603_174336-320x569.jpg,Patates Kızartması,Patates Kızartması
/home/yapbenzet/Desktop/Jean/cnn_food_classification/data/val/Patates Kızartması/nyt_up_665498_IMG_20150907_134930-320x427.jpg,Patates Kızartması,Patates Kızartması
/home/yapbenzet/Desktop/Jean/cnn_food_classification/data/val/Patates Kızartması/nyt_up_665498_IMG_20151205_152328-320x180.jpg,Patates Kızartması,Patates Kızartması
/home/yapbenzet/Desktop/Jean/cnn_food_classification/data/val/Patates Kızartması/nyt_up_665498_attachment-320x184_1.jpg,Patates Kızartması,Patates Kızartması
/home/yapbenzet/Desktop/Jean/cnn_food_classification/data/val/Patates Kızartması/nyt_up_665498_attachment-320x427.jpg,Patates Kızartması,Patates Kızartması
/home/yapbenzet/Desktop/Jean/cnn_food_classification/data/val/Patates Kızartması/nyt_up_665498_attachment-320x427_10.jpg,Patates Kızartması,Patates Kızartması
/home/yapbenzet/Desktop/Jean/cnn_food_classification/data/val/Patates Kızartması/nyt_up_665498_attachment-320x427_13.jpg,Patates Kızartması,Patates Kızartması
/home/yapbenzet/Desktop/Jean/cnn_food_classification/data/val/Patates Kızartması/nyt_up_665498_attachment-320x428.jpg,Patates Kızartması,Patates Kızartması
/home/yapbenzet/Desktop/Jean/cnn_food_classification/data/val/Patates Kızartması/nyt_up_665498_image-e1442846580134-320x427.jpg,Patates Kızartması,Patates Kızartması
/home/yapbenzet/Desktop/Jean/cnn_food_classification/data/val/Patates Kızartması/nyt_up_665498_recipe-2015-05-27-16-29-21-320x569.jpg,Patates Kızartması,Patates Kızartması
/home/yapbenzet/Desktop/Jean/cnn_food_classification/data/val/Patates Kızartması/nyt_up_665498_recipe-2015-05-28-12-09-34-320x203.jpg,Patates Kızartması,Patates Kızartması
/home/yapbenzet/Desktop/Jean/cnn_food_classification/data/val/Patates Kızartması/nyt_up_665498_recipe-2015-06-10-20-49-48-320x569.jpg,Patates Kızartması,Patates Kızartması
/home/yapbenzet/Desktop/Jean/cnn_food_classification/data/val/Patates Kızartması/nyt_up_665498_recipe-2015-06-26-22-40-46-320x214.jpg,Patates Kızartması,Patates Kızartması
/home/yapbenzet/Desktop/Jean/cnn_food_classification/data/val/Patates Kızartması/nyt_up_665498_recipe-2015-07-12-17-42-05-320x569.jpg,Patates Kızartması,Patates Kızartması
/home/yapbenzet/Desktop/Jean/cnn_food_classification/data/val/Patates Kızartması/nyt_up_665498_recipe-2015-08-08-13-53-51-320x180.jpg,Patates Kızartması,Patates Kızartması
/home/yapbenzet/Desktop/Jean/cnn_food_classification/data/val/Patates Kızartması/nyt_up_665498_recipe-2015-08-20-22-46-20-320x180.jpg,Patates Kızartması,Patates Kızartması
/home/yapbenzet/Desktop/Jean/cnn_food_classification/data/val/Patates Kızartması/nyt_up_665498_recipe-2015-08-25-16-27-32-320x427.jpg,Patates Kızartması,Patates Kızartması
/home/yapbenzet/Desktop/Jean/cnn_food_classification/data/val/Patates Kızartması/nyt_up_665498_recipe-2015-09-01-22-39-53-320x240.jpg,Patates Kızartması,Patates Kızartması
/home/yapbenzet/Desktop/Jean/cnn_food_classification/data/val/Patates Kızartması/nyt_up_665498_recipe-2015-09-21-22-09-48-320x569.jpg,Patates Kızartması,Patates Kızartması
/home/yapbenzet/Desktop/Jean/cnn_food_classification/data/val/Patates Kızartması/nyt_up_665498_recipe-2015-10-14-07-53-50-320x569.jpg,Patates Kızartması,Patates Kızartması
/home/yapbenzet/Desktop/Jean/cnn_food_classification/data/val/Patates Kızartması/nyt_up_665498_recipe-2015-10-29-08-17-32-320x533.jpg,Patates Kızartması,Patates Kızartması
/home/yapbenzet/Desktop/Jean/cnn_food_classification/data/val/Patates Kızartması/nyt_up_665498_recipe-2015-11-24-20-36-07-320x180.jpg,Patates Kızartması,Patates Kızartması
/home/yapbenzet/Desktop/Jean/cnn_food_classification/data/val/Patates Kızartması/nyt_up_665498_recipe-2015-12-06-11-08-35-320x427.jpg,Patates Kızartması,Patates Kızartması
/home/yapbenzet/Desktop/Jean/cnn_food_classification/data/val/Patates Kızartması/nyt_up_665498_recipe-2016-02-17-11-01-45-320x533.jpg,Patates Kızartması,Patates Kızartması
/home/yapbenzet/Desktop/Jean/cnn_food_classification/data/val/Patates Kızartması/nyt_up_665498_recipe-2016-08-20-09-51-10-320x427.jpg,Patates Kızartması,Patates Kızartması
/home/yapbenzet/Desktop/Jean/cnn_food_classification/data/val/Patates Kızartması/nyt_up_665498_recipe-2016-10-21-17-35-06-320x427.jpg,Patates Kızartması,Patates Kızartması
/home/yapbenzet/Desktop/Jean/cnn_food_classification/data/val/Patates Kızartması/nyt_up_665498_recipe-2016-10-22-20-34-09-320x180.jpg,Patates Kızartması,Patates Kızartması
/home/yapbenzet/Desktop/Jean/cnn_food_classification/data/val/Patates Kızartması/nyt_up_665498_recipe-2016-11-13-18-12-48-320x240.jpg,Patates Kızartması,Patates Kızartması
/home/yapbenzet/Desktop/Jean/cnn_food_classification/data/val/Patates Kızartması/nyt_up_665498_recipe-2016-12-07-19-12-13-320x427.jpg,Patates Kızartması,Patates Kızartması
/home/yapbenzet/Desktop/Jean/cnn_food_classification/data/val/Patates Kızartması/nyt_up_665498_recipe-2017-08-04-20-10-47-320x180.jpg,Patates Kızartması,Patates Kızartması
/home/yapbenzet/Desktop/Jean/cnn_food_classification/data/val/Patates Kızartması/nyt_up_665498_recipe-2018-01-22-10-33-30-320x568.jpg,Patates Kızartması,Patates Kızartması
/home/yapbenzet/Desktop/Jean/cnn_food_classification/data/val/Patates Kızartması/nyt_up_665498_recipe-2018-06-10-10-04-42-320x427.jpg,Patates Kızartması,Patates Kızartması
/home/yapbenzet/Desktop/Jean/cnn_food_classification/data/val/Pide/000003.jpg,Pide,Pide
/home/yapbenzet/Desktop/Jean/cnn_food_classification/data/val/Pide/000006.jpg,Pide,Pide
/home/yapbenzet/Desktop/Jean/cnn_food_classification/data/val/Pide/000008.jpg,Pide,Pide
/home/yapbenzet/Desktop/Jean/cnn_food_classification/data/val/Pide/000013.png,Pide,Pide
/home/yapbenzet/Desktop/Jean/cnn_food_classification/data/val/Pide/000019.jpg,Pide,Adana Kebap
/home/yapbenzet/Desktop/Jean/cnn_food_classification/data/val/Pide/000023.jpg,Pide,Pide
/home/yapbenzet/Desktop/Jean/cnn_food_classification/data/val/Pide/000029.jpg,Pide,Pide
/home/yapbenzet/Desktop/Jean/cnn_food_classification/data/val/Pide/000031.jpg,Pide,Pide
/home/yapbenzet/Desktop/Jean/cnn_food_classification/data/val/Pide/000033.jpg,Pide,Pide
/home/yapbenzet/Desktop/Jean/cnn_food_classification/data/val/Pide/000036.jpg,Pide,Pide
/home/yapbenzet/Desktop/Jean/cnn_food_classification/data/val/Pide/000038.jpg,Pide,Pide
/home/yapbenzet/Desktop/Jean/cnn_food_classification/data/val/Pide/000042.jpg,Pide,Pide
/home/yapbenzet/Desktop/Jean/cnn_food_classification/data/val/Pide/000045.jpg,Pide,Pide
/home/yapbenzet/Desktop/Jean/cnn_food_classification/data/val/Pide/000048.jpg,Pide,Pide
/home/yapbenzet/Desktop/Jean/cnn_food_classification/data/val/Pide/000049.jpg,Pide,Pide
/home/yapbenzet/Desktop/Jean/cnn_food_classification/data/val/Pide/000057.jpg,Pide,Pide
/home/yapbenzet/Desktop/Jean/cnn_food_classification/data/val/Pide/000058_aug_22.jpg,Pide,Pide
/home/yapbenzet/Desktop/Jean/cnn_food_classification/data/val/Pide/000060.jpg,Pide,Pide
/home/yapbenzet/Desktop/Jean/cnn_food_classification/data/val/Pide/000069.jpg,Pide,Pide
/home/yapbenzet/Desktop/Jean/cnn_food_classification/data/val/Pide/ev-yapimi-pide-mantarli-sucuklu-patatesli-kasarli-320x213.jpg,Pide,Pide
/home/yapbenzet/Desktop/Jean/cnn_food_classification/data/val/Pide/istockphoto-1132341691-612x612.jpg,Pide,Pide
/home/yapbenzet/Desktop/Jean/cnn_food_classification/data/val/Pide/istockphoto-1154962311-612x612.jpg,Pide,Pide
/home/yapbenzet/Desktop/Jean/cnn_food_classification/data/val/Pide/istockphoto-1157258193-612x612.jpg,Pide,Pide
/home/yapbenzet/Desktop/Jean/cnn_food_classification/data/val/Pide/istockphoto-1160978022-612x612.jpg,Pide,Pide
/home/yapbenzet/Desktop/Jean/cnn_food_classification/data/val/Pide/istockphoto-1172436126-612x612.jpg,Pide,Pide
/home/yapbenzet/Desktop/Jean/cnn_food_classification/data/val/Pide/istockphoto-1195379454-612x612.jpg,Pide,Pide
/home/yapbenzet/Desktop/Jean/cnn_food_classification/data/val/Pide/istockphoto-1197924779-612x612.jpg,Pide,Pide
/home/yapbenzet/Desktop/Jean/cnn_food_classification/data/val/Pide/istockphoto-1217259283-612x612.jpg,Pide,Esmer Ekmek
/home/yapbenzet/Desktop/Jean/cnn_food_classification/data/val/Pide/istockphoto-1477641827-612x612.jpg,Pide,Pide
/home/yapbenzet/Desktop/Jean/cnn_food_classification/data/val/Pide/istockphoto-1621309086-612x612.jpg,Pide,Pide
/home/yapbenzet/Desktop/Jean/cnn_food_classification/data/val/Pide/kasarli-sucuklu-pide-320x213.jpg,Pide,Pide
/home/yapbenzet/Desktop/Jean/cnn_food_classification/data/val/Pide/nyt-up-131776_recipe-2020-03-07-13-05-09-320x569.jpg,Pide,Pide
/home/yapbenzet/Desktop/Jean/cnn_food_classification/data/val/Pide/nyt-up-150397_attachment-320x223.jpg,Pide,Pide
/home/yapbenzet/Desktop/Jean/cnn_food_classification/data/val/Pide/nyt-up-150397_attachment-320x240.jpg,Pide,Pide
/home/yapbenzet/Desktop/Jean/cnn_food_classification/data/val/Pide/nyt-up-150397_recipe-2020-04-14-23-34-05-320x427.jpg,Pide,Pide
/home/yapbenzet/Desktop/Jean/cnn_food_classification/data/val/Pide/nyt-up-150397_recipe-2020-05-03-20-01-41-320x427.jpg,Pide,Pide
/home/yapbenzet/Desktop/Jean/cnn_food_classification/data/val/Pide/nyt-up-3435039_recipe-2020-02-09-12-44-07-320x427.jpg,Pide,Pide
/home/yapbenzet/Desktop/Jean/cnn_food_classification/data/val/Pide/nyt-up-3435039_recipe-2020-05-06-01-10-15-320x240.jpg,Pide,Pide
/home/yapbenzet/Desktop/Jean/cnn_food_classification/data/val/Pide/nyt-up-4384646_recipe-2019-06-08-19-44-31-320x427.jpg,Pide,Pide
/home/yapbenzet/Desktop/Jean/cnn_food_classification/data/val/Pide/nyt-up-4384646_recipe-2020-10-15-21-29-38-320x427.jpg,Pide,Pide
/home/yapbenzet/Desktop/Jean/cnn_food_classification/data/val/Pide/nyt-up-5134854_recipe-2023-06-03-16-29-07-320x569.jpg,Pide,Pide
/home/yapbenzet/Desktop/Jean/cnn_food_classification/data/val/Pide/nyt-up-5947525_recipe-2019-05-27-03-20-08-320x196.jpg,Pide,Pide
/home/yapbenzet/Desktop/Jean/cnn_food_classification/data/val/Pide/nyt-up-5947525_recipe-2019-08-23-16-42-07-320x427.jpg,Pide,Pide
/home/yapbenzet/Desktop/Jean/cnn_food_classification/data/val/Pide/nyt-up-6228201_recipe-2020-05-08-20-16-21-320x240.jpg,Pide,Pide
/home/yapbenzet/Desktop/Jean/cnn_food_classification/data/val/Pide/nyt-up-6228201_recipe-2020-12-05-19-24-27-320x450.jpg,Pide,Pide
/home/yapbenzet/Desktop/Jean/cnn_food_classification/data/val/Pide/nyt-up-6228201_recipe-2023-04-14-22-34-21-e1681503311796-320x180.jpg,Pide,Pide
/home/yapbenzet/Desktop/Jean/cnn_food_classification/data/val/Pide/nyt-up-6228201_recipe-2023-12-15-15-39-20-320x180.jpg,Pide,Pide
/home/yapbenzet/Desktop/Jean/cnn_food_classification/data/val/Pide/nyt-up-6967237_attachment-320x427_1.jpg,Pide,Pide
/home/yapbenzet/Desktop/Jean/cnn_food_classification/data/val/Pide/nyt-up-6967237_recipe-2020-03-22-16-22-30-320x240.jpg,Pide,Karnıyarık
/home/yapbenzet/Desktop/Jean/cnn_food_classification/data/val/Pide/nyt-up-6967237_recipe-2020-03-24-21-44-19-320x568.jpg,Pide,Pide
/home/yapbenzet/Desktop/Jean/cnn_food_classification/data/val/Pide/nyt-up-6968329_recipe-2020-03-25-23-01-05-320x427.jpg,Pide,Pide
/home/yapbenzet/Desktop/Jean/cnn_food_classification/data/val/Pide/nyt-up-6968329_recipe-2020-04-06-18-57-18-320x427.jpg,Pide,Pide
/home/yapbenzet/Desktop/Jean/cnn_food_classification/data/val/Pide/nyt-up-6968329_recipe-2020-05-29-17-53-28-303x640.jpg,Pide,Pide
/home/yapbenzet/Desktop/Jean/cnn_food_classification/data/val/Pide/nyt-up-6968329_recipe-2023-02-14-19-47-05-320x569.jpg,Pide,Pide
/home/yapbenzet/Desktop/Jean/cnn_food_classification/data/val/Pide/nyt-up-7243173_4935ec164c66d4ba187974653-320x427.jpg,Pide,Pide
/home/yapbenzet/Desktop/Jean/cnn_food_classification/data/val/Pide/nyt-up-7243173_615620913a22e2d7138123362-320x427.jpg,Pide,Pide
/home/yapbenzet/Desktop/Jean/cnn_food_classification/data/val/Pide/nyt-up-7243173_8995ea6b41dc42f5697880834-320x569.jpeg,Pide,Pide
/home/yapbenzet/Desktop/Jean/cnn_food_classification/data/val/Pide/nyt-up-7243173_9305ea84d901805d594124777-320x427.jpeg,Pide,Pide
/home/yapbenzet/Desktop/Jean/cnn_food_classification/data/val/Pide/nyt-up-7243173_9945ea45ce17f203615498322-320x427.jpg,Pide,Pide
/home/yapbenzet/Desktop/Jean/cnn_food_classification/data/val/Pide/nyt-up-7243173_attachment-1-320x427_2.jpg,Pide,Pide
/home/yapbenzet/Desktop/Jean/cnn_food_classification/data/val/Pide/nyt-up-7243173_attachment-320x180.jpg,Pide,Adana Kebap
/home/yapbenzet/Desktop/Jean/cnn_food_classification/data/val/Pide/nyt-up-7243173_attachment-320x226.jpg,Pide,Pide
/home/yapbenzet/Desktop/Jean/cnn_food_classification/data/val/Pide/nyt-up-7243173_attachment-320x240.jpg,Pide,Pide
/home/yapbenzet/Desktop/Jean/cnn_food_classification/data/val/Pide/nyt-up-7243173_attachment-320x364.jpg,Pide,Pide
/home/yapbenzet/Desktop/Jean/cnn_food_classification/data/val/Pide/nyt-up-7243173_attachment-320x427_17.jpg,Pide,Pide
/home/yapbenzet/Desktop/Jean/cnn_food_classification/data/val/Pide/nyt-up-7243173_attachment-320x427_18.jpg,Pide,Pide
/home/yapbenzet/Desktop/Jean/cnn_food_classification/data/val/Pide/nyt-up-7243173_attachment-320x427_2.jpg,Pide,Pide
/home/yapbenzet/Desktop/Jean/cnn_food_classification/data/val/Pide/nyt-up-7243173_recipe-2020-04-18-22-41-48-320x180.jpg,Pide,Pide
/home/yapbenzet/Desktop/Jean/cnn_food_classification/data/val/Pide/nyt-up-7243173_recipe-2020-04-23-21-49-57-320x427.jpg,Pide,Pide
/home/yapbenzet/Desktop/Jean/cnn_food_classification/data/val/Pide/nyt-up-7243173_recipe-2020-05-06-13-42-48-320x426.jpg,Pide,Pide
/home/yapbenzet/Desktop/Jean/cnn_food_classification/data/val/Pide/nyt-up-7243173_recipe-2020-10-11-16-18-25-320x569.jpg,Pide,Pide
/home/yapbenzet/Desktop/Jean/cnn_food_classification/data/val/Pide/nyt-up-7243173_recipe-2021-10-16-10-51-59-320x427.jpg,Pide,Pide
/home/yapbenzet/Desktop/Jean/cnn_food_classification/data/val/Pide/nyt-up-7243173_recipe-2021-11-09-19-48-50-288x640.jpg,Pide,Pide
/home/yapbenzet/Desktop/Jean/cnn_food_classification/data/val/Pide/nyt-up-7243173_recipe-2022-01-22-16-02-11-320x142.jpg,Pide,Patates Kızartması
/home/yapbenzet/Desktop/Jean/cnn_food_classification/data/val/Pide/nyt-up-7243173_recipe-2022-05-26-21-34-10-320x426.jpg,Pide,Pide
/home/yapbenzet/Desktop/Jean/cnn_food_classification/data/val/Pide/nyt-up-7243173_recipe-2023-01-24-21-06-30-320x429.jpg,Pide,Pide
/home/yapbenzet/Desktop/Jean/cnn_food_classification/data/val/Pide/nyt-up-7243173_recipe-2023-03-11-15-56-38-320x569.jpg,Pide,Pide
/home/yapbenzet/Desktop/Jean/cnn_food_classification/data/val/Pide/nyt-up-7243173_recipe-2023-04-19-18-51-21-320x427.jpg,Pide,Pide
/home/yapbenzet/Desktop/Jean/cnn_food_classification/data/val/Pide/nyt-up-7243173_recipe-2024-03-26-19-31-48-320x427.jpg,Pide,Pide
/home/yapbenzet/Desktop/Jean/cnn_food_classification/data/val/Pide/nyt-up-7243173_recipe-2024-04-18-16-14-01-320x569.jpg,Pide,Pide
/home/yapbenzet/Desktop/Jean/cnn_food_classification/data/val/Pide/nyt-up-7294222_attachment-1-320x180.jpg,Pide,Pide
/home/yapbenzet/Desktop/Jean/cnn_food_classification/data/val/Pide/nyt-up-7294222_attachment-1-320x427.jpg,Pide,Pide
/home/yapbenzet/Desktop/Jean/cnn_food_classification/data/val/Pide/nyt-up-7294222_attachment-1-320x427_1.jpg,Pide,Pide
/home/yapbenzet/Desktop/Jean/cnn_food_classification/data/val/Pide/nyt-up-7294222_recipe-2020-04-30-00-01-28-320x427.jpg,Pide,Pide
/home/yapbenzet/Desktop/Jean/cnn_food_classification/data/val/Pide/nyt-up-7294222_recipe-2020-05-03-20-33-49-320x427.jpg,Pide,Pide
/home/yapbenzet/Desktop/Jean/cnn_food_classification/data/val/Pide/nyt-up-7294222_recipe-2020-10-15-13-21-43-320x569.jpg,Pide,Pide
/home/yapbenzet/Desktop/Jean/cnn_food_classification/data/val/Pide/nyt-up-7410971_recipe-2020-05-23-14-07-11-320x240.jpg,Pide,Pide
/home/yapbenzet/Desktop/Jean/cnn_food_classification/data/val/Pide/nyt-up-7410971_recipe-2020-06-07-19-37-24-320x192.jpg,Pide,Börek
/home/yapbenzet/Desktop/Jean/cnn_food_classification/data/val/Pide/nyt-up-83681_recipe-2020-04-20-21-03-23-320x240.jpg,Pide,Pide
/home/yapbenzet/Desktop/Jean/cnn_food_classification/data/val/Pide/nyt-up-83681_recipe-2021-04-17-21-03-12-320x240.jpg,Pide,Pide
/home/yapbenzet/Desktop/Jean/cnn_food_classification/data/val/Pide/nyt-up-9194291_recipe-2021-08-02-00-07-12-311x640.jpg,Pide,Pide
/home/yapbenzet/Desktop/Jean/cnn_food_classification/data/val/Pide/nyt-up-9333474_recipe-2021-05-10-21-33-57-320x427.jpg,Pide,Pide
/home/yapbenzet/Desktop/Jean/cnn_food_classification/data/val/Pide/nyt-up-9333474_recipe-2022-07-22-14-56-21-320x427.jpg,Pide,Pide
/home/yapbenzet/Desktop/Jean/cnn_food_classification/data/val/Pide/nyt-up-9333474_recipe-2022-10-20-20-16-57-320x427.jpg,Pide,Pide
/home/yapbenzet/Desktop/Jean/cnn_food_classification/data/val/Pide/nyt-up-9530215_recipe-2024-06-12-22-16-52-320x568.jpg,Pide,Pide
/home/yapbenzet/Desktop/Jean/cnn_food_classification/data/val/Pide/nyt_up_131776_IMG_20150318_192759-320x427.jpg,Pide,Pide
/home/yapbenzet/Desktop/Jean/cnn_food_classification/data/val/Pide/nyt_up_150397_image-320x239.jpg,Pide,Pide
/home/yapbenzet/Desktop/Jean/cnn_food_classification/data/val/Pide/nyt_up_150397_recipe-2015-04-10-22-42-48-320x320.jpg,Pide,Pide
/home/yapbenzet/Desktop/Jean/cnn_food_classification/data/val/Pide/nyt_up_2140110_attachment-320x240_1.jpg,Pide,Pide
/home/yapbenzet/Desktop/Jean/cnn_food_classification/data/val/Pide/nyt_up_2140110_attachment-320x427_4.jpg,Pide,Pide
/home/yapbenzet/Desktop/Jean/cnn_food_classification/data/val/Pide/nyt_up_2140110_attachment-320x427_6.jpg,Pide,Pide
/home/yapbenzet/Desktop/Jean/cnn_food_classification/data/val/Pide/nyt_up_2140110_nyt-up-2140110-20180707-164728-320x240.jpg,Pide,Pide
/home/yapbenzet/Desktop/Jean/cnn_food_classification/data/val/Pide/nyt_up_2140110_recipe-2017-03-27-19-40-08-320x568.jpg,Pide,Pide
/home/yapbenzet/Desktop/Jean/cnn_food_classification/data/val/Pide/nyt_up_2140110_recipe-2018-10-28-17-20-51-320x180.jpg,Pide,Kumpir
/home/yapbenzet/Desktop/Jean/cnn_food_classification/data/val/Pide/nyt_up_2140110_recipe-2018-12-02-22-36-51-320x568.jpg,Pide,Pide
/home/yapbenzet/Desktop/Jean/cnn_food_classification/data/val/Pide/nyt_up_2140110_recipe-2018-12-05-19-40-50-320x240.jpg,Pide,Pide
/home/yapbenzet/Desktop/Jean/cnn_food_classification/data/val/Pide/nyt_up_3282145_recipe-2018-02-04-10-44-08-320x427.jpg,Pide,Tavuk Döner
/home/yapbenzet/Desktop/Jean/cnn_food_classification/data/val/Pide/nyt_up_3282145_recipe-2018-05-16-17-52-07-320x427.jpg,Pide,Beyaz Ekmek
/home/yapbenzet/Desktop/Jean/cnn_food_classification/data/val/Pide/nyt_up_3371616_attachment-320x427_1.jpg,Pide,Pide
/home/yapbenzet/Desktop/Jean/cnn_food_classification/data/val/Pide/nyt_up_3371616_recipe-2018-05-28-20-28-41-320x180.jpg,Pide,Pide
/home/yapbenzet/Desktop/Jean/cnn_food_classification/data/val/Pide/nyt_up_357863_recipe-2017-09-11-17-09-35-320x569.jpg,Pide,Pide
/home/yapbenzet/Desktop/Jean/cnn_food_classification/data/val/Pide/nyt_up_3718682_attachment-320x427_1.jpg,Pide,Pide
/home/yapbenzet/Desktop/Jean/cnn_food_classification/data/val/Pide/nyt_up_45441_recipe-2014-12-18-18-13-54-240x320.jpg,Pide,Börek
/home/yapbenzet/Desktop/Jean/cnn_food_classification/data/val/Pide/nyt_up_5134854_attachment-320x353.jpg,Pide,Pide
/home/yapbenzet/Desktop/Jean/cnn_food_classification/data/val/Pide/nyt_up_655840_588df59d96e4c-320x320.jpg,Pide,Pide
/home/yapbenzet/Desktop/Jean/cnn_food_classification/data/val/Pide/nyt_up_80414_recipe-2015-04-25-19-28-10-320x240.jpg,Pide,Pide
/home/yapbenzet/Desktop/Jean/cnn_food_classification/data/val/Pide/nyt_up_83681_recipe-2017-02-24-01-56-56-e1487910219675-320x320.jpg,Pide,Pide
/home/yapbenzet/Desktop/Jean/cnn_food_classification/data/val/Pide/tas-firin-lezzetinde-citir-pide-320x213.jpg,Pide,Pide
/home/yapbenzet/Desktop/Jean/cnn_food_classification/data/val/Pirinç Pilavı/000001.jpg,Pirinç Pilavı,Pirinç Pilavı
/home/yapbenzet/Desktop/Jean/cnn_food_classification/data/val/Pirinç Pilavı/000006.jpg,Pirinç Pilavı,Pirinç Pilavı
/home/yapbenzet/Desktop/Jean/cnn_food_classification/data/val/Pirinç Pilavı/000007.png,Pirinç Pilavı,Pirinç Pilavı
/home/yapbenzet/Desktop/Jean/cnn_food_classification/data/val/Pirinç Pilavı/000023.jpg,Pirinç Pilavı,Pirinç Pilavı
/home/yapbenzet/Desktop/Jean/cnn_food_classification/data/val/Pirinç Pilavı/000023_aug_32.jpg,Pirinç Pilavı,Pirinç Pilavı
/home/yapbenzet/Desktop/Jean/cnn_food_classification/data/val/Pirinç Pilavı/000027_aug_117.jpg,Pirinç Pilavı,Pirinç Pilavı
/home/yapbenzet/Desktop/Jean/cnn_food_classification/data/val/Pirinç Pilavı/000037_aug_85.jpg,Pirinç Pilavı,Pirinç Pilavı
/home/yapbenzet/Desktop/Jean/cnn_food_classification/data/val/Pirinç Pilavı/000038.jpg,Pirinç Pilavı,Pirinç Pilavı
/home/yapbenzet/Desktop/Jean/cnn_food_classification/data/val/Pirinç Pilavı/000042.jpg,Pirinç Pilavı,Pirinç Pilavı
/home/yapbenzet/Desktop/Jean/cnn_food_classification/data/val/Pirinç Pilavı/000045_aug_89.jpg,Pirinç Pilavı,Pirinç Pilavı
/home/yapbenzet/Desktop/Jean/cnn_food_classification/data/val/Pirinç Pilavı/000048.png,Pirinç Pilavı,Pirinç Pilavı
/home/yapbenzet/Desktop/Jean/cnn_food_classification/data/val/Pirinç Pilavı/000052.jpg,Pirinç Pilavı,Pirinç Pilavı
/home/yapbenzet/Desktop/Jean/cnn_food_classification/data/val/Pirinç Pilavı/000069.jpg,Pirinç Pilavı,Pirinç Pilavı
/home/yapbenzet/Desktop/Jean/cnn_food_classification/data/val/Pirinç Pilavı/nyt-up-119474_attachment-320x180.jpg,Pirinç Pilavı,Pirinç Pilavı
/home/yapbenzet/Desktop/Jean/cnn_food_classification/data/val/Pirinç Pilavı/nyt-up-119474_attachment-320x427_2.jpg,Pirinç Pilavı,Pirinç Pilavı
/home/yapbenzet/Desktop/Jean/cnn_food_classification/data/val/Pirinç Pilavı/nyt-up-119474_recipe-2019-12-30-17-44-35-320x427.jpg,Pirinç Pilavı,Pirinç Pilavı
/home/yapbenzet/Desktop/Jean/cnn_food_classification/data/val/Pirinç Pilavı/nyt-up-119474_recipe-2021-11-27-16-57-05-320x427.jpg,Pirinç Pilavı,Pirinç Pilavı
/home/yapbenzet/Desktop/Jean/cnn_food_classification/data/val/Pirinç Pilavı/nyt-up-119492_attachment-320x239.jpg,Pirinç Pilavı,Pirinç Pilavı
/home/yapbenzet/Desktop/Jean/cnn_food_classification/data/val/Pirinç Pilavı/nyt-up-119492_attachment-320x427_11.jpg,Pirinç Pilavı,Pirinç Pilavı
/home/yapbenzet/Desktop/Jean/cnn_food_classification/data/val/Pirinç Pilavı/nyt-up-119492_attachment-320x427_16.jpg,Pirinç Pilavı,Pirinç Pilavı
/home/yapbenzet/Desktop/Jean/cnn_food_classification/data/val/Pirinç Pilavı/nyt-up-119492_attachment-320x427_2.jpg,Pirinç Pilavı,Pirinç Pilavı
/home/yapbenzet/Desktop/Jean/cnn_food_classification/data/val/Pirinç Pilavı/nyt-up-119492_attachment-320x427_21.jpg,Pirinç Pilavı,Pirinç Pilavı
/home/yapbenzet/Desktop/Jean/cnn_food_classification/data/val/Pirinç Pilavı/nyt-up-119492_attachment-320x427_6.jpg,Pirinç Pilavı,Pirinç Pilavı
/home/yapbenzet/Desktop/Jean/cnn_food_classification/data/val/Pirinç Pilavı/nyt-up-119492_attachment-320x427_7.jpg,Pirinç Pilavı,Pirinç Pilavı
/home/yapbenzet/Desktop/Jean/cnn_food_classification/data/val/Pirinç Pilavı/nyt-up-119492_recipe-2019-05-13-17-45-15-320x427.jpg,Pirinç Pilavı,Pirinç Pilavı
/home/yapbenzet/Desktop/Jean/cnn_food_classification/data/val/Pirinç Pilavı/nyt-up-119492_recipe-2019-08-17-16-34-35-320x343.jpg,Pirinç Pilavı,Pirinç Pilavı
/home/yapbenzet/Desktop/Jean/cnn_food_classification/data/val/Pirinç Pilavı/nyt-up-119492_recipe-2019-09-13-09-37-25-320x331.jpg,Pirinç Pilavı,Pirinç Pilavı
/home/yapbenzet/Desktop/Jean/cnn_food_classification/data/val/Pirinç Pilavı/nyt-up-119492_recipe-2020-01-10-14-43-36-320x640.jpg,Pirinç Pilavı,Pirinç Pilavı
/home/yapbenzet/Desktop/Jean/cnn_food_classification/data/val/Pirinç Pilavı/nyt-up-119492_recipe-2020-05-02-19-37-26-320x427.jpg,Pirinç Pilavı,Pirinç Pilavı
/home/yapbenzet/Desktop/Jean/cnn_food_classification/data/val/Pirinç Pilavı/nyt-up-119492_recipe-2020-08-15-17-10-16-320x427.jpg,Pirinç Pilavı,Pirinç Pilavı
/home/yapbenzet/Desktop/Jean/cnn_food_classification/data/val/Pirinç Pilavı/nyt-up-119492_recipe-2021-06-10-20-42-29-320x568.jpg,Pirinç Pilavı,Pirinç Pilavı
/home/yapbenzet/Desktop/Jean/cnn_food_classification/data/val/Pirinç Pilavı/nyt-up-119492_recipe-2022-01-26-15-54-25-320x427.jpg,Pirinç Pilavı,Pirinç Pilavı
/home/yapbenzet/Desktop/Jean/cnn_food_classification/data/val/Pirinç Pilavı/nyt-up-119492_recipe-2023-07-03-20-03-23-320x427.jpg,Pirinç Pilavı,Pirinç Pilavı
/home/yapbenzet/Desktop/Jean/cnn_food_classification/data/val/Pirinç Pilavı/nyt-up-119492_recipe-2024-01-08-08-40-00-320x240.jpg,Pirinç Pilavı,Pirinç Pilavı
/home/yapbenzet/Desktop/Jean/cnn_food_classification/data/val/Pirinç Pilavı/nyt-up-119492_recipe-2024-02-25-19-24-52-320x427.jpg,Pirinç Pilavı,Pirinç Pilavı
/home/yapbenzet/Desktop/Jean/cnn_food_classification/data/val/Pirinç Pilavı/nyt-up-119492_recipe-2024-07-27-17-26-17-299x640.jpg,Pirinç Pilavı,Pirinç Pilavı
/home/yapbenzet/Desktop/Jean/cnn_food_classification/data/val/Pirinç Pilavı/nyt-up-119492_recipe-2025-01-29-20-36-48-320x427.jpg,Pirinç Pilavı,Pirinç Pilavı
/home/yapbenzet/Desktop/Jean/cnn_food_classification/data/val/Pirinç Pilavı/nyt-up-21215_attachment-320x427_2.jpg,Pirinç Pilavı,Pirinç Pilavı
/home/yapbenzet/Desktop/Jean/cnn_food_classification/data/val/Pirinç Pilavı/nyt-up-21215_attachment-320x427_6.jpg,Pirinç Pilavı,Tavuk
/home/yapbenzet/Desktop/Jean/cnn_food_classification/data/val/Pirinç Pilavı/nyt-up-21215_recipe-2020-08-29-22-38-22-320x427.jpg,Pirinç Pilavı,Pirinç Pilavı
/home/yapbenzet/Desktop/Jean/cnn_food_classification/data/val/Pirinç Pilavı/nyt-up-21215_recipe-2023-12-05-17-24-41-320x427.jpg,Pirinç Pilavı,Pirinç Pilavı
/home/yapbenzet/Desktop/Jean/cnn_food_classification/data/val/Pirinç Pilavı/nyt-up-2972208_attachment-320x240.jpg,Pirinç Pilavı,Pirinç Pilavı
/home/yapbenzet/Desktop/Jean/cnn_food_classification/data/val/Pirinç Pilavı/nyt-up-902_attachment-320x427.jpg,Pirinç Pilavı,Pirinç Pilavı
/home/yapbenzet/Desktop/Jean/cnn_food_classification/data/val/Pirinç Pilavı/nyt_up_119474_20140803_160358-320x180.jpg,Pirinç Pilavı,Pirinç Pilavı
/home/yapbenzet/Desktop/Jean/cnn_food_classification/data/val/Pirinç Pilavı/nyt_up_119474_DSC_0097-320x180.jpg,Pirinç Pilavı,Pirinç Pilavı
/home/yapbenzet/Desktop/Jean/cnn_food_classification/data/val/Pirinç Pilavı/nyt_up_119474_attachment-320x427 (2).jpg,Pirinç Pilavı,Pirinç Pilavı
/home/yapbenzet/Desktop/Jean/cnn_food_classification/data/val/Pirinç Pilavı/nyt_up_119474_attachment-320x428 (2).jpg,Pirinç Pilavı,Pirinç Pilavı
/home/yapbenzet/Desktop/Jean/cnn_food_classification/data/val/Pirinç Pilavı/nyt_up_119474_nyt-up-119474-screenshot-20190312-154724-gallery-320x569.jpg,Pirinç Pilavı,Köfte
/home/yapbenzet/Desktop/Jean/cnn_food_classification/data/val/Pirinç Pilavı/nyt_up_119474_recipe-2015-03-09-20-24-06-320x240.jpg,Pirinç Pilavı,Pirinç Pilavı
/home/yapbenzet/Desktop/Jean/cnn_food_classification/data/val/Pirinç Pilavı/nyt_up_119474_recipe-2016-01-18-19-31-34-320x569.jpg,Pirinç Pilavı,Pirinç Pilavı
/home/yapbenzet/Desktop/Jean/cnn_food_classification/data/val/Pirinç Pilavı/nyt_up_119492_attachment-320x428.jpg,Pirinç Pilavı,Pirinç Pilavı
/home/yapbenzet/Desktop/Jean/cnn_food_classification/data/val/Pirinç Pilavı/nyt_up_119492_recipe-2015-11-30-18-20-43-320x427.jpg,Pirinç Pilavı,Pirinç Pilavı
/home/yapbenzet/Desktop/Jean/cnn_food_classification/data/val/Pirinç Pilavı/nyt_up_119492_recipe-2018-08-13-20-42-32-320x568.jpg,Pirinç Pilavı,Pirinç Pilavı
/home/yapbenzet/Desktop/Jean/cnn_food_classification/data/val/Pirinç Pilavı/nyt_up_119492_recipe-2018-12-21-17-16-27-320x427.jpg,Pirinç Pilavı,Pirinç Pilavı
/home/yapbenzet/Desktop/Jean/cnn_food_classification/data/val/Pirinç Pilavı/nyt_up_1591153_attachment-320x427.jpg,Pirinç Pilavı,Pirinç Pilavı
/home/yapbenzet/Desktop/Jean/cnn_food_classification/data/val/Pirinç Pilavı/nyt_up_1591153_recipe-2016-05-04-16-38-23-320x569.jpg,Pirinç Pilavı,Pirinç Pilavı
/home/yapbenzet/Desktop/Jean/cnn_food_classification/data/val/Pirinç Pilavı/nyt_up_21215_587e841be8c9c-320x240.jpg,Pirinç Pilavı,Pirinç Pilavı
/home/yapbenzet/Desktop/Jean/cnn_food_classification/data/val/Pirinç Pilavı/nyt_up_21215_attachment-320x427.jpg,Pirinç Pilavı,Pirinç Pilavı
/home/yapbenzet/Desktop/Jean/cnn_food_classification/data/val/Pirinç Pilavı/nyt_up_21215_recipe-2017-11-04-21-57-00-320x569.jpg,Pirinç Pilavı,Pirinç Pilavı
/home/yapbenzet/Desktop/Jean/cnn_food_classification/data/val/Pirinç Pilavı/nyt_up_2972208_recipe-2017-05-11-15-43-08-320x180.jpg,Pirinç Pilavı,Pirinç Pilavı
/home/yapbenzet/Desktop/Jean/cnn_food_classification/data/val/Pirinç Pilavı/nyt_up_2972208_recipe-2017-10-25-15-05-12-320x429.jpg,Pirinç Pilavı,Pirinç Pilavı
/home/yapbenzet/Desktop/Jean/cnn_food_classification/data/val/Pirinç Pilavı/nyt_up_467726_attachment-1-320x427.jpg,Pirinç Pilavı,Pirinç Pilavı
/home/yapbenzet/Desktop/Jean/cnn_food_classification/data/val/Pirinç Pilavı/nyt_up_467726_recipe-2015-07-08-19-33-28-320x569.jpg,Pirinç Pilavı,Pirinç Pilavı
/home/yapbenzet/Desktop/Jean/cnn_food_classification/data/val/Pirinç Pilavı/nyt_up_467726_recipe-2015-08-21-08-06-24-320x569.jpg,Pirinç Pilavı,Pirinç Pilavı
/home/yapbenzet/Desktop/Jean/cnn_food_classification/data/val/Pirinç Pilavı/nyt_up_467726_recipe-2015-10-22-19-55-21-320x180.jpg,Pirinç Pilavı,Pirinç Pilavı
/home/yapbenzet/Desktop/Jean/cnn_food_classification/data/val/Pirinç Pilavı/nyt_up_467726_recipe-2016-09-27-00-06-33-320x238.jpg,Pirinç Pilavı,Pirinç Pilavı
/home/yapbenzet/Desktop/Jean/cnn_food_classification/data/val/Pirinç Pilavı/nyt_up_902_attachment-e1443110101859-320x240.jpg,Pirinç Pilavı,Sütlaç
/home/yapbenzet/Desktop/Jean/cnn_food_classification/data/val/Revani/000011.jpg,Revani,Revani
/home/yapbenzet/Desktop/Jean/cnn_food_classification/data/val/Revani/000014.jpg,Revani,Revani
/home/yapbenzet/Desktop/Jean/cnn_food_classification/data/val/Revani/000015_aug_78.jpg,Revani,Revani
/home/yapbenzet/Desktop/Jean/cnn_food_classification/data/val/Revani/000039.jpg,Revani,Revani
/home/yapbenzet/Desktop/Jean/cnn_food_classification/data/val/Revani/000041.jpg,Revani,Revani
/home/yapbenzet/Desktop/Jean/cnn_food_classification/data/val/Revani/000046.jpg,Revani,Revani
/home/yapbenzet/Desktop/Jean/cnn_food_classification/data/val/Revani/000052.jpg,Revani,Revani
/home/yapbenzet/Desktop/Jean/cnn_food_classification/data/val/Revani/000067.jpg,Revani,Revani
/home/yapbenzet/Desktop/Jean/cnn_food_classification/data/val/Revani/muhallebili-revani-tarifi-foto-320x213.jpg,Revani,Revani
/home/yapbenzet/Desktop/Jean/cnn_food_classification/data/val/Revani/nyt-up-10545989_470664c6a928176e865273650-320x427.jpg,Revani,Revani
/home/yapbenzet/Desktop/Jean/cnn_food_classification/data/val/Revani/nyt-up-1090_recipe-2020-03-29-21-49-32-320x607.jpg,Revani,Revani
/home/yapbenzet/Desktop/Jean/cnn_food_classification/data/val/Revani/nyt-up-1090_recipe-2020-04-14-16-11-50-320x427.jpg,Revani,Revani
/home/yapbenzet/Desktop/Jean/cnn_food_classification/data/val/Revani/nyt-up-2122429_recipe-2020-02-28-12-10-15-296x640.jpg,Revani,Revani
/home/yapbenzet/Desktop/Jean/cnn_food_classification/data/val/Revani/nyt-up-218766_recipe-2019-11-29-11-22-26-320x568.jpg,Revani,Revani
/home/yapbenzet/Desktop/Jean/cnn_food_classification/data/val/Revani/nyt-up-218766_recipe-2020-04-28-18-17-02-320x569.jpg,Revani,Revani
/home/yapbenzet/Desktop/Jean/cnn_food_classification/data/val/Revani/nyt-up-23428_14561e30424c75b8012058969-320x427.jpg,Revani,Revani
/home/yapbenzet/Desktop/Jean/cnn_food_classification/data/val/Revani/nyt-up-23428_attachment-1-320x226.jpg,Revani,Revani
/home/yapbenzet/Desktop/Jean/cnn_food_classification/data/val/Revani/nyt-up-23428_attachment-1-320x569.jpg,Revani,Revani
/home/yapbenzet/Desktop/Jean/cnn_food_classification/data/val/Revani/nyt-up-23428_attachment-320x427_105.jpg,Revani,Revani
/home/yapbenzet/Desktop/Jean/cnn_food_classification/data/val/Revani/nyt-up-23428_attachment-320x427_36.jpg,Revani,Revani
/home/yapbenzet/Desktop/Jean/cnn_food_classification/data/val/Revani/nyt-up-23428_attachment-320x427_86.jpg,Revani,Revani
/home/yapbenzet/Desktop/Jean/cnn_food_classification/data/val/Revani/nyt-up-23428_attachment-320x427_96.jpg,Revani,Revani
/home/yapbenzet/Desktop/Jean/cnn_food_classification/data/val/Revani/nyt-up-23428_recipe-2019-05-20-22-43-01-320x322.jpg,Revani,Revani
/home/yapbenzet/Desktop/Jean/cnn_food_classification/data/val/Revani/nyt-up-23428_recipe-2020-04-04-20-14-47-320x427.jpg,Revani,Revani
/home/yapbenzet/Desktop/Jean/cnn_food_classification/data/val/Revani/nyt-up-23428_recipe-2020-04-04-22-30-38-320x427.jpg,Revani,Revani
/home/yapbenzet/Desktop/Jean/cnn_food_classification/data/val/Revani/nyt-up-23428_recipe-2020-04-09-16-05-11-320x427.jpg,Revani,Revani
/home/yapbenzet/Desktop/Jean/cnn_food_classification/data/val/Revani/nyt-up-23428_recipe-2020-05-12-01-26-44-320x569.jpg,Revani,Revani
/home/yapbenzet/Desktop/Jean/cnn_food_classification/data/val/Revani/nyt-up-23428_recipe-2020-05-14-20-34-34-320x457.jpg,Revani,Revani
/home/yapbenzet/Desktop/Jean/cnn_food_classification/data/val/Revani/nyt-up-23428_recipe-2020-08-02-16-43-35-320x427.jpg,Revani,Revani
/home/yapbenzet/Desktop/Jean/cnn_food_classification/data/val/Revani/nyt-up-23428_recipe-2020-12-09-19-43-27-320x240.jpg,Revani,Revani
/home/yapbenzet/Desktop/Jean/cnn_food_classification/data/val/Revani/nyt-up-23428_recipe-2021-02-28-17-59-34-320x180.jpg,Revani,Revani
/home/yapbenzet/Desktop/Jean/cnn_food_classification/data/val/Revani/nyt-up-23428_recipe-2021-06-04-20-26-15-320x569.jpg,Revani,Revani
/home/yapbenzet/Desktop/Jean/cnn_food_classification/data/val/Revani/nyt-up-23428_recipe-2022-01-22-17-42-42-320x427.jpg,Revani,Revani
/home/yapbenzet/Desktop/Jean/cnn_food_classification/data/val/Revani/nyt-up-23428_recipe-2022-01-31-20-33-04-320x427.jpg,Revani,Revani
/home/yapbenzet/Desktop/Jean/cnn_food_classification/data/val/Revani/nyt-up-23428_recipe-2022-03-17-17-06-29-320x427.jpg,Revani,Revani
/home/yapbenzet/Desktop/Jean/cnn_food_classification/data/val/Revani/nyt-up-23428_recipe-2022-03-29-17-07-47-320x427.jpg,Revani,Revani
/home/yapbenzet/Desktop/Jean/cnn_food_classification/data/val/Revani/nyt-up-23428_recipe-2022-04-03-19-58-37-320x427.jpg,Revani,Revani
/home/yapbenzet/Desktop/Jean/cnn_food_classification/data/val/Revani/nyt-up-23428_recipe-2022-04-06-20-36-24-320x240.jpg,Revani,Revani
/home/yapbenzet/Desktop/Jean/cnn_food_classification/data/val/Revani/nyt-up-23428_recipe-2022-04-22-21-30-31-320x427.jpg,Revani,Revani
/home/yapbenzet/Desktop/Jean/cnn_food_classification/data/val/Revani/nyt-up-23428_recipe-2022-05-16-14-32-51-320x568.jpg,Revani,Revani
/home/yapbenzet/Desktop/Jean/cnn_food_classification/data/val/Revani/nyt-up-23428_recipe-2023-01-10-21-59-28-289x640.jpg,Revani,Revani
/home/yapbenzet/Desktop/Jean/cnn_food_classification/data/val/Revani/nyt-up-23428_recipe-2024-03-16-00-33-02-320x147.jpg,Revani,Revani
/home/yapbenzet/Desktop/Jean/cnn_food_classification/data/val/Revani/nyt-up-2847269_recipe-2020-05-10-18-33-15-320x569.jpg,Revani,Revani
/home/yapbenzet/Desktop/Jean/cnn_food_classification/data/val/Revani/nyt-up-2847269_recipe-2020-12-17-15-35-40-320x240.jpg,Revani,Revani
/home/yapbenzet/Desktop/Jean/cnn_food_classification/data/val/Revani/nyt-up-2847269_recipe-2021-04-17-19-36-38-320x427.jpg,Revani,Kadayıf
/home/yapbenzet/Desktop/Jean/cnn_food_classification/data/val/Revani/nyt-up-2847269_recipe-2023-05-22-21-13-49-320x351.jpg,Revani,Revani
/home/yapbenzet/Desktop/Jean/cnn_food_classification/data/val/Revani/nyt-up-3094982_9975ea32d8f7f173578429975-320x427.jpg,Revani,Revani
/home/yapbenzet/Desktop/Jean/cnn_food_classification/data/val/Revani/nyt-up-4019384_24763f26c85d8019286917942-320x569.jpg,Revani,Revani
/home/yapbenzet/Desktop/Jean/cnn_food_classification/data/val/Revani/nyt-up-606881_recipe-2020-03-31-18-31-18-320x427.jpg,Revani,Kısır
/home/yapbenzet/Desktop/Jean/cnn_food_classification/data/val/Revani/nyt-up-606881_recipe-2022-10-07-19-45-11-311x640.jpg,Revani,Revani
/home/yapbenzet/Desktop/Jean/cnn_food_classification/data/val/Revani/nyt-up-7084050_attachment-320x427_9.jpg,Revani,Revani
/home/yapbenzet/Desktop/Jean/cnn_food_classification/data/val/Revani/nyt-up-7084050_recipe-2020-04-17-20-06-48-320x569.jpg,Revani,Revani
/home/yapbenzet/Desktop/Jean/cnn_food_classification/data/val/Revani/nyt-up-8905534_recipe-2025-02-18-19-04-46-320x427.jpg,Revani,Revani
/home/yapbenzet/Desktop/Jean/cnn_food_classification/data/val/Revani/nyt-up-928_recipe-2021-03-28-22-05-09-320x427.jpg,Revani,Revani
/home/yapbenzet/Desktop/Jean/cnn_food_classification/data/val/Revani/nyt-up-94040_recipe-2023-01-22-18-05-47-320x148.jpg,Revani,Revani
/home/yapbenzet/Desktop/Jean/cnn_food_classification/data/val/Revani/nyt-up-9936415_recipe-2024-05-03-15-16-03-320x427.jpg,Revani,Revani
/home/yapbenzet/Desktop/Jean/cnn_food_classification/data/val/Revani/nyt_up_1090_20150926_161241-e1443275484473-320x180.jpg,Revani,Mısır Ekmeği
/home/yapbenzet/Desktop/Jean/cnn_food_classification/data/val/Revani/nyt_up_1090_IMAG0281-320x192.jpg,Revani,Revani
/home/yapbenzet/Desktop/Jean/cnn_food_classification/data/val/Revani/nyt_up_1090_IMG_20160103_174552-320x180.jpg,Revani,Revani
/home/yapbenzet/Desktop/Jean/cnn_food_classification/data/val/Revani/nyt_up_1090_attachment-320x427_35.jpg,Revani,Revani
/home/yapbenzet/Desktop/Jean/cnn_food_classification/data/val/Revani/nyt_up_1090_image-320x320.jpg,Revani,Revani
/home/yapbenzet/Desktop/Jean/cnn_food_classification/data/val/Revani/nyt_up_1090_recipe-2015-02-05-16-43-23-320x240.jpg,Revani,Revani
/home/yapbenzet/Desktop/Jean/cnn_food_classification/data/val/Revani/nyt_up_2122429_5883c9ff38ca7-320x180.jpg,Revani,Revani
/home/yapbenzet/Desktop/Jean/cnn_food_classification/data/val/Revani/nyt_up_2122429_nyt-up-2122429-0a523407-3ac4-4472-9e68-0144ca6a1bd4-320x240.jpeg,Revani,Revani
/home/yapbenzet/Desktop/Jean/cnn_food_classification/data/val/Revani/nyt_up_2122429_recipe-2016-06-16-16-19-58-320x297.jpg,Revani,Revani
/home/yapbenzet/Desktop/Jean/cnn_food_classification/data/val/Revani/nyt_up_2122429_recipe-2016-10-12-23-29-15-320x569.jpg,Revani,Revani
/home/yapbenzet/Desktop/Jean/cnn_food_classification/data/val/Revani/nyt_up_2122429_recipe-2016-10-23-20-17-38-320x427.jpg,Revani,Mısır Ekmeği
/home/yapbenzet/Desktop/Jean/cnn_food_classification/data/val/Revani/nyt_up_2122429_recipe-2016-12-14-18-49-02-320x568.jpg,Revani,Revani
/home/yapbenzet/Desktop/Jean/cnn_food_classification/data/val/Revani/nyt_up_2122429_recipe-2017-01-12-20-01-02-320x569.jpg,Revani,Revani
/home/yapbenzet/Desktop/Jean/cnn_food_classification/data/val/Revani/nyt_up_2122429_recipe-2018-11-21-18-17-56-320x427.jpg,Revani,Revani
/home/yapbenzet/Desktop/Jean/cnn_food_classification/data/val/Revani/nyt_up_216174_recipe-2017-09-18-15-44-10-320x180.jpg,Revani,Revani
/home/yapbenzet/Desktop/Jean/cnn_food_classification/data/val/Revani/nyt_up_218766_attachment-1-320x427.jpg,Revani,Revani
/home/yapbenzet/Desktop/Jean/cnn_food_classification/data/val/Revani/nyt_up_218766_attachment-320x216.jpg,Revani,Revani
/home/yapbenzet/Desktop/Jean/cnn_food_classification/data/val/Revani/nyt_up_218766_attachment-320x427_11.jpg,Revani,Revani
/home/yapbenzet/Desktop/Jean/cnn_food_classification/data/val/Revani/nyt_up_218766_attachment-320x427_6.jpg,Revani,Revani
/home/yapbenzet/Desktop/Jean/cnn_food_classification/data/val/Revani/nyt_up_218766_attachment-320x427_8.jpg,Revani,Revani
/home/yapbenzet/Desktop/Jean/cnn_food_classification/data/val/Revani/nyt_up_218766_recipe-2016-05-22-20-08-39-320x240.jpg,Revani,Revani
/home/yapbenzet/Desktop/Jean/cnn_food_classification/data/val/Revani/nyt_up_218766_recipe-2016-11-28-18-36-55-320x427.jpg,Revani,Revani
/home/yapbenzet/Desktop/Jean/cnn_food_classification/data/val/Revani/nyt_up_218766_recipe-2017-05-31-16-56-20-320x180.jpg,Revani,Revani
/home/yapbenzet/Desktop/Jean/cnn_food_classification/data/val/Revani/nyt_up_218766_recipe-2018-03-28-21-46-33-320x427.jpg,Revani,Revani
/home/yapbenzet/Desktop/Jean/cnn_food_classification/data/val/Revani/nyt_up_218766_recipe-2018-07-31-15-25-19-320x240.jpg,Revani,Revani
/home/yapbenzet/Desktop/Jean/cnn_food_classification/data/val/Revani/nyt_up_218766_recipe-2018-08-14-16-18-33-320x240.jpg,Revani,Revani
/home/yapbenzet/Desktop/Jean/cnn_food_classification/data/val/Revani/nyt_up_23428_nyt-up-23428-20181101-194526-320x240.jpg,Revani,Revani
/home/yapbenzet/Desktop/Jean/cnn_food_classification/data/val/Revani/nyt_up_23428_recipe-2017-01-22-19-30-04-320x180.jpg,Revani,Revani
/home/yapbenzet/Desktop/Jean/cnn_food_classification/data/val/Revani/nyt_up_23428_recipe-2017-01-27-21-58-16-320x569.jpg,Revani,Revani
/home/yapbenzet/Desktop/Jean/cnn_food_classification/data/val/Revani/nyt_up_23428_recipe-2017-03-13-23-56-32-320x424.jpg,Revani,Revani
/home/yapbenzet/Desktop/Jean/cnn_food_classification/data/val/Revani/nyt_up_23428_recipe-2018-01-28-20-52-55-320x427.jpg,Revani,Revani
/home/yapbenzet/Desktop/Jean/cnn_food_classification/data/val/Revani/nyt_up_23428_recipe-2018-02-01-21-53-02-320x569.jpg,Revani,Revani
/home/yapbenzet/Desktop/Jean/cnn_food_classification/data/val/Revani/nyt_up_23428_recipe-2018-03-07-21-11-55-320x569.jpg,Revani,Revani
/home/yapbenzet/Desktop/Jean/cnn_food_classification/data/val/Revani/nyt_up_23428_recipe-2018-03-08-16-28-38-320x569.jpg,Revani,Revani
/home/yapbenzet/Desktop/Jean/cnn_food_classification/data/val/Revani/nyt_up_23428_recipe-2018-03-20-22-36-59-320x180.jpg,Revani,Revani
/home/yapbenzet/Desktop/Jean/cnn_food_classification/data/val/Revani/nyt_up_23428_recipe-2018-03-22-10-46-01-320x569.jpg,Revani,Revani
/home/yapbenzet/Desktop/Jean/cnn_food_classification/data/val/Revani/nyt_up_23428_recipe-2018-04-11-22-34-41-320x569.jpg,Revani,Revani
/home/yapbenzet/Desktop/Jean/cnn_food_classification/data/val/Revani/nyt_up_23428_recipe-2018-11-30-21-25-41-320x427.jpg,Revani,Revani
/home/yapbenzet/Desktop/Jean/cnn_food_classification/data/val/Revani/nyt_up_2847269_recipe-2018-06-09-00-54-56-320x427.jpg,Revani,Revani
/home/yapbenzet/Desktop/Jean/cnn_food_classification/data/val/Revani/nyt_up_4019384_recipe-2017-12-24-21-12-45-320x362.jpg,Revani,Revani
/home/yapbenzet/Desktop/Jean/cnn_food_classification/data/val/Revani/nyt_up_4196444_recipe-2018-01-30-20-54-19-320x240.jpg,Revani,Revani
/home/yapbenzet/Desktop/Jean/cnn_food_classification/data/val/Revani/nyt_up_544595_recipe-2016-01-08-21-14-47-320x180.jpg,Revani,Revani
/home/yapbenzet/Desktop/Jean/cnn_food_classification/data/val/Revani/nyt_up_687379_recipe-2015-06-26-01-32-57-320x337.jpg,Revani,Revani
/home/yapbenzet/Desktop/Jean/cnn_food_classification/data/val/Revani/nyt_up_687379_recipe-2016-02-18-14-22-44-320x427.jpg,Revani,Revani
/home/yapbenzet/Desktop/Jean/cnn_food_classification/data/val/Revani/nyt_up_687379_recipe-2016-02-23-08-38-00-320x207.jpg,Revani,Revani
/home/yapbenzet/Desktop/Jean/cnn_food_classification/data/val/Revani/nyt_up_687379_recipe-2016-06-09-22-17-43-320x179.jpg,Revani,Revani
/home/yapbenzet/Desktop/Jean/cnn_food_classification/data/val/Revani/nyt_up_717214_recipe-2016-06-06-19-31-44-320x569.jpg,Revani,Ezogelin Çorbası
/home/yapbenzet/Desktop/Jean/cnn_food_classification/data/val/Revani/nyt_up_928_image-320x239.jpg,Revani,Revani
/home/yapbenzet/Desktop/Jean/cnn_food_classification/data/val/Revani/nyt_up_928_nyt-up-928-img-20180220-192051-320x427.jpg,Revani,Revani
/home/yapbenzet/Desktop/Jean/cnn_food_classification/data/val/Revani/nyt_up_928_recipe-2017-09-11-22-00-01-320x240.jpg,Revani,Revani
/home/yapbenzet/Desktop/Jean/cnn_food_classification/data/val/Revani/portakalli-revani-320x213.jpg,Revani,Revani
/home/yapbenzet/Desktop/Jean/cnn_food_classification/data/val/Revani/revani-buyuk-borcam-tepsi-olcusunde-320x213.jpeg,Revani,Revani
/home/yapbenzet/Desktop/Jean/cnn_food_classification/data/val/Sütlaç/000004.jpg,Sütlaç,Sütlaç
/home/yapbenzet/Desktop/Jean/cnn_food_classification/data/val/Sütlaç/000006.jpg,Sütlaç,Sütlaç
/home/yapbenzet/Desktop/Jean/cnn_food_classification/data/val/Sütlaç/000052.jpg,Sütlaç,Sütlaç
/home/yapbenzet/Desktop/Jean/cnn_food_classification/data/val/Sütlaç/000055.jpg,Sütlaç,Sütlaç
/home/yapbenzet/Desktop/Jean/cnn_food_classification/data/val/Sütlaç/000062.jpg,Sütlaç,Sütlaç
/home/yapbenzet/Desktop/Jean/cnn_food_classification/data/val/Sütlaç/000080.jpg,Sütlaç,Sütlaç
/home/yapbenzet/Desktop/Jean/cnn_food_classification/data/val/Sütlaç/nyt-up-1847185_20565398c4b99770044529700-320x180.jpeg,Sütlaç,Sütlaç
/home/yapbenzet/Desktop/Jean/cnn_food_classification/data/val/Sütlaç/nyt-up-1847185_346472eff623a91473072252-320x427.jpg,Sütlaç,Sütlaç
/home/yapbenzet/Desktop/Jean/cnn_food_classification/data/val/Sütlaç/nyt-up-1847185_77464ab1464e7929733438675-320x427.jpeg,Sütlaç,Sütlaç
/home/yapbenzet/Desktop/Jean/cnn_food_classification/data/val/Sütlaç/nyt-up-1847185_attachment-320x240_4.jpg,Sütlaç,Sütlaç
/home/yapbenzet/Desktop/Jean/cnn_food_classification/data/val/Sütlaç/nyt-up-1847185_attachment-320x427_1.jpg,Sütlaç,Sütlaç
/home/yapbenzet/Desktop/Jean/cnn_food_classification/data/val/Sütlaç/nyt-up-1847185_attachment-320x427_16.jpg,Sütlaç,Sütlaç
/home/yapbenzet/Desktop/Jean/cnn_food_classification/data/val/Sütlaç/nyt-up-1847185_attachment-320x427_22.jpg,Sütlaç,Sütlaç
/home/yapbenzet/Desktop/Jean/cnn_food_classification/data/val/Sütlaç/nyt-up-1847185_attachment-320x427_26.jpg,Sütlaç,Sütlaç
/home/yapbenzet/Desktop/Jean/cnn_food_classification/data/val/Sütlaç/nyt-up-1847185_attachment-320x427_27.jpg,Sütlaç,Sütlaç
/home/yapbenzet/Desktop/Jean/cnn_food_classification/data/val/Sütlaç/nyt-up-1847185_attachment-320x427_34.jpg,Sütlaç,Sütlaç
/home/yapbenzet/Desktop/Jean/cnn_food_classification/data/val/Sütlaç/nyt-up-1847185_attachment-320x427_35.jpg,Sütlaç,Sütlaç
/home/yapbenzet/Desktop/Jean/cnn_food_classification/data/val/Sütlaç/nyt-up-1847185_attachment-320x569_10.jpg,Sütlaç,Sütlaç
/home/yapbenzet/Desktop/Jean/cnn_food_classification/data/val/Sütlaç/nyt-up-1847185_attachment-320x569_3.jpg,Sütlaç,Sütlaç
/home/yapbenzet/Desktop/Jean/cnn_food_classification/data/val/Sütlaç/nyt-up-1847185_attachment-e1672500724101-320x180.jpg,Sütlaç,Sütlaç
/home/yapbenzet/Desktop/Jean/cnn_food_classification/data/val/Sütlaç/nyt-up-1847185_recipe-2022-06-20-17-54-50-320x240.jpg,Sütlaç,Sütlaç
/home/yapbenzet/Desktop/Jean/cnn_food_classification/data/val/Sütlaç/nyt-up-1847185_recipe-2022-08-01-14-43-09-320x569.jpg,Sütlaç,Sütlaç
/home/yapbenzet/Desktop/Jean/cnn_food_classification/data/val/Sütlaç/nyt-up-1847185_recipe-2022-09-17-22-35-53-320x427.jpg,Sütlaç,Sütlaç
/home/yapbenzet/Desktop/Jean/cnn_food_classification/data/val/Sütlaç/nyt-up-1847185_recipe-2022-10-03-10-22-18-320x239.jpg,Sütlaç,Sütlaç
/home/yapbenzet/Desktop/Jean/cnn_food_classification/data/val/Sütlaç/nyt-up-1847185_recipe-2023-02-23-18-24-12-320x569.jpg,Sütlaç,Sütlaç
/home/yapbenzet/Desktop/Jean/cnn_food_classification/data/val/Sütlaç/nyt-up-1847185_recipe-2023-05-31-15-30-02-320x427.jpg,Sütlaç,Sütlaç
/home/yapbenzet/Desktop/Jean/cnn_food_classification/data/val/Sütlaç/nyt-up-1847185_recipe-2023-06-06-10-17-04-296x640.jpg,Sütlaç,Sütlaç
/home/yapbenzet/Desktop/Jean/cnn_food_classification/data/val/Sütlaç/nyt-up-1847185_recipe-2023-10-08-17-39-50-320x144.jpg,Sütlaç,Sütlaç
/home/yapbenzet/Desktop/Jean/cnn_food_classification/data/val/Sütlaç/nyt-up-1847185_recipe-2023-11-10-21-08-18-320x240.jpg,Sütlaç,Sütlaç
/home/yapbenzet/Desktop/Jean/cnn_food_classification/data/val/Sütlaç/nyt-up-1847185_recipe-2023-12-19-20-58-23-320x240.jpg,Sütlaç,Sütlaç
/home/yapbenzet/Desktop/Jean/cnn_food_classification/data/val/Sütlaç/nyt-up-1847185_recipe-2024-01-02-22-57-58-320x240.jpg,Sütlaç,Sütlaç
/home/yapbenzet/Desktop/Jean/cnn_food_classification/data/val/Sütlaç/nyt-up-1847185_recipe-2024-02-18-23-55-48-299x640.jpg,Sütlaç,Sütlaç
/home/yapbenzet/Desktop/Jean/cnn_food_classification/data/val/Sütlaç/nyt-up-1847185_recipe-2024-02-19-20-37-18-320x427.jpg,Sütlaç,Sütlaç
/home/yapbenzet/Desktop/Jean/cnn_food_classification/data/val/Sütlaç/nyt-up-1847185_recipe-2024-03-26-17-20-59-320x427.jpg,Sütlaç,Sütlaç
/home/yapbenzet/Desktop/Jean/cnn_food_classification/data/val/Sütlaç/nyt-up-1847185_recipe-2024-03-28-13-49-52-320x568.jpg,Sütlaç,Sütlaç
/home/yapbenzet/Desktop/Jean/cnn_food_classification/data/val/Sütlaç/nyt-up-1847185_recipe-2024-03-28-15-24-31-320x240.jpg,Sütlaç,Sütlaç
/home/yapbenzet/Desktop/Jean/cnn_food_classification/data/val/Sütlaç/nyt-up-1847185_recipe-2024-04-07-20-12-25-e1712518540218-320x240.jpg,Sütlaç,Sütlaç
/home/yapbenzet/Desktop/Jean/cnn_food_classification/data/val/Sütlaç/nyt-up-1847185_recipe-2024-05-13-20-40-22-320x427.jpg,Sütlaç,Sütlaç
/home/yapbenzet/Desktop/Jean/cnn_food_classification/data/val/Sütlaç/nyt-up-1847185_recipe-2024-05-23-11-50-34-320x427.jpg,Sütlaç,Sütlaç
/home/yapbenzet/Desktop/Jean/cnn_food_classification/data/val/Sütlaç/nyt-up-1847185_recipe-2024-06-20-13-10-56-320x425.jpg,Sütlaç,Sütlaç
/home/yapbenzet/Desktop/Jean/cnn_food_classification/data/val/Sütlaç/nyt-up-1847185_recipe-2024-08-04-21-00-56-320x311.jpg,Sütlaç,Sütlaç
/home/yapbenzet/Desktop/Jean/cnn_food_classification/data/val/Sütlaç/nyt-up-1847185_recipe-2024-08-19-20-59-13-320x400.jpg,Sütlaç,Sütlaç
/home/yapbenzet/Desktop/Jean/cnn_food_classification/data/val/Sütlaç/nyt-up-1847185_recipe-2024-11-13-19-35-24-320x144.jpg,Sütlaç,Sütlaç
/home/yapbenzet/Desktop/Jean/cnn_food_classification/data/val/Sütlaç/nyt-up-1847185_recipe-2025-01-13-21-10-31-320x427.jpg,Sütlaç,Sütlaç
/home/yapbenzet/Desktop/Jean/cnn_food_classification/data/val/Sütlaç/nyt-up-1847185_recipe-2025-01-20-23-52-32-320x241.jpg,Sütlaç,Sütlaç
/home/yapbenzet/Desktop/Jean/cnn_food_classification/data/val/Sütlaç/nyt-up-195236_75165327afe05ce0188506814-320x427.jpg,Sütlaç,Sütlaç
/home/yapbenzet/Desktop/Jean/cnn_food_classification/data/val/Sütlaç/nyt-up-195236_954664b3901a901a263739710-320x180.jpg,Sütlaç,Sütlaç
/home/yapbenzet/Desktop/Jean/cnn_food_classification/data/val/Sütlaç/nyt-up-195236_attachment-1-320x569.jpg,Sütlaç,Sütlaç
/home/yapbenzet/Desktop/Jean/cnn_food_classification/data/val/Sütlaç/nyt-up-195236_attachment-320x427_2.jpg,Sütlaç,Sütlaç
/home/yapbenzet/Desktop/Jean/cnn_food_classification/data/val/Sütlaç/nyt-up-195236_attachment-320x427_20.jpg,Sütlaç,Sütlaç
/home/yapbenzet/Desktop/Jean/cnn_food_classification/data/val/Sütlaç/nyt-up-195236_attachment-320x427_30.jpg,Sütlaç,Sütlaç
/home/yapbenzet/Desktop/Jean/cnn_food_classification/data/val/Sütlaç/nyt-up-195236_attachment-320x427_35.jpg,Sütlaç,Sütlaç
/home/yapbenzet/Desktop/Jean/cnn_food_classification/data/val/Sütlaç/nyt-up-195236_attachment-320x427_38.jpg,Sütlaç,Sütlaç
/home/yapbenzet/Desktop/Jean/cnn_food_classification/data/val/Sütlaç/nyt-up-195236_attachment-320x569_5.jpg,Sütlaç,Aşure
/home/yapbenzet/Desktop/Jean/cnn_food_classification/data/val/Sütlaç/nyt-up-195236_recipe-2023-09-27-15-40-45-320x569.jpg,Sütlaç,Sütlaç
/home/yapbenzet/Desktop/Jean/cnn_food_classification/data/val/Sütlaç/nyt-up-195236_recipe-2023-10-22-13-33-13-320x569.jpg,Sütlaç,Sütlaç
/home/yapbenzet/Desktop/Jean/cnn_food_classification/data/val/Sütlaç/nyt-up-195236_recipe-2023-11-02-16-25-52-320x427.jpg,Sütlaç,Sütlaç
/home/yapbenzet/Desktop/Jean/cnn_food_classification/data/val/Sütlaç/nyt-up-195236_recipe-2023-11-08-23-20-40-320x426.jpg,Sütlaç,Sütlaç
/home/yapbenzet/Desktop/Jean/cnn_food_classification/data/val/Sütlaç/nyt-up-195236_recipe-2023-12-04-14-56-44-288x640.jpg,Sütlaç,Sütlaç
/home/yapbenzet/Desktop/Jean/cnn_food_classification/data/val/Sütlaç/nyt-up-195236_recipe-2023-12-11-15-15-59-320x240.jpg,Sütlaç,Sütlaç
/home/yapbenzet/Desktop/Jean/cnn_food_classification/data/val/Sütlaç/nyt-up-195236_recipe-2023-12-17-05-19-58-320x427.jpg,Sütlaç,Sütlaç
/home/yapbenzet/Desktop/Jean/cnn_food_classification/data/val/Sütlaç/nyt-up-195236_recipe-2024-01-23-00-41-24-320x427.jpg,Sütlaç,Sütlaç
/home/yapbenzet/Desktop/Jean/cnn_food_classification/data/val/Sütlaç/nyt-up-195236_recipe-2024-02-03-23-05-19-320x240.jpg,Sütlaç,Sütlaç
/home/yapbenzet/Desktop/Jean/cnn_food_classification/data/val/Sütlaç/nyt-up-195236_recipe-2024-02-09-08-49-31-320x427.jpg,Sütlaç,Sütlaç
/home/yapbenzet/Desktop/Jean/cnn_food_classification/data/val/Sütlaç/nyt-up-195236_recipe-2024-02-19-17-06-09-320x240.jpg,Sütlaç,Sütlaç
/home/yapbenzet/Desktop/Jean/cnn_food_classification/data/val/Sütlaç/nyt-up-195236_recipe-2024-03-04-23-37-55-320x320.jpg,Sütlaç,Sütlaç
/home/yapbenzet/Desktop/Jean/cnn_food_classification/data/val/Sütlaç/nyt-up-195236_recipe-2024-03-09-14-45-31-320x569.jpg,Sütlaç,Sütlaç
/home/yapbenzet/Desktop/Jean/cnn_food_classification/data/val/Sütlaç/nyt-up-195236_recipe-2024-03-14-21-11-15-320x156.jpg,Sütlaç,Sütlaç
/home/yapbenzet/Desktop/Jean/cnn_food_classification/data/val/Sütlaç/nyt-up-195236_recipe-2024-03-16-15-42-30-320x240.jpg,Sütlaç,Sütlaç
/home/yapbenzet/Desktop/Jean/cnn_food_classification/data/val/Sütlaç/nyt-up-195236_recipe-2024-03-20-19-00-27-288x640.jpg,Sütlaç,Sütlaç
/home/yapbenzet/Desktop/Jean/cnn_food_classification/data/val/Sütlaç/nyt-up-195236_recipe-2024-03-23-11-36-46-320x427.jpg,Sütlaç,Sütlaç
/home/yapbenzet/Desktop/Jean/cnn_food_classification/data/val/Sütlaç/nyt-up-195236_recipe-2024-04-25-21-14-05-320x427.jpg,Sütlaç,Sütlaç
/home/yapbenzet/Desktop/Jean/cnn_food_classification/data/val/Sütlaç/nyt-up-195236_recipe-2024-05-16-14-53-32-320x144.jpg,Sütlaç,Sütlaç
/home/yapbenzet/Desktop/Jean/cnn_food_classification/data/val/Sütlaç/nyt-up-195236_recipe-2024-05-18-21-43-28-320x180.jpg,Sütlaç,Sütlaç
/home/yapbenzet/Desktop/Jean/cnn_food_classification/data/val/Sütlaç/nyt-up-195236_recipe-2024-05-20-17-49-43-320x427.jpg,Sütlaç,Sütlaç
/home/yapbenzet/Desktop/Jean/cnn_food_classification/data/val/Sütlaç/nyt-up-195236_recipe-2024-06-11-21-11-57-320x427.jpg,Sütlaç,Sütlaç
/home/yapbenzet/Desktop/Jean/cnn_food_classification/data/val/Sütlaç/nyt-up-195236_recipe-2024-06-15-02-06-34-320x240.jpg,Sütlaç,Sütlaç
/home/yapbenzet/Desktop/Jean/cnn_food_classification/data/val/Sütlaç/nyt-up-195236_recipe-2024-09-18-17-25-16-320x423.jpg,Sütlaç,Sütlaç
/home/yapbenzet/Desktop/Jean/cnn_food_classification/data/val/Sütlaç/nyt-up-195236_recipe-2024-09-27-15-19-37-320x148.jpg,Sütlaç,Sütlaç
/home/yapbenzet/Desktop/Jean/cnn_food_classification/data/val/Sütlaç/nyt-up-195236_recipe-2024-10-06-19-40-51-320x480.jpg,Sütlaç,Esmer Ekmek
/home/yapbenzet/Desktop/Jean/cnn_food_classification/data/val/Sütlaç/nyt-up-195236_recipe-2024-11-07-08-46-41-320x428.jpg,Sütlaç,Sütlaç
/home/yapbenzet/Desktop/Jean/cnn_food_classification/data/val/Sütlaç/nyt-up-195236_recipe-2024-12-04-19-47-36-320x569.jpg,Sütlaç,Sütlaç
/home/yapbenzet/Desktop/Jean/cnn_food_classification/data/val/Sütlaç/nyt-up-195236_recipe-2024-12-04-22-48-02-320x427.jpg,Sütlaç,Sütlaç
/home/yapbenzet/Desktop/Jean/cnn_food_classification/data/val/Sütlaç/nyt-up-195236_recipe-2024-12-07-17-16-41-e1733591638439-320x240.jpg,Sütlaç,Sütlaç
/home/yapbenzet/Desktop/Jean/cnn_food_classification/data/val/Sütlaç/nyt-up-195236_recipe-2024-12-25-16-08-30-e1735199305122-320x240.jpg,Sütlaç,Sütlaç
/home/yapbenzet/Desktop/Jean/cnn_food_classification/data/val/Sütlaç/nyt-up-31171_20065fb07b3c7980036042770-320x427.jpg,Sütlaç,Sütlaç
/home/yapbenzet/Desktop/Jean/cnn_food_classification/data/val/Sütlaç/nyt-up-31171_319679985f1cbb28491529851-320x427.jpg,Sütlaç,Sütlaç
/home/yapbenzet/Desktop/Jean/cnn_food_classification/data/val/Sütlaç/nyt-up-31171_374624c5033e397f931882040-320x427.jpg,Sütlaç,Sütlaç
/home/yapbenzet/Desktop/Jean/cnn_food_classification/data/val/Sütlaç/nyt-up-31171_38560a01b1f6c598848707780-320x364.jpg,Sütlaç,Sütlaç
/home/yapbenzet/Desktop/Jean/cnn_food_classification/data/val/Sütlaç/nyt-up-31171_509626415ccb75f2477001066-320x427.jpg,Sütlaç,Sütlaç
/home/yapbenzet/Desktop/Jean/cnn_food_classification/data/val/Sütlaç/nyt-up-31171_53067977d873b2c3868051273-320x427.jpg,Sütlaç,Sütlaç
/home/yapbenzet/Desktop/Jean/cnn_food_classification/data/val/Sütlaç/nyt-up-31171_58565f99b23c5e18935185180-320x241.jpg,Sütlaç,Sütlaç
/home/yapbenzet/Desktop/Jean/cnn_food_classification/data/val/Sütlaç/nyt-up-31171_599606ca0c1ace79442936370-320x240.jpg,Sütlaç,Sütlaç
/home/yapbenzet/Desktop/Jean/cnn_food_classification/data/val/Sütlaç/nyt-up-31171_6625e2493585bf3f416667341-320x427.jpg,Sütlaç,Sütlaç
/home/yapbenzet/Desktop/Jean/cnn_food_classification/data/val/Sütlaç/nyt-up-31171_68864c61b5d6ffae722914170-320x569.jpg,Sütlaç,Sütlaç
/home/yapbenzet/Desktop/Jean/cnn_food_classification/data/val/Sütlaç/nyt-up-31171_7565f07cd31f74d613548208-320x240.jpeg,Sütlaç,Sütlaç
/home/yapbenzet/Desktop/Jean/cnn_food_classification/data/val/Sütlaç/nyt-up-31171_7635eb01e47d6a4b484545251-320x240.jpg,Sütlaç,Sütlaç
/home/yapbenzet/Desktop/Jean/cnn_food_classification/data/val/Sütlaç/nyt-up-31171_8815ea21548b2433669788450-320x427.jpg,Sütlaç,Sütlaç
/home/yapbenzet/Desktop/Jean/cnn_food_classification/data/val/Sütlaç/nyt-up-31171_934676c5340319e8956295244-320x320.jpg,Sütlaç,Sütlaç
/home/yapbenzet/Desktop/Jean/cnn_food_classification/data/val/Sütlaç/nyt-up-31171_attachment-1-320x427_2.jpg,Sütlaç,Sütlaç
/home/yapbenzet/Desktop/Jean/cnn_food_classification/data/val/Sütlaç/nyt-up-31171_attachment-320x180.jpg,Sütlaç,Sütlaç
/home/yapbenzet/Desktop/Jean/cnn_food_classification/data/val/Sütlaç/nyt-up-31171_attachment-320x236.jpg,Sütlaç,Sütlaç
/home/yapbenzet/Desktop/Jean/cnn_food_classification/data/val/Sütlaç/nyt-up-31171_attachment-320x369.jpg,Sütlaç,Sütlaç
/home/yapbenzet/Desktop/Jean/cnn_food_classification/data/val/Sütlaç/nyt-up-31171_attachment-320x427_17.jpg,Sütlaç,Sütlaç
/home/yapbenzet/Desktop/Jean/cnn_food_classification/data/val/Sütlaç/nyt-up-31171_attachment-320x427_20.jpg,Sütlaç,Sütlaç
/home/yapbenzet/Desktop/Jean/cnn_food_classification/data/val/Sütlaç/nyt-up-31171_attachment-320x427_3.jpg,Sütlaç,Sütlaç
/home/yapbenzet/Desktop/Jean/cnn_food_classification/data/val/Sütlaç/nyt-up-31171_attachment-320x427_5.jpg,Sütlaç,Sütlaç
/home/yapbenzet/Desktop/Jean/cnn_food_classification/data/val/Sütlaç/nyt-up-31171_attachment-320x568_1.jpg,Sütlaç,Sütlaç
/home/yapbenzet/Desktop/Jean/cnn_food_classification/data/val/Sütlaç/nyt-up-31171_attachment-320x569.jpg,Sütlaç,Sütlaç
/home/yapbenzet/Desktop/Jean/cnn_food_classification/data/val/Sütlaç/nyt-up-31171_recipe-2020-01-01-17-04-49-320x568.jpg,Sütlaç,Sütlaç
/home/yapbenzet/Desktop/Jean/cnn_food_classification/data/val/Sütlaç/nyt-up-31171_recipe-2020-01-04-10-34-43-320x568.jpg,Sütlaç,Sütlaç
/home/yapbenzet/Desktop/Jean/cnn_food_classification/data/val/Sütlaç/nyt-up-31171_recipe-2020-01-05-16-25-24-320x427.jpg,Sütlaç,Sütlaç
/home/yapbenzet/Desktop/Jean/cnn_food_classification/data/val/Sütlaç/nyt-up-31171_recipe-2020-01-15-23-31-59-320x427.jpg,Sütlaç,Sütlaç
/home/yapbenzet/Desktop/Jean/cnn_food_classification/data/val/Sütlaç/nyt-up-31171_recipe-2020-03-27-20-29-12-320x427.jpg,Sütlaç,Sütlaç
/home/yapbenzet/Desktop/Jean/cnn_food_classification/data/val/Sütlaç/nyt-up-31171_recipe-2020-03-30-13-06-59-320x427.jpg,Sütlaç,Sütlaç
/home/yapbenzet/Desktop/Jean/cnn_food_classification/data/val/Sütlaç/nyt-up-31171_recipe-2020-04-01-01-14-49-307x640.jpg,Sütlaç,Sütlaç
/home/yapbenzet/Desktop/Jean/cnn_food_classification/data/val/Sütlaç/nyt-up-31171_recipe-2020-04-19-22-00-03-320x427.jpg,Sütlaç,Sütlaç
/home/yapbenzet/Desktop/Jean/cnn_food_classification/data/val/Sütlaç/nyt-up-31171_recipe-2020-04-24-20-15-44-320x427.jpg,Sütlaç,Sütlaç
/home/yapbenzet/Desktop/Jean/cnn_food_classification/data/val/Sütlaç/nyt-up-31171_recipe-2020-05-02-14-54-34-320x569.jpg,Sütlaç,Sütlaç
/home/yapbenzet/Desktop/Jean/cnn_food_classification/data/val/Sütlaç/nyt-up-31171_recipe-2020-06-08-01-29-48-320x569.jpg,Sütlaç,Sütlaç
/home/yapbenzet/Desktop/Jean/cnn_food_classification/data/val/Sütlaç/nyt-up-31171_recipe-2020-06-14-22-06-16-320x640.jpg,Sütlaç,Sütlaç
/home/yapbenzet/Desktop/Jean/cnn_food_classification/data/val/Sütlaç/nyt-up-31171_recipe-2020-12-24-21-55-11-311x640.jpg,Sütlaç,Sütlaç
/home/yapbenzet/Desktop/Jean/cnn_food_classification/data/val/Sütlaç/nyt-up-31171_recipe-2021-01-02-19-57-21-320x569.jpg,Sütlaç,Sütlaç
/home/yapbenzet/Desktop/Jean/cnn_food_classification/data/val/Sütlaç/nyt-up-31171_recipe-2021-01-03-22-02-18-320x568.jpg,Sütlaç,Sütlaç
/home/yapbenzet/Desktop/Jean/cnn_food_classification/data/val/Sütlaç/nyt-up-31171_recipe-2021-01-10-22-03-59-320x427.jpg,Sütlaç,Sütlaç
/home/yapbenzet/Desktop/Jean/cnn_food_classification/data/val/Sütlaç/nyt-up-31171_recipe-2021-04-16-17-33-10-320x240.jpg,Sütlaç,Sütlaç
/home/yapbenzet/Desktop/Jean/cnn_food_classification/data/val/Sütlaç/nyt-up-31171_recipe-2022-04-13-16-34-07-320x240.jpg,Sütlaç,Sütlaç
/home/yapbenzet/Desktop/Jean/cnn_food_classification/data/val/Sütlaç/nyt-up-31171_recipe-2022-05-16-18-53-54-320x427.jpg,Sütlaç,Sütlaç
/home/yapbenzet/Desktop/Jean/cnn_food_classification/data/val/Sütlaç/nyt-up-31171_recipe-2022-12-30-18-43-57-320x428.jpg,Sütlaç,Sütlaç
/home/yapbenzet/Desktop/Jean/cnn_food_classification/data/val/Sütlaç/nyt-up-31171_recipe-2023-04-10-18-49-23-e1681157886279-320x427.jpg,Sütlaç,Sütlaç
/home/yapbenzet/Desktop/Jean/cnn_food_classification/data/val/Sütlaç/nyt-up-31171_recipe-2024-01-20-14-40-44-288x640.jpg,Sütlaç,Sütlaç
/home/yapbenzet/Desktop/Jean/cnn_food_classification/data/val/Sütlaç/nyt-up-31171_recipe-2025-01-21-23-30-53-288x640.jpg,Sütlaç,Sütlaç
/home/yapbenzet/Desktop/Jean/cnn_food_classification/data/val/Sütlaç/nyt-up-662832_attachment-1-320x427.jpg,Sütlaç,Sütlaç
/home/yapbenzet/Desktop/Jean/cnn_food_classification/data/val/Sütlaç/nyt-up-662832_attachment-320x240_2.jpg,Sütlaç,Sütlaç
/home/yapbenzet/Desktop/Jean/cnn_food_classification/data/val/Sütlaç/nyt-up-662832_attachment-320x427_10.jpg,Sütlaç,Sütlaç
/home/yapbenzet/Desktop/Jean/cnn_food_classification/data/val/Sütlaç/nyt-up-662832_attachment-320x427_12.jpg,Sütlaç,Sütlaç
/home/yapbenzet/Desktop/Jean/cnn_food_classification/data/val/Sütlaç/nyt-up-662832_attachment-320x427_23.jpg,Sütlaç,Sütlaç
/home/yapbenzet/Desktop/Jean/cnn_food_classification/data/val/Sütlaç/nyt-up-662832_attachment-320x427_27.jpg,Sütlaç,Sütlaç
/home/yapbenzet/Desktop/Jean/cnn_food_classification/data/val/Sütlaç/nyt-up-662832_attachment-320x427_31.jpg,Sütlaç,Sütlaç
/home/yapbenzet/Desktop/Jean/cnn_food_classification/data/val/Sütlaç/nyt-up-662832_attachment-320x569.jpg,Sütlaç,Sütlaç
/home/yapbenzet/Desktop/Jean/cnn_food_classification/data/val/Sütlaç/nyt-up-662832_recipe-2020-04-26-14-14-39-320x180.jpg,Sütlaç,Sütlaç
/home/yapbenzet/Desktop/Jean/cnn_food_classification/data/val/Sütlaç/nyt-up-662832_recipe-2020-05-03-15-38-35-320x427.jpg,Sütlaç,Sütlaç
/home/yapbenzet/Desktop/Jean/cnn_food_classification/data/val/Sütlaç/nyt-up-662832_recipe-2020-05-19-15-45-21-e1589892467345-320x180.jpg,Sütlaç,Sütlaç
/home/yapbenzet/Desktop/Jean/cnn_food_classification/data/val/Sütlaç/nyt-up-662832_recipe-2020-05-23-19-00-15-320x568.jpg,Sütlaç,Sütlaç
/home/yapbenzet/Desktop/Jean/cnn_food_classification/data/val/Sütlaç/nyt-up-662832_recipe-2020-06-14-23-44-29-320x568.jpg,Sütlaç,Hamburger
/home/yapbenzet/Desktop/Jean/cnn_food_classification/data/val/Sütlaç/nyt-up-662832_recipe-2020-07-19-20-18-05-320x569.jpg,Sütlaç,Sütlaç
/home/yapbenzet/Desktop/Jean/cnn_food_classification/data/val/Sütlaç/nyt-up-662832_recipe-2020-08-27-17-42-27-320x427.jpg,Sütlaç,Sütlaç
/home/yapbenzet/Desktop/Jean/cnn_food_classification/data/val/Sütlaç/nyt-up-662832_recipe-2021-02-02-20-25-30-320x240.jpg,Sütlaç,Sütlaç
/home/yapbenzet/Desktop/Jean/cnn_food_classification/data/val/Sütlaç/nyt-up-662832_recipe-2021-03-06-22-05-21-320x503.jpg,Sütlaç,Sütlaç
/home/yapbenzet/Desktop/Jean/cnn_food_classification/data/val/Sütlaç/nyt-up-662832_recipe-2022-02-07-14-06-14-320x320.jpg,Sütlaç,Sütlaç
/home/yapbenzet/Desktop/Jean/cnn_food_classification/data/val/Sütlaç/nyt-up-662832_recipe-2022-03-23-19-00-42-320x427.jpg,Sütlaç,Sütlaç
/home/yapbenzet/Desktop/Jean/cnn_food_classification/data/val/Sütlaç/nyt-up-662832_recipe-2023-05-30-18-38-06-320x223.jpg,Sütlaç,Sütlaç
/home/yapbenzet/Desktop/Jean/cnn_food_classification/data/val/Sütlaç/nyt-up-662832_recipe-2023-06-03-21-55-09-320x428.jpg,Sütlaç,Sütlaç
/home/yapbenzet/Desktop/Jean/cnn_food_classification/data/val/Sütlaç/nyt-up-662832_recipe-2023-09-17-13-51-32-320x240.jpg,Sütlaç,Sütlaç
/home/yapbenzet/Desktop/Jean/cnn_food_classification/data/val/Sütlaç/nyt-up-662832_recipe-2023-10-07-12-47-48-e1696685335332-320x240.jpg,Sütlaç,Sütlaç
/home/yapbenzet/Desktop/Jean/cnn_food_classification/data/val/Sütlaç/nyt-up-662832_recipe-2024-03-08-21-21-34-320x239.jpg,Sütlaç,Sütlaç
/home/yapbenzet/Desktop/Jean/cnn_food_classification/data/val/Sütlaç/nyt-up-662832_recipe-2024-03-12-21-57-15-320x427.jpg,Sütlaç,Sütlaç
/home/yapbenzet/Desktop/Jean/cnn_food_classification/data/val/Sütlaç/nyt-up-662832_recipe-2024-03-18-15-29-20-320x569.jpg,Sütlaç,Sütlaç
/home/yapbenzet/Desktop/Jean/cnn_food_classification/data/val/Sütlaç/nyt-up-662832_recipe-2024-05-26-22-20-35-320x427.jpg,Sütlaç,Sütlaç
/home/yapbenzet/Desktop/Jean/cnn_food_classification/data/val/Sütlaç/nyt-up-7383790_1096745e0da85895191853402-320x427.jpg,Sütlaç,Sütlaç
/home/yapbenzet/Desktop/Jean/cnn_food_classification/data/val/Sütlaç/nyt-up-7383790_96367629a2f9f59d988839262-320x427.jpeg,Sütlaç,Sütlaç
/home/yapbenzet/Desktop/Jean/cnn_food_classification/data/val/Sütlaç/nyt-up-7383790_attachment-320x394.jpg,Sütlaç,Sütlaç
/home/yapbenzet/Desktop/Jean/cnn_food_classification/data/val/Sütlaç/nyt-up-7383790_attachment-320x427_21.jpg,Sütlaç,Sütlaç
/home/yapbenzet/Desktop/Jean/cnn_food_classification/data/val/Sütlaç/nyt-up-7383790_attachment-320x427_31.jpg,Sütlaç,Sütlaç
/home/yapbenzet/Desktop/Jean/cnn_food_classification/data/val/Sütlaç/nyt-up-7383790_attachment-320x427_35.jpg,Sütlaç,Sütlaç
/home/yapbenzet/Desktop/Jean/cnn_food_classification/data/val/Sütlaç/nyt-up-7383790_attachment-320x427_42.jpg,Sütlaç,Sütlaç
/home/yapbenzet/Desktop/Jean/cnn_food_classification/data/val/Sütlaç/nyt-up-7383790_attachment-320x569_6.jpg,Sütlaç,Sütlaç
/home/yapbenzet/Desktop/Jean/cnn_food_classification/data/val/Sütlaç/nyt-up-7383790_recipe-2021-02-13-20-22-34-320x427.jpg,Sütlaç,Sütlaç
/home/yapbenzet/Desktop/Jean/cnn_food_classification/data/val/Sütlaç/nyt-up-7383790_recipe-2021-04-09-11-51-34-320x427.jpg,Sütlaç,Sütlaç
/home/yapbenzet/Desktop/Jean/cnn_food_classification/data/val/Sütlaç/nyt-up-7383790_recipe-2021-04-22-17-48-17-320x427.jpg,Sütlaç,Sütlaç
/home/yapbenzet/Desktop/Jean/cnn_food_classification/data/val/Sütlaç/nyt-up-7383790_recipe-2021-06-01-21-43-25-320x240.jpg,Sütlaç,Sütlaç
/home/yapbenzet/Desktop/Jean/cnn_food_classification/data/val/Sütlaç/nyt-up-7383790_recipe-2021-06-03-00-26-24-320x231.jpg,Sütlaç,Sütlaç
/home/yapbenzet/Desktop/Jean/cnn_food_classification/data/val/Sütlaç/nyt-up-7383790_recipe-2021-08-24-21-58-56-320x320.jpg,Sütlaç,Sütlaç
/home/yapbenzet/Desktop/Jean/cnn_food_classification/data/val/Sütlaç/nyt-up-7383790_recipe-2021-09-28-15-09-10-320x427.jpg,Sütlaç,Sütlaç
/home/yapbenzet/Desktop/Jean/cnn_food_classification/data/val/Sütlaç/nyt-up-7383790_recipe-2021-12-04-23-09-32-320x320.jpg,Sütlaç,Sütlaç
/home/yapbenzet/Desktop/Jean/cnn_food_classification/data/val/Sütlaç/nyt-up-7383790_recipe-2022-01-13-18-34-25-320x568.jpg,Sütlaç,Sütlaç
/home/yapbenzet/Desktop/Jean/cnn_food_classification/data/val/Sütlaç/nyt-up-7383790_recipe-2022-02-03-00-27-33-320x426.jpg,Sütlaç,Sütlaç
/home/yapbenzet/Desktop/Jean/cnn_food_classification/data/val/Sütlaç/nyt-up-7383790_recipe-2022-02-04-16-53-50-320x427.jpg,Sütlaç,Sütlaç
/home/yapbenzet/Desktop/Jean/cnn_food_classification/data/val/Sütlaç/nyt-up-7383790_recipe-2022-02-17-15-18-11-320x427.jpg,Sütlaç,Sütlaç
/home/yapbenzet/Desktop/Jean/cnn_food_classification/data/val/Sütlaç/nyt-up-7383790_recipe-2022-04-18-21-30-12-320x240.jpg,Sütlaç,Sütlaç
/home/yapbenzet/Desktop/Jean/cnn_food_classification/data/val/Sütlaç/nyt-up-7383790_recipe-2022-10-24-16-20-48-320x427.jpg,Sütlaç,Sütlaç
/home/yapbenzet/Desktop/Jean/cnn_food_classification/data/val/Sütlaç/nyt-up-7383790_recipe-2022-10-30-20-35-27-320x427.jpg,Sütlaç,Sütlaç
/home/yapbenzet/Desktop/Jean/cnn_food_classification/data/val/Sütlaç/nyt-up-7383790_recipe-2023-02-22-22-09-30-320x427.jpg,Sütlaç,Sütlaç
/home/yapbenzet/Desktop/Jean/cnn_food_classification/data/val/Sütlaç/nyt-up-7383790_recipe-2023-04-01-16-33-55-320x425.jpg,Sütlaç,Aşure
/home/yapbenzet/Desktop/Jean/cnn_food_classification/data/val/Sütlaç/nyt-up-7383790_recipe-2023-04-05-18-31-45-320x223.jpg,Sütlaç,Sütlaç
/home/yapbenzet/Desktop/Jean/cnn_food_classification/data/val/Sütlaç/nyt-up-7383790_recipe-2023-04-28-13-03-09-288x640.jpg,Sütlaç,Sütlaç
/home/yapbenzet/Desktop/Jean/cnn_food_classification/data/val/Sütlaç/nyt-up-7383790_recipe-2023-05-21-13-22-37-320x180.jpg,Sütlaç,Sütlaç
/home/yapbenzet/Desktop/Jean/cnn_food_classification/data/val/Sütlaç/nyt-up-7383790_recipe-2023-05-24-20-23-43-320x569.jpg,Sütlaç,Sütlaç
/home/yapbenzet/Desktop/Jean/cnn_food_classification/data/val/Sütlaç/nyt-up-7383790_recipe-2023-12-08-20-36-06-e1702064024498-320x180.jpg,Sütlaç,Sütlaç
/home/yapbenzet/Desktop/Jean/cnn_food_classification/data/val/Sütlaç/nyt-up-7383790_recipe-2024-01-14-19-59-29-320x427.jpg,Sütlaç,Sütlaç
/home/yapbenzet/Desktop/Jean/cnn_food_classification/data/val/Sütlaç/nyt-up-7383790_recipe-2024-02-03-10-32-35-320x240.jpg,Sütlaç,Sütlaç
/home/yapbenzet/Desktop/Jean/cnn_food_classification/data/val/Sütlaç/nyt-up-7383790_recipe-2024-03-31-05-05-35-320x427.jpg,Sütlaç,Sütlaç
/home/yapbenzet/Desktop/Jean/cnn_food_classification/data/val/Sütlaç/nyt-up-7383790_recipe-2024-04-10-00-44-36-320x240.jpg,Sütlaç,Sütlaç
/home/yapbenzet/Desktop/Jean/cnn_food_classification/data/val/Sütlaç/nyt-up-7383790_recipe-2024-05-02-15-38-01-288x640.jpg,Sütlaç,Sütlaç
/home/yapbenzet/Desktop/Jean/cnn_food_classification/data/val/Sütlaç/nyt-up-7383790_recipe-2024-10-14-12-55-46-320x568.jpg,Sütlaç,Sütlaç
/home/yapbenzet/Desktop/Jean/cnn_food_classification/data/val/Sütlaç/nyt-up-939_10263e92094376c6487577525-320x240.jpg,Sütlaç,Sütlaç
/home/yapbenzet/Desktop/Jean/cnn_food_classification/data/val/Sütlaç/nyt-up-939_18362eac35cbe2ea409107398-320x427.jpg,Sütlaç,Sütlaç
/home/yapbenzet/Desktop/Jean/cnn_food_classification/data/val/Sütlaç/nyt-up-939_32061a536cfd606a653852555-320x234.jpg,Sütlaç,Sütlaç
/home/yapbenzet/Desktop/Jean/cnn_food_classification/data/val/Sütlaç/nyt-up-939_84265301b67dd9c9465069576-320x427.jpg,Sütlaç,Sütlaç
/home/yapbenzet/Desktop/Jean/cnn_food_classification/data/val/Sütlaç/nyt-up-939_9125eaea64b43be6476373005-320x570.jpg,Sütlaç,Sütlaç
/home/yapbenzet/Desktop/Jean/cnn_food_classification/data/val/Sütlaç/nyt-up-939_9376645ac9c3b0ea074156979-320x241.jpg,Sütlaç,Sütlaç
/home/yapbenzet/Desktop/Jean/cnn_food_classification/data/val/Sütlaç/nyt-up-939_attachment-320x427_2.jpg,Sütlaç,Sütlaç
/home/yapbenzet/Desktop/Jean/cnn_food_classification/data/val/Sütlaç/nyt-up-939_recipe-2019-04-30-21-55-15-320x568.jpg,Sütlaç,Sütlaç
/home/yapbenzet/Desktop/Jean/cnn_food_classification/data/val/Sütlaç/nyt-up-939_recipe-2019-10-05-21-00-12-320x240.jpg,Sütlaç,Sütlaç
/home/yapbenzet/Desktop/Jean/cnn_food_classification/data/val/Sütlaç/nyt-up-939_recipe-2021-05-08-01-20-21-320x427.jpg,Sütlaç,Sütlaç
/home/yapbenzet/Desktop/Jean/cnn_food_classification/data/val/Sütlaç/nyt-up-939_recipe-2022-02-13-17-55-51-320x240.jpg,Sütlaç,Sütlaç
/home/yapbenzet/Desktop/Jean/cnn_food_classification/data/val/Sütlaç/nyt-up-939_recipe-2023-12-14-19-41-36-320x240.jpg,Sütlaç,Sütlaç
/home/yapbenzet/Desktop/Jean/cnn_food_classification/data/val/Sütlaç/nyt_up_939_20151217_153254-e1450361097839-320x569.jpg,Sütlaç,Sütlaç
/home/yapbenzet/Desktop/Jean/cnn_food_classification/data/val/Sütlaç/nyt_up_939_583ee03df0032-320x180.jpg,Sütlaç,Sütlaç
/home/yapbenzet/Desktop/Jean/cnn_food_classification/data/val/Sütlaç/nyt_up_939_58763d574b122-320x180.jpg,Sütlaç,Sütlaç
/home/yapbenzet/Desktop/Jean/cnn_food_classification/data/val/Sütlaç/nyt_up_939_attachment-320x240_2.jpg,Sütlaç,Sütlaç
/home/yapbenzet/Desktop/Jean/cnn_food_classification/data/val/Sütlaç/nyt_up_939_attachment-320x259.jpg,Sütlaç,Sütlaç
/home/yapbenzet/Desktop/Jean/cnn_food_classification/data/val/Sütlaç/nyt_up_939_attachment-320x427.jpg,Sütlaç,Sütlaç
/home/yapbenzet/Desktop/Jean/cnn_food_classification/data/val/Sütlaç/nyt_up_939_attachment-320x427_3.jpg,Sütlaç,Sütlaç
/home/yapbenzet/Desktop/Jean/cnn_food_classification/data/val/Sütlaç/nyt_up_939_attachment-320x427_7.jpg,Sütlaç,Sütlaç
/home/yapbenzet/Desktop/Jean/cnn_food_classification/data/val/Sütlaç/nyt_up_939_attachment-320x569.jpg,Sütlaç,Sütlaç
/home/yapbenzet/Desktop/Jean/cnn_food_classification/data/val/Sütlaç/nyt_up_939_recipe-2015-02-17-17-17-30-320x240.jpg,Sütlaç,Sütlaç
/home/yapbenzet/Desktop/Jean/cnn_food_classification/data/val/Sütlaç/nyt_up_939_recipe-2015-02-25-20-26-49-320x240.jpg,Sütlaç,Sütlaç
/home/yapbenzet/Desktop/Jean/cnn_food_classification/data/val/Sütlaç/nyt_up_939_recipe-2015-05-18-18-09-31-320x240.jpg,Sütlaç,Sütlaç
/home/yapbenzet/Desktop/Jean/cnn_food_classification/data/val/Sütlaç/nyt_up_939_recipe-2015-06-06-20-57-28-320x427.jpg,Sütlaç,Sütlaç
/home/yapbenzet/Desktop/Jean/cnn_food_classification/data/val/Sütlaç/nyt_up_939_recipe-2015-12-15-13-00-42-320x569.jpg,Sütlaç,Sütlaç
/home/yapbenzet/Desktop/Jean/cnn_food_classification/data/val/Sütlaç/nyt_up_939_recipe-2015-12-26-21-47-21-320x533.jpg,Sütlaç,Sütlaç
/home/yapbenzet/Desktop/Jean/cnn_food_classification/data/val/Sütlaç/nyt_up_939_recipe-2016-02-29-16-57-35-e1456766341394-320x180.jpg,Sütlaç,Sütlaç
/home/yapbenzet/Desktop/Jean/cnn_food_classification/data/val/Sütlaç/nyt_up_939_recipe-2016-05-06-10-57-50-320x240.jpg,Sütlaç,Sütlaç
/home/yapbenzet/Desktop/Jean/cnn_food_classification/data/val/Sütlaç/nyt_up_939_recipe-2016-06-06-17-44-23-320x568.jpg,Sütlaç,Sütlaç
/home/yapbenzet/Desktop/Jean/cnn_food_classification/data/val/Sütlaç/nyt_up_939_recipe-2016-06-23-20-31-03-e1466703329707-320x533.jpg,Sütlaç,Sütlaç
/home/yapbenzet/Desktop/Jean/cnn_food_classification/data/val/Sütlaç/nyt_up_939_recipe-2016-11-18-17-15-51-320x180.jpg,Sütlaç,Sütlaç
/home/yapbenzet/Desktop/Jean/cnn_food_classification/data/val/Sütlaç/nyt_up_939_recipe-2016-12-17-14-05-56-320x240.jpg,Sütlaç,Sütlaç
/home/yapbenzet/Desktop/Jean/cnn_food_classification/data/val/Sütlaç/nyt_up_939_recipe-2017-02-17-18-08-41-320x427.jpg,Sütlaç,Sütlaç
/home/yapbenzet/Desktop/Jean/cnn_food_classification/data/val/Sütlaç/nyt_up_939_recipe-2017-11-26-11-21-22-e1511685195781-320x240.jpg,Sütlaç,Sütlaç
/home/yapbenzet/Desktop/Jean/cnn_food_classification/data/val/Sütlaç/nyt_up_939_recipe-2019-02-10-18-13-29-320x568.jpg,Sütlaç,Sütlaç
/home/yapbenzet/Desktop/Jean/cnn_food_classification/data/val/Sütlaç/nyt_up_939_recipe-2019-03-17-12-39-26-320x568.jpg,Sütlaç,Sütlaç
/home/yapbenzet/Desktop/Jean/cnn_food_classification/data/val/Tarhana Çorbası/000001.jpg,Tarhana Çorbası,Ezogelin Çorbası
/home/yapbenzet/Desktop/Jean/cnn_food_classification/data/val/Tarhana Çorbası/000004.jpg,Tarhana Çorbası,Tarhana Çorbası
/home/yapbenzet/Desktop/Jean/cnn_food_classification/data/val/Tarhana Çorbası/000008.jpg,Tarhana Çorbası,Ezogelin Çorbası
/home/yapbenzet/Desktop/Jean/cnn_food_classification/data/val/Tarhana Çorbası/000009.jpg,Tarhana Çorbası,Mercimek Çorbası
/home/yapbenzet/Desktop/Jean/cnn_food_classification/data/val/Tarhana Çorbası/000011.jpg,Tarhana Çorbası,Tarhana Çorbası
/home/yapbenzet/Desktop/Jean/cnn_food_classification/data/val/Tarhana Çorbası/000027.jpg,Tarhana Çorbası,Mercimek Çorbası
/home/yapbenzet/Desktop/Jean/cnn_food_classification/data/val/Tarhana Çorbası/000039.jpg,Tarhana Çorbası,Tarhana Çorbası
/home/yapbenzet/Desktop/Jean/cnn_food_classification/data/val/Tarhana Çorbası/000041.jpg,Tarhana Çorbası,Pirinç Pilavı
/home/yapbenzet/Desktop/Jean/cnn_food_classification/data/val/Tarhana Çorbası/000042.jpg,Tarhana Çorbası,Ezogelin Çorbası
/home/yapbenzet/Desktop/Jean/cnn_food_classification/data/val/Tarhana Çorbası/000043.jpg,Tarhana Çorbası,Mercimek Çorbası
/home/yapbenzet/Desktop/Jean/cnn_food_classification/data/val/Tarhana Çorbası/000044.jpg,Tarhana Çorbası,Sütlaç
/home/yapbenzet/Desktop/Jean/cnn_food_classification/data/val/Tarhana Çorbası/000046.jpg,Tarhana Çorbası,Ezogelin Çorbası
/home/yapbenzet/Desktop/Jean/cnn_food_classification/data/val/Tarhana Çorbası/000054.jpg,Tarhana Çorbası,Mercimek Çorbası
/home/yapbenzet/Desktop/Jean/cnn_food_classification/data/val/Tarhana Çorbası/000055 (1).JPG,Tarhana Çorbası,Mercimek Çorbası
/home/yapbenzet/Desktop/Jean/cnn_food_classification/data/val/Tarhana Çorbası/000068.jpg,Tarhana Çorbası,Mercimek Çorbası
/home/yapbenzet/Desktop/Jean/cnn_food_classification/data/val/Tarhana Çorbası/nyt-up-182090_attachment-320x427_1.jpg,Tarhana Çorbası,Tarhana Çorbası
/home/yapbenzet/Desktop/Jean/cnn_food_classification/data/val/Tarhana Çorbası/nyt-up-182090_attachment-320x569.jpg,Tarhana Çorbası,Tarhana Çorbası
/home/yapbenzet/Desktop/Jean/cnn_food_classification/data/val/Tarhana Çorbası/nyt-up-182090_recipe-2019-12-13-22-53-30-320x427.jpg,Tarhana Çorbası,Mercimek Çorbası
/home/yapbenzet/Desktop/Jean/cnn_food_classification/data/val/Tarhana Çorbası/nyt-up-182090_recipe-2020-04-23-02-34-24-320x427.jpg,Tarhana Çorbası,Ezogelin Çorbası
/home/yapbenzet/Desktop/Jean/cnn_food_classification/data/val/Tarhana Çorbası/nyt-up-182090_recipe-2020-11-29-17-29-41-320x427.jpg,Tarhana Çorbası,Ezogelin Çorbası
/home/yapbenzet/Desktop/Jean/cnn_food_classification/data/val/Tarhana Çorbası/nyt-up-3429751_recipe-2020-07-18-16-12-49-320x427.jpg,Tarhana Çorbası,Tarhana Çorbası
/home/yapbenzet/Desktop/Jean/cnn_food_classification/data/val/Tarhana Çorbası/nyt-up-37051_2605e19fad1d178a462804453-320x180.jpg,Tarhana Çorbası,Tarhana Çorbası
/home/yapbenzet/Desktop/Jean/cnn_food_classification/data/val/Tarhana Çorbası/nyt-up-37051_616631086bfd4207146845423-320x426.jpg,Tarhana Çorbası,Tarhana Çorbası
/home/yapbenzet/Desktop/Jean/cnn_food_classification/data/val/Tarhana Çorbası/nyt-up-37051_646694ef53ba038828342925-320x239.jpg,Tarhana Çorbası,Tarhana Çorbası
/home/yapbenzet/Desktop/Jean/cnn_food_classification/data/val/Tarhana Çorbası/nyt-up-37051_7866372501a66990178284859-320x427.jpg,Tarhana Çorbası,Ezogelin Çorbası
/home/yapbenzet/Desktop/Jean/cnn_food_classification/data/val/Tarhana Çorbası/nyt-up-37051_attachment-320x240_1.jpg,Tarhana Çorbası,Tarhana Çorbası
/home/yapbenzet/Desktop/Jean/cnn_food_classification/data/val/Tarhana Çorbası/nyt-up-37051_attachment-320x427_1.jpg,Tarhana Çorbası,Tarhana Çorbası
/home/yapbenzet/Desktop/Jean/cnn_food_classification/data/val/Tarhana Çorbası/nyt-up-37051_attachment-320x427_12.jpg,Tarhana Çorbası,Tarhana Çorbası
/home/yapbenzet/Desktop/Jean/cnn_food_classification/data/val/Tarhana Çorbası/nyt-up-37051_attachment-320x427_22.jpg,Tarhana Çorbası,Tarhana Çorbası
/home/yapbenzet/Desktop/Jean/cnn_food_classification/data/val/Tarhana Çorbası/nyt-up-37051_attachment-320x427_24.jpg,Tarhana Çorbası,Tarhana Çorbası
/home/yapbenzet/Desktop/Jean/cnn_food_classification/data/val/Tarhana Çorbası/nyt-up-37051_recipe-2020-06-09-17-56-02-320x240.jpg,Tarhana Çorbası,Tarhana Çorbası
/home/yapbenzet/Desktop/Jean/cnn_food_classification/data/val/Tarhana Çorbası/nyt-up-37051_recipe-2020-10-10-14-10-41-320x568.jpg,Tarhana Çorbası,Künefe
/home/yapbenzet/Desktop/Jean/cnn_food_classification/data/val/Tarhana Çorbası/nyt-up-37051_recipe-2020-12-01-16-15-16-320x240.jpg,Tarhana Çorbası,Tarhana Çorbası
/home/yapbenzet/Desktop/Jean/cnn_food_classification/data/val/Tarhana Çorbası/nyt-up-37051_recipe-2021-01-18-20-18-34-320x427.jpg,Tarhana Çorbası,Ezogelin Çorbası
/home/yapbenzet/Desktop/Jean/cnn_food_classification/data/val/Tarhana Çorbası/nyt-up-37051_recipe-2021-03-03-20-41-07-320x427.jpg,Tarhana Çorbası,Mercimek Çorbası
/home/yapbenzet/Desktop/Jean/cnn_food_classification/data/val/Tarhana Çorbası/nyt-up-37051_recipe-2021-04-21-15-35-53-320x427.jpg,Tarhana Çorbası,Tarhana Çorbası
/home/yapbenzet/Desktop/Jean/cnn_food_classification/data/val/Tarhana Çorbası/nyt-up-37051_recipe-2021-09-03-17-27-45-320x568.jpg,Tarhana Çorbası,Ezogelin Çorbası
/home/yapbenzet/Desktop/Jean/cnn_food_classification/data/val/Tarhana Çorbası/nyt-up-37051_recipe-2021-10-09-00-32-42-296x640.jpg,Tarhana Çorbası,Tarhana Çorbası
/home/yapbenzet/Desktop/Jean/cnn_food_classification/data/val/Tarhana Çorbası/nyt-up-37051_recipe-2021-11-10-14-02-14-320x427.jpg,Tarhana Çorbası,Tarhana Çorbası
/home/yapbenzet/Desktop/Jean/cnn_food_classification/data/val/Tarhana Çorbası/nyt-up-37051_recipe-2022-02-08-16-47-12-320x427.jpg,Tarhana Çorbası,Ezogelin Çorbası
/home/yapbenzet/Desktop/Jean/cnn_food_classification/data/val/Tarhana Çorbası/nyt-up-37051_recipe-2022-04-10-01-54-21-320x320.jpg,Tarhana Çorbası,Ezogelin Çorbası
/home/yapbenzet/Desktop/Jean/cnn_food_classification/data/val/Tarhana Çorbası/nyt-up-37051_recipe-2022-05-21-21-34-45-296x640.jpg,Tarhana Çorbası,Künefe
/home/yapbenzet/Desktop/Jean/cnn_food_classification/data/val/Tarhana Çorbası/nyt-up-37051_recipe-2022-11-11-10-38-53-320x426.jpg,Tarhana Çorbası,Mercimek Çorbası
/home/yapbenzet/Desktop/Jean/cnn_food_classification/data/val/Tarhana Çorbası/nyt-up-37051_recipe-2023-02-08-18-09-19-320x569.jpg,Tarhana Çorbası,Künefe
/home/yapbenzet/Desktop/Jean/cnn_food_classification/data/val/Tarhana Çorbası/nyt-up-37051_recipe-2023-04-08-17-45-23-320x427.jpg,Tarhana Çorbası,Tarhana Çorbası
/home/yapbenzet/Desktop/Jean/cnn_food_classification/data/val/Tarhana Çorbası/nyt-up-37051_recipe-2023-06-16-19-11-08-320x427.jpg,Tarhana Çorbası,Tarhana Çorbası
/home/yapbenzet/Desktop/Jean/cnn_food_classification/data/val/Tarhana Çorbası/nyt-up-37051_recipe-2023-06-18-17-04-44-320x320.jpg,Tarhana Çorbası,Mercimek Çorbası
/home/yapbenzet/Desktop/Jean/cnn_food_classification/data/val/Tarhana Çorbası/nyt-up-37051_recipe-2023-11-15-16-36-04-320x427.jpg,Tarhana Çorbası,Ezogelin Çorbası
/home/yapbenzet/Desktop/Jean/cnn_food_classification/data/val/Tarhana Çorbası/nyt-up-37051_recipe-2024-05-20-09-42-21-296x640.jpg,Tarhana Çorbası,Tarhana Çorbası
/home/yapbenzet/Desktop/Jean/cnn_food_classification/data/val/Tarhana Çorbası/nyt-up-4238743_attachment-320x427.jpg,Tarhana Çorbası,Mercimek Çorbası
/home/yapbenzet/Desktop/Jean/cnn_food_classification/data/val/Tarhana Çorbası/nyt-up-4238743_attachment-320x427_2.jpg,Tarhana Çorbası,Tarhana Çorbası
/home/yapbenzet/Desktop/Jean/cnn_food_classification/data/val/Tarhana Çorbası/nyt-up-4238743_recipe-2021-03-06-19-53-00-320x427.jpg,Tarhana Çorbası,Ezogelin Çorbası
/home/yapbenzet/Desktop/Jean/cnn_food_classification/data/val/Tarhana Çorbası/nyt-up-53456_attachment-320x427_4.jpg,Tarhana Çorbası,Tarhana Çorbası
/home/yapbenzet/Desktop/Jean/cnn_food_classification/data/val/Tarhana Çorbası/nyt-up-53456_recipe-2019-05-29-14-47-41-320x240.jpg,Tarhana Çorbası,Ezogelin Çorbası
/home/yapbenzet/Desktop/Jean/cnn_food_classification/data/val/Tarhana Çorbası/nyt-up-53456_recipe-2020-03-08-12-25-46-320x427.jpg,Tarhana Çorbası,Tarhana Çorbası
/home/yapbenzet/Desktop/Jean/cnn_food_classification/data/val/Tarhana Çorbası/nyt-up-53456_recipe-2021-11-16-14-13-08-320x427.jpg,Tarhana Çorbası,Mercimek Çorbası
/home/yapbenzet/Desktop/Jean/cnn_food_classification/data/val/Tarhana Çorbası/nyt-up-53456_recipe-2022-03-13-12-30-38-320x427.jpg,Tarhana Çorbası,Ezogelin Çorbası
/home/yapbenzet/Desktop/Jean/cnn_food_classification/data/val/Tarhana Çorbası/nyt-up-53456_recipe-2024-01-26-13-42-37-320x426.jpg,Tarhana Çorbası,Tarhana Çorbası
/home/yapbenzet/Desktop/Jean/cnn_food_classification/data/val/Tarhana Çorbası/nyt_up_182090_attachment-320x427_10.jpg,Tarhana Çorbası,Tarhana Çorbası
/home/yapbenzet/Desktop/Jean/cnn_food_classification/data/val/Tarhana Çorbası/nyt_up_182090_attachment-320x427_3.jpg,Tarhana Çorbası,Ezogelin Çorbası
/home/yapbenzet/Desktop/Jean/cnn_food_classification/data/val/Tarhana Çorbası/nyt_up_182090_recipe-2017-02-06-12-14-37-320x569.jpg,Tarhana Çorbası,Tarhana Çorbası
/home/yapbenzet/Desktop/Jean/cnn_food_classification/data/val/Tarhana Çorbası/nyt_up_182090_recipe-2017-12-27-22-22-51-320x427.jpg,Tarhana Çorbası,Mercimek Çorbası
/home/yapbenzet/Desktop/Jean/cnn_food_classification/data/val/Tarhana Çorbası/nyt_up_182090_recipe-2018-06-19-18-32-32-320x569.jpg,Tarhana Çorbası,Tarhana Çorbası
/home/yapbenzet/Desktop/Jean/cnn_food_classification/data/val/Tarhana Çorbası/nyt_up_182090_recipe-2018-08-31-17-32-00-320x351.jpg,Tarhana Çorbası,Mercimek Çorbası
/home/yapbenzet/Desktop/Jean/cnn_food_classification/data/val/Tarhana Çorbası/nyt_up_3429751_attachment-320x427.jpg,Tarhana Çorbası,Tarhana Çorbası
/home/yapbenzet/Desktop/Jean/cnn_food_classification/data/val/Tarhana Çorbası/nyt_up_37051_attachment-320x240.jpg,Tarhana Çorbası,Tarhana Çorbası
/home/yapbenzet/Desktop/Jean/cnn_food_classification/data/val/Tarhana Çorbası/nyt_up_37051_attachment-320x325.jpg,Tarhana Çorbası,Tarhana Çorbası
/home/yapbenzet/Desktop/Jean/cnn_food_classification/data/val/Tarhana Çorbası/nyt_up_37051_attachment-320x427.jpg,Tarhana Çorbası,Tarhana Çorbası
/home/yapbenzet/Desktop/Jean/cnn_food_classification/data/val/Tarhana Çorbası/nyt_up_37051_attachment-320x427_20.jpg,Tarhana Çorbası,Ezogelin Çorbası
/home/yapbenzet/Desktop/Jean/cnn_food_classification/data/val/Tarhana Çorbası/nyt_up_37051_attachment-320x427_22.jpg,Tarhana Çorbası,Tarhana Çorbası
/home/yapbenzet/Desktop/Jean/cnn_food_classification/data/val/Tarhana Çorbası/nyt_up_37051_attachment-320x427_7.jpg,Tarhana Çorbası,Tarhana Çorbası
/home/yapbenzet/Desktop/Jean/cnn_food_classification/data/val/Tarhana Çorbası/nyt_up_37051_image-320x239.jpg,Tarhana Çorbası,Tarhana Çorbası
/home/yapbenzet/Desktop/Jean/cnn_food_classification/data/val/Tarhana Çorbası/nyt_up_37051_recipe-2016-06-11-01-27-33-320x427.jpg,Tarhana Çorbası,Tarhana Çorbası
/home/yapbenzet/Desktop/Jean/cnn_food_classification/data/val/Tarhana Çorbası/nyt_up_37051_recipe-2017-07-31-10-54-45-320x569.jpg,Tarhana Çorbası,Tarhana Çorbası
/home/yapbenzet/Desktop/Jean/cnn_food_classification/data/val/Tarhana Çorbası/nyt_up_37051_recipe-2017-09-05-18-38-17-320x259.jpg,Tarhana Çorbası,Tarhana Çorbası
/home/yapbenzet/Desktop/Jean/cnn_food_classification/data/val/Tarhana Çorbası/nyt_up_37051_recipe-2017-12-13-16-40-05-320x427.jpg,Tarhana Çorbası,Tarhana Çorbası
/home/yapbenzet/Desktop/Jean/cnn_food_classification/data/val/Tarhana Çorbası/nyt_up_37051_recipe-2018-07-11-17-15-31-311x640.jpg,Tarhana Çorbası,Ezogelin Çorbası
/home/yapbenzet/Desktop/Jean/cnn_food_classification/data/val/Tarhana Çorbası/nyt_up_37051_recipe-2018-09-06-10-11-22-320x427.jpg,Tarhana Çorbası,Ezogelin Çorbası
/home/yapbenzet/Desktop/Jean/cnn_food_classification/data/val/Tarhana Çorbası/nyt_up_37051_recipe-2018-10-02-15-42-12-320x568.jpg,Tarhana Çorbası,Tarhana Çorbası
/home/yapbenzet/Desktop/Jean/cnn_food_classification/data/val/Tarhana Çorbası/nyt_up_37051_recipe-2018-10-30-17-14-16-320x427.jpg,Tarhana Çorbası,Tarhana Çorbası
/home/yapbenzet/Desktop/Jean/cnn_food_classification/data/val/Tarhana Çorbası/nyt_up_4238743_attachment-320x427_3.jpg,Tarhana Çorbası,Mercimek Çorbası
/home/yapbenzet/Desktop/Jean/cnn_food_classification/data/val/Tarhana Çorbası/nyt_up_53456_attachment-e1436537893376-320x427.jpg,Tarhana Çorbası,Ezogelin Çorbası
/home/yapbenzet/Desktop/Jean/cnn_food_classification/data/val/Tarhana Çorbası/nyt_up_53456_recipe-2015-06-25-17-37-27-320x427.jpg,Tarhana Çorbası,Tarhana Çorbası
/home/yapbenzet/Desktop/Jean/cnn_food_classification/data/val/Tarhana Çorbası/nyt_up_53456_recipe-2015-11-16-13-41-14-320x240.jpg,Tarhana Çorbası,Mercimek Çorbası
/home/yapbenzet/Desktop/Jean/cnn_food_classification/data/val/Tarhana Çorbası/nyt_up_53456_recipe-2016-02-04-11-45-05-320x427.jpg,Tarhana Çorbası,Tarhana Çorbası
/home/yapbenzet/Desktop/Jean/cnn_food_classification/data/val/Tarhana Çorbası/nyt_up_53456_recipe-2016-02-27-16-53-34-320x180.jpg,Tarhana Çorbası,Tarhana Çorbası
/home/yapbenzet/Desktop/Jean/cnn_food_classification/data/val/Tarhana Çorbası/nyt_up_53456_recipe-2016-09-09-19-58-08-320x569.jpg,Tarhana Çorbası,Tarhana Çorbası
/home/yapbenzet/Desktop/Jean/cnn_food_classification/data/val/Tarhana Çorbası/nyt_up_750981_attachment-320x427_4.jpg,Tarhana Çorbası,Ezogelin Çorbası
/home/yapbenzet/Desktop/Jean/cnn_food_classification/data/val/Tarhana Çorbası/sehriyeli-sarimsak-soslu-tarhana-corbasi1-320x213.jpg,Tarhana Çorbası,Tarhana Çorbası
/home/yapbenzet/Desktop/Jean/cnn_food_classification/data/val/Tarhana Çorbası/tel-sehriyeli-tarhana-corbasiaksama-320x213.jpeg,Tarhana Çorbası,Tarhana Çorbası
/home/yapbenzet/Desktop/Jean/cnn_food_classification/data/val/Tavuk/000006.jpg,Tavuk,Tavuk
/home/yapbenzet/Desktop/Jean/cnn_food_classification/data/val/Tavuk/000012.jpg,Tavuk,Tavuk
/home/yapbenzet/Desktop/Jean/cnn_food_classification/data/val/Tavuk/000019.jpg,Tavuk,Tavuk Döner
/home/yapbenzet/Desktop/Jean/cnn_food_classification/data/val/Tavuk/000021.jpg,Tavuk,Tavuk
/home/yapbenzet/Desktop/Jean/cnn_food_classification/data/val/Tavuk/000023.jpg,Tavuk,Tavuk
/home/yapbenzet/Desktop/Jean/cnn_food_classification/data/val/Tavuk/000034.jpg,Tavuk,Köfte
/home/yapbenzet/Desktop/Jean/cnn_food_classification/data/val/Tavuk/000037.jpg,Tavuk,Tavuk
/home/yapbenzet/Desktop/Jean/cnn_food_classification/data/val/Tavuk/000049.png,Tavuk,Tavuk
/home/yapbenzet/Desktop/Jean/cnn_food_classification/data/val/Tavuk/000050.jpg,Tavuk,Tavuk
/home/yapbenzet/Desktop/Jean/cnn_food_classification/data/val/Tavuk/ai-generated-8542472_640.jpg,Tavuk,Tavuk
/home/yapbenzet/Desktop/Jean/cnn_food_classification/data/val/Tavuk/depositphotos_148157005-stock-photo-shredded-rotisserie-chicken-on-a.jpg,Tavuk,Tavuk
/home/yapbenzet/Desktop/Jean/cnn_food_classification/data/val/Tavuk/images (1).jpg,Tavuk,Tavuk
/home/yapbenzet/Desktop/Jean/cnn_food_classification/data/val/Tavuk/images (2).jpg,Tavuk,Tavuk
/home/yapbenzet/Desktop/Jean/cnn_food_classification/data/val/Tavuk/images (21).jpg,Tavuk,Tavuk
/home/yapbenzet/Desktop/Jean/cnn_food_classification/data/val/Tavuk/images (28).jpg,Tavuk,Tavuk
/home/yapbenzet/Desktop/Jean/cnn_food_classification/data/val/Tavuk/images (29).jpg,Tavuk,Şakşuka
/home/yapbenzet/Desktop/Jean/cnn_food_classification/data/val/Tavuk/images (30).jpg,Tavuk,Tavuk
/home/yapbenzet/Desktop/Jean/cnn_food_classification/data/val/Tavuk/images (33).jpg,Tavuk,Börek
/home/yapbenzet/Desktop/Jean/cnn_food_classification/data/val/Tavuk/images (34).jpg,Tavuk,Tavuk
/home/yapbenzet/Desktop/Jean/cnn_food_classification/data/val/Tavuk/images (37).jpg,Tavuk,Tavuk
/home/yapbenzet/Desktop/Jean/cnn_food_classification/data/val/Tavuk/images (38).jpg,Tavuk,Tavuk
/home/yapbenzet/Desktop/Jean/cnn_food_classification/data/val/Tavuk/images (4).jpg,Tavuk,Tavuk
/home/yapbenzet/Desktop/Jean/cnn_food_classification/data/val/Tavuk/images (42).jpg,Tavuk,Köfte
/home/yapbenzet/Desktop/Jean/cnn_food_classification/data/val/Tavuk/images (48).jpg,Tavuk,Tavuk
/home/yapbenzet/Desktop/Jean/cnn_food_classification/data/val/Tavuk/images (65).jpg,Tavuk,Tavuk
/home/yapbenzet/Desktop/Jean/cnn_food_classification/data/val/Tavuk/images (67).jpg,Tavuk,Tavuk
/home/yapbenzet/Desktop/Jean/cnn_food_classification/data/val/Tavuk/images (75).jpg,Tavuk,Köfte
/home/yapbenzet/Desktop/Jean/cnn_food_classification/data/val/Tavuk/images (77).jpg,Tavuk,Tavuk
/home/yapbenzet/Desktop/Jean/cnn_food_classification/data/val/Tavuk/images (80).jpg,Tavuk,Tavuk
/home/yapbenzet/Desktop/Jean/cnn_food_classification/data/val/Tavuk/images (85).jpg,Tavuk,Tavuk
/home/yapbenzet/Desktop/Jean/cnn_food_classification/data/val/Tavuk/images (88).jpg,Tavuk,Tavuk
/home/yapbenzet/Desktop/Jean/cnn_food_classification/data/val/Tavuk/images (95).jpg,Tavuk,Tavuk
/home/yapbenzet/Desktop/Jean/cnn_food_classification/data/val/Tavuk/indir (11).jpg,Tavuk,Tavuk
/home/yapbenzet/Desktop/Jean/cnn_food_classification/data/val/Tavuk/indir (15).jpg,Tavuk,Tavuk
/home/yapbenzet/Desktop/Jean/cnn_food_classification/data/val/Tavuk/indir (30).jpg,Tavuk,Tavuk
/home/yapbenzet/Desktop/Jean/cnn_food_classification/data/val/Tavuk/indir (38).jpg,Tavuk,Tavuk
/home/yapbenzet/Desktop/Jean/cnn_food_classification/data/val/Tavuk/indir (41).jpg,Tavuk,Tavuk
/home/yapbenzet/Desktop/Jean/cnn_food_classification/data/val/Tavuk/istockphoto-1017826292-1024x1024.jpg,Tavuk,Tavuk
/home/yapbenzet/Desktop/Jean/cnn_food_classification/data/val/Tavuk/istockphoto-1217760999-612x612.jpg,Tavuk,Tavuk
/home/yapbenzet/Desktop/Jean/cnn_food_classification/data/val/Tavuk/istockphoto-123188870-1024x1024.jpg,Tavuk,Tavuk
/home/yapbenzet/Desktop/Jean/cnn_food_classification/data/val/Tavuk/istockphoto-1304488912-612x612.jpg,Tavuk,Tavuk
/home/yapbenzet/Desktop/Jean/cnn_food_classification/data/val/Tavuk/istockphoto-1369184877-1024x1024.jpg,Tavuk,Tavuk
/home/yapbenzet/Desktop/Jean/cnn_food_classification/data/val/Tavuk/istockphoto-1403266704-1024x1024.jpg,Tavuk,Tavuk
/home/yapbenzet/Desktop/Jean/cnn_food_classification/data/val/Tavuk/istockphoto-1415943645-1024x1024.jpg,Tavuk,Tavuk
/home/yapbenzet/Desktop/Jean/cnn_food_classification/data/val/Tavuk/istockphoto-1431440323-612x612.jpg,Tavuk,Tavuk
/home/yapbenzet/Desktop/Jean/cnn_food_classification/data/val/Tavuk/istockphoto-1453264891-612x612.jpg,Tavuk,Esmer Ekmek
/home/yapbenzet/Desktop/Jean/cnn_food_classification/data/val/Tavuk/istockphoto-146823849-1024x1024.jpg,Tavuk,Tavuk
/home/yapbenzet/Desktop/Jean/cnn_food_classification/data/val/Tavuk/istockphoto-1777843409-612x612.jpg,Tavuk,Tavuk
/home/yapbenzet/Desktop/Jean/cnn_food_classification/data/val/Tavuk/istockphoto-2174602906-1024x1024.jpg,Tavuk,Tavuk
/home/yapbenzet/Desktop/Jean/cnn_food_classification/data/val/Tavuk/istockphoto-479196894-1024x1024.jpg,Tavuk,Tavuk
/home/yapbenzet/Desktop/Jean/cnn_food_classification/data/val/Tavuk/istockphoto-611624794-1024x1024.jpg,Tavuk,Tavuk
/home/yapbenzet/Desktop/Jean/cnn_food_classification/data/val/Tavuk/istockphoto-871428458-1024x1024.jpg,Tavuk,Tavuk
/home/yapbenzet/Desktop/Jean/cnn_food_classification/data/val/Tavuk/istockphoto-947316080-1024x1024.jpg,Tavuk,Tavuk
/home/yapbenzet/Desktop/Jean/cnn_food_classification/data/val/Tavuk/istockphoto-966946582-1024x1024.jpg,Tavuk,Tavuk
/home/yapbenzet/Desktop/Jean/cnn_food_classification/data/val/Tavuk/izgara-lezzetinde-tavada-tavuk-but-320x213.jpg,Tavuk,Tavuk Döner
/home/yapbenzet/Desktop/Jean/cnn_food_classification/data/val/Tavuk/nyt-up-5366996_attachment-320x427.jpg,Tavuk,Menemen
/home/yapbenzet/Desktop/Jean/cnn_food_classification/data/val/Tavuk/nyt-up-5366996_recipe-2022-07-16-21-42-34-320x427.jpg,Tavuk,Köfte
/home/yapbenzet/Desktop/Jean/cnn_food_classification/data/val/Tavuk/nyt-up-9020852_recipe-2021-03-31-12-37-00-320x427.jpg,Tavuk,Tavuk
/home/yapbenzet/Desktop/Jean/cnn_food_classification/data/val/Tavuk/nyt-up-9020852_recipe-2021-04-22-20-31-20-320x320.jpg,Tavuk,Tavuk Döner
/home/yapbenzet/Desktop/Jean/cnn_food_classification/data/val/Tavuk/nyt-up-9020852_recipe-2021-04-24-10-20-40-320x180.jpg,Tavuk,Tavuk
/home/yapbenzet/Desktop/Jean/cnn_food_classification/data/val/Tavuk Döner/000006.jpg,Tavuk Döner,Tavuk Döner
/home/yapbenzet/Desktop/Jean/cnn_food_classification/data/val/Tavuk Döner/000010_aug_32.jpg,Tavuk Döner,Tavuk Döner
/home/yapbenzet/Desktop/Jean/cnn_food_classification/data/val/Tavuk Döner/000017.jpg,Tavuk Döner,Esmer Ekmek
/home/yapbenzet/Desktop/Jean/cnn_food_classification/data/val/Tavuk Döner/000021.jpg,Tavuk Döner,Tavuk Döner
/home/yapbenzet/Desktop/Jean/cnn_food_classification/data/val/Tavuk Döner/000034.jpg,Tavuk Döner,Tavuk Döner
/home/yapbenzet/Desktop/Jean/cnn_food_classification/data/val/Tavuk Döner/000049_aug_54.jpg,Tavuk Döner,Esmer Ekmek
/home/yapbenzet/Desktop/Jean/cnn_food_classification/data/val/Tavuk Döner/000052.jpg,Tavuk Döner,Tavuk Döner
/home/yapbenzet/Desktop/Jean/cnn_food_classification/data/val/Tavuk Döner/images (1).jpg,Tavuk Döner,Tavuk
/home/yapbenzet/Desktop/Jean/cnn_food_classification/data/val/Tavuk Döner/images (11).jpg,Tavuk Döner,Tavuk Döner
/home/yapbenzet/Desktop/Jean/cnn_food_classification/data/val/Tavuk Döner/images (15).jpg,Tavuk Döner,Tavuk Döner
/home/yapbenzet/Desktop/Jean/cnn_food_classification/data/val/Tavuk Döner/images (16).jpg,Tavuk Döner,Tavuk
/home/yapbenzet/Desktop/Jean/cnn_food_classification/data/val/Tavuk Döner/images (20).jpg,Tavuk Döner,Tavuk Döner
/home/yapbenzet/Desktop/Jean/cnn_food_classification/data/val/Tavuk Döner/images (3).jpg,Tavuk Döner,Tavuk Döner
/home/yapbenzet/Desktop/Jean/cnn_food_classification/data/val/Tavuk Döner/images (6).jpg,Tavuk Döner,Karnıyarık
/home/yapbenzet/Desktop/Jean/cnn_food_classification/data/val/Tavuk Döner/indir (1).jpg,Tavuk Döner,Tavuk Döner
/home/yapbenzet/Desktop/Jean/cnn_food_classification/data/val/Tavuk Döner/istockphoto-1043212266-1024x1024.jpg,Tavuk Döner,Tavuk Döner
/home/yapbenzet/Desktop/Jean/cnn_food_classification/data/val/Tavuk Döner/istockphoto-1044429538-1024x1024.jpg,Tavuk Döner,Tavuk Döner
/home/yapbenzet/Desktop/Jean/cnn_food_classification/data/val/Tavuk Döner/istockphoto-1302313262-1024x1024.jpg,Tavuk Döner,Tavuk Döner
/home/yapbenzet/Desktop/Jean/cnn_food_classification/data/val/Tavuk Döner/istockphoto-1312247538-1024x1024.jpg,Tavuk Döner,Tavuk Döner
/home/yapbenzet/Desktop/Jean/cnn_food_classification/data/val/Tavuk Döner/istockphoto-1404175134-612x612.jpg,Tavuk Döner,Tavuk Döner
/home/yapbenzet/Desktop/Jean/cnn_food_classification/data/val/Tavuk Döner/istockphoto-1446947102-1024x1024.jpg,Tavuk Döner,Tavuk Döner
/home/yapbenzet/Desktop/Jean/cnn_food_classification/data/val/Tavuk Döner/istockphoto-1745684633-1024x1024.jpg,Tavuk Döner,Tavuk Döner
/home/yapbenzet/Desktop/Jean/cnn_food_classification/data/val/Tavuk Döner/istockphoto-186806153-1024x1024.jpg,Tavuk Döner,Tavuk Döner
/home/yapbenzet/Desktop/Jean/cnn_food_classification/data/val/Tavuk Döner/istockphoto-456009473-1024x1024.jpg,Tavuk Döner,Tavuk Döner
/home/yapbenzet/Desktop/Jean/cnn_food_classification/data/val/Tavuk Döner/istockphoto-488612777-1024x1024.jpg,Tavuk Döner,Tavuk Döner
/home/yapbenzet/Desktop/Jean/cnn_food_classification/data/val/Tavuk Döner/istockphoto-855906984-1024x1024.jpg,Tavuk Döner,Tavuk Döner
/home/yapbenzet/Desktop/Jean/cnn_food_classification/data/val/Tavuk Döner/istockphoto-947392248-1024x1024.jpg,Tavuk Döner,Tavuk Döner
/home/yapbenzet/Desktop/Jean/cnn_food_classification/data/val/Tavuk Döner/istockphoto-959937952-1024x1024.jpg,Tavuk Döner,Tavuk Döner
/home/yapbenzet/Desktop/Jean/cnn_food_classification/data/val/Tavuk Döner/nyt-up-1108848_recipe-2019-10-16-19-08-15-320x427.jpg,Tavuk Döner,Tavuk
/home/yapbenzet/Desktop/Jean/cnn_food_classification/data/val/Tavuk Döner/nyt-up-3345025_8885e9822abaf8ed469657158-320x427.jpg,Tavuk Döner,Tavuk
/home/yapbenzet/Desktop/Jean/cnn_food_classification/data/val/Tavuk Döner/nyt-up-3345025_recipe-2020-05-29-00-20-42-320x427.jpg,Tavuk Döner,Tavuk
/home/yapbenzet/Desktop/Jean/cnn_food_classification/data/val/Tavuk Döner/nyt-up-3345025_recipe-2022-03-22-20-13-59-e1647983992583-320x240.jpg,Tavuk Döner,İskender
/home/yapbenzet/Desktop/Jean/cnn_food_classification/data/val/Tavuk Döner/nyt-up-8828167_attachment-320x427.jpg,Tavuk Döner,Gözleme
/home/yapbenzet/Desktop/Jean/cnn_food_classification/data/val/Tavuk Döner/nyt-up-8828167_recipe-2021-03-31-22-16-27-320x569.jpg,Tavuk Döner,Tavuk Döner
/home/yapbenzet/Desktop/Jean/cnn_food_classification/data/val/Tavuk Döner/nyt-up-903454_recipe-2020-04-23-21-53-31-320x427.jpg,Tavuk Döner,Tavuk Döner
/home/yapbenzet/Desktop/Jean/cnn_food_classification/data/val/Tavuk Döner/nyt-up-903454_recipe-2020-05-17-15-37-09-320x427.jpg,Tavuk Döner,Tavuk Döner
/home/yapbenzet/Desktop/Jean/cnn_food_classification/data/val/Tavuk Döner/nyt_up_1108848_589ba66d81138-320x240.jpg,Tavuk Döner,Tavuk
/home/yapbenzet/Desktop/Jean/cnn_food_classification/data/val/Tavuk Döner/nyt_up_1108848_attachment-320x427.jpg,Tavuk Döner,Mantı
/home/yapbenzet/Desktop/Jean/cnn_food_classification/data/val/Tavuk Döner/nyt_up_2333930_recipe-2019-03-12-18-42-12-320x427.jpg,Tavuk Döner,Tavuk Döner
/home/yapbenzet/Desktop/Jean/cnn_food_classification/data/val/Tavuk Döner/nyt_up_27874_IMG_20160628_171131-320x569.jpg,Tavuk Döner,Tavuk
/home/yapbenzet/Desktop/Jean/cnn_food_classification/data/val/Tavuk Döner/nyt_up_27874_recipe-2015-04-02-20-48-10-320x240.jpg,Tavuk Döner,Tavuk Döner
/home/yapbenzet/Desktop/Jean/cnn_food_classification/data/val/Tavuk Döner/nyt_up_903454_58b438882835c-320x569.jpg,Tavuk Döner,Tavuk Döner
/home/yapbenzet/Desktop/Jean/cnn_food_classification/data/val/Tavuk Döner/nyt_up_903454_attachment-320x320_1.jpg,Tavuk Döner,Tavuk Döner
/home/yapbenzet/Desktop/Jean/cnn_food_classification/data/val/Tavuk Döner/nyt_up_903454_attachment2-320x320.jpg,Tavuk Döner,Şakşuka
/home/yapbenzet/Desktop/Jean/cnn_food_classification/data/val/Tavuk Döner/nyt_up_903454_recipe-2016-02-26-18-27-52-320x607.jpg,Tavuk Döner,Tavuk Döner
/home/yapbenzet/Desktop/Jean/cnn_food_classification/data/val/Tavuk Döner/nyt_up_903454_recipe-2016-03-03-16-56-52-320x427.jpg,Tavuk Döner,Patates Kızartması
/home/yapbenzet/Desktop/Jean/cnn_food_classification/data/val/Tavuk Döner/nyt_up_903454_recipe-2016-03-03-19-35-47-320x568.jpg,Tavuk Döner,İskender
/home/yapbenzet/Desktop/Jean/cnn_food_classification/data/val/Tavuk Döner/nyt_up_903454_recipe-2016-03-03-19-55-32-320x568.jpg,Tavuk Döner,Tavuk Döner
/home/yapbenzet/Desktop/Jean/cnn_food_classification/data/val/Tavuk Döner/nyt_up_903454_recipe-2016-03-04-16-36-46-320x427.jpg,Tavuk Döner,Menemen
/home/yapbenzet/Desktop/Jean/cnn_food_classification/data/val/Tavuk Döner/stock-photo-a-closeup-shot-of-a-chicken-doner-sandwich-2206689231.jpg,Tavuk Döner,Tavuk Döner
/home/yapbenzet/Desktop/Jean/cnn_food_classification/data/val/Tavuk Döner/stock-photo-arabic-chicken-shawarma-plate-with-fries-served-in-dish-isolated-on-table-side-view-of-middle-east-2224391451.jpg,Tavuk Döner,Tavuk Döner
/home/yapbenzet/Desktop/Jean/cnn_food_classification/data/val/Tavuk Döner/stock-photo-chicken-doner-in-a-baguette-bread-isolated-on-a-white-background-turkish-tavuk-doner-chicken-d-2559941015.jpg,Tavuk Döner,Tavuk Döner
/home/yapbenzet/Desktop/Jean/cnn_food_classification/data/val/Tavuk Döner/stock-photo-chicken-doner-service-on-rice-1704467518.jpg,Tavuk Döner,Tavuk Döner
/home/yapbenzet/Desktop/Jean/cnn_food_classification/data/val/Tavuk Döner/stock-photo-chicken-doner-service-on-rice-1704467530.jpg,Tavuk Döner,Tavuk Döner
/home/yapbenzet/Desktop/Jean/cnn_food_classification/data/val/Tavuk Döner/stock-photo-lavash-doner-kebab-soslu-kasarli-zurna-doner-durum-or-shawarma-sliced-in-plate-isolated-2570725533.jpg,Tavuk Döner,Tavuk Döner
/home/yapbenzet/Desktop/Jean/cnn_food_classification/data/val/Tavuk Döner/stock-photo-lavash-doner-kebab-zurna-doner-durum-or-shawarma-sliced-in-plate-isolated-tavuk-et-doner-2577068417.jpg,Tavuk Döner,Tavuk Döner
/home/yapbenzet/Desktop/Jean/cnn_food_classification/data/val/Tavuk Döner/stock-photo-lavash-doner-kebab-zurna-doner-durum-or-shawarma-sliced-in-plate-isolated-tavuk-et-doner-2577068419.jpg,Tavuk Döner,Tavuk Döner
/home/yapbenzet/Desktop/Jean/cnn_food_classification/data/val/Tavuk Döner/stock-photo-lavash-doner-kebab-zurna-doner-durum-or-shawarma-sliced-in-plate-isolated-tavuk-et-doner-2577068425.jpg,Tavuk Döner,Tavuk Döner
/home/yapbenzet/Desktop/Jean/cnn_food_classification/data/val/Tavuk Döner/stock-photo-meat-chicken-doner-between-bread-turkish-name-ekmek-arasi-tavuk-doner-doner-kebab-shawarma-2582164855.jpg,Tavuk Döner,Tavuk Döner
/home/yapbenzet/Desktop/Jean/cnn_food_classification/data/val/Tavuk Döner/stock-photo-meat-chicken-doner-between-bread-turkish-name-ekmek-arasi-tavuk-doner-doner-kebab-shawarma-2582164859.jpg,Tavuk Döner,Tavuk Döner
/home/yapbenzet/Desktop/Jean/cnn_food_classification/data/val/Tavuk Döner/stock-photo-meat-chicken-doner-between-bread-turkish-name-ekmek-arasi-tavuk-doner-doner-kebab-shawarma-2582174383.jpg,Tavuk Döner,Tavuk Döner
/home/yapbenzet/Desktop/Jean/cnn_food_classification/data/val/Tulumba Tatlısı/000001.jpg,Tulumba Tatlısı,Tulumba Tatlısı
/home/yapbenzet/Desktop/Jean/cnn_food_classification/data/val/Tulumba Tatlısı/000004.jpg,Tulumba Tatlısı,Tulumba Tatlısı
/home/yapbenzet/Desktop/Jean/cnn_food_classification/data/val/Tulumba Tatlısı/000017.jpg,Tulumba Tatlısı,Tulumba Tatlısı
/home/yapbenzet/Desktop/Jean/cnn_food_classification/data/val/Tulumba Tatlısı/000021.jpg,Tulumba Tatlısı,Tulumba Tatlısı
/home/yapbenzet/Desktop/Jean/cnn_food_classification/data/val/Tulumba Tatlısı/000024.jpg,Tulumba Tatlısı,Tulumba Tatlısı
/home/yapbenzet/Desktop/Jean/cnn_food_classification/data/val/Tulumba Tatlısı/000046.jpg,Tulumba Tatlısı,Tulumba Tatlısı
/home/yapbenzet/Desktop/Jean/cnn_food_classification/data/val/Tulumba Tatlısı/000075.jpg,Tulumba Tatlısı,Tulumba Tatlısı
/home/yapbenzet/Desktop/Jean/cnn_food_classification/data/val/Tulumba Tatlısı/citir-citir-gunlerce-yumusamayan-tulumba-tatlisi-14.webp,Tulumba Tatlısı,Tulumba Tatlısı
/home/yapbenzet/Desktop/Jean/cnn_food_classification/data/val/Tulumba Tatlısı/depositphotos_648679664-stock-photo-tulumba-dessert-ramadan-sweets-traditional.webp,Tulumba Tatlısı,Tulumba Tatlısı
/home/yapbenzet/Desktop/Jean/cnn_food_classification/data/val/Tulumba Tatlısı/nyt-up-1556848_recipe-2020-01-19-15-22-53-320x427.jpg,Tulumba Tatlısı,Tulumba Tatlısı
/home/yapbenzet/Desktop/Jean/cnn_food_classification/data/val/Tulumba Tatlısı/nyt-up-1556848_recipe-2020-08-19-19-28-35-288x640.jpg,Tulumba Tatlısı,Tulumba Tatlısı
/home/yapbenzet/Desktop/Jean/cnn_food_classification/data/val/Tulumba Tatlısı/nyt-up-585679_recipe-2019-05-28-19-34-50-320x568.jpg,Tulumba Tatlısı,Tulumba Tatlısı
/home/yapbenzet/Desktop/Jean/cnn_food_classification/data/val/Tulumba Tatlısı/nyt-up-585679_recipe-2020-05-04-04-05-13-320x427.jpg,Tulumba Tatlısı,Tulumba Tatlısı
/home/yapbenzet/Desktop/Jean/cnn_food_classification/data/val/Tulumba Tatlısı/nyt-up-585679_recipe-2021-03-10-15-27-19-320x569.jpg,Tulumba Tatlısı,Tulumba Tatlısı
/home/yapbenzet/Desktop/Jean/cnn_food_classification/data/val/Tulumba Tatlısı/nyt-up-689960_5246422fb9d274ff359482232-320x427.jpg,Tulumba Tatlısı,Tulumba Tatlısı
/home/yapbenzet/Desktop/Jean/cnn_food_classification/data/val/Tulumba Tatlısı/nyt-up-689960_attachment-320x569.jpg,Tulumba Tatlısı,Tulumba Tatlısı
/home/yapbenzet/Desktop/Jean/cnn_food_classification/data/val/Tulumba Tatlısı/nyt-up-689960_recipe-2020-05-09-20-46-34-320x427.jpg,Tulumba Tatlısı,Tulumba Tatlısı
/home/yapbenzet/Desktop/Jean/cnn_food_classification/data/val/Tulumba Tatlısı/nyt-up-689960_recipe-2020-08-18-16-56-50-320x427.jpg,Tulumba Tatlısı,Tulumba Tatlısı
/home/yapbenzet/Desktop/Jean/cnn_food_classification/data/val/Tulumba Tatlısı/nyt-up-689960_recipe-2023-04-16-21-07-53-320x427.jpg,Tulumba Tatlısı,Tulumba Tatlısı
/home/yapbenzet/Desktop/Jean/cnn_food_classification/data/val/Tulumba Tatlısı/nyt-up-8957081_recipe-2021-02-21-09-06-47-320x285.jpg,Tulumba Tatlısı,Tulumba Tatlısı
/home/yapbenzet/Desktop/Jean/cnn_food_classification/data/val/Tulumba Tatlısı/nyt-up-8957081_recipe-2021-03-04-16-29-35-320x568.jpg,Tulumba Tatlısı,Tulumba Tatlısı
/home/yapbenzet/Desktop/Jean/cnn_food_classification/data/val/Tulumba Tatlısı/nyt-up-9663552_recipe-2022-05-01-15-28-52-320x569.jpg,Tulumba Tatlısı,Tulumba Tatlısı
/home/yapbenzet/Desktop/Jean/cnn_food_classification/data/val/Tulumba Tatlısı/nyt-up-9663552_recipe-2022-12-24-21-16-33-320x427.jpg,Tulumba Tatlısı,Tulumba Tatlısı
/home/yapbenzet/Desktop/Jean/cnn_food_classification/data/val/Tulumba Tatlısı/nyt-up-9663552_recipe-2023-01-25-19-56-06-320x427.jpg,Tulumba Tatlısı,Tulumba Tatlısı
/home/yapbenzet/Desktop/Jean/cnn_food_classification/data/val/Tulumba Tatlısı/nyt-up-9663552_recipe-2024-09-07-00-16-48-320x427.jpg,Tulumba Tatlısı,Tulumba Tatlısı
/home/yapbenzet/Desktop/Jean/cnn_food_classification/data/val/Tulumba Tatlısı/nyt-up-9663552_recipe-2024-09-23-17-58-41-320x569.jpg,Tulumba Tatlısı,Tulumba Tatlısı
/home/yapbenzet/Desktop/Jean/cnn_food_classification/data/val/Tulumba Tatlısı/nyt_up_209223_image-e1404833724474-240x320.jpg,Tulumba Tatlısı,Tulumba Tatlısı
/home/yapbenzet/Desktop/Jean/cnn_food_classification/data/val/Tulumba Tatlısı/nyt_up_209223_recipe-2016-06-25-03-56-34-320x427.jpg,Tulumba Tatlısı,Tulumba Tatlısı
/home/yapbenzet/Desktop/Jean/cnn_food_classification/data/val/Tulumba Tatlısı/nyt_up_209223_recipe-2017-06-07-00-27-30-320x320.jpg,Tulumba Tatlısı,Tulumba Tatlısı
/home/yapbenzet/Desktop/Jean/cnn_food_classification/data/val/Tulumba Tatlısı/nyt_up_3806662_recipe-2017-12-26-08-48-24-320x240.jpg,Tulumba Tatlısı,Tulumba Tatlısı
/home/yapbenzet/Desktop/Jean/cnn_food_classification/data/val/Tulumba Tatlısı/nyt_up_4537730_recipe-2018-04-19-20-14-53-320x240.jpg,Tulumba Tatlısı,Tulumba Tatlısı
/home/yapbenzet/Desktop/Jean/cnn_food_classification/data/val/Tulumba Tatlısı/nyt_up_585679_recipe-2015-04-14-00-16-23-320x180.jpg,Tulumba Tatlısı,Tulumba Tatlısı
/home/yapbenzet/Desktop/Jean/cnn_food_classification/data/val/Tulumba Tatlısı/nyt_up_585679_recipe-2015-07-11-20-27-46-320x569.jpg,Tulumba Tatlısı,Tulumba Tatlısı
/home/yapbenzet/Desktop/Jean/cnn_food_classification/data/val/Tulumba Tatlısı/nyt_up_585679_recipe-2015-12-01-14-39-22-320x180.jpg,Tulumba Tatlısı,Kuru Fasulye
/home/yapbenzet/Desktop/Jean/cnn_food_classification/data/val/Tulumba Tatlısı/nyt_up_585679_recipe-2015-12-17-22-59-42-320x320.jpg,Tulumba Tatlısı,Tulumba Tatlısı
/home/yapbenzet/Desktop/Jean/cnn_food_classification/data/val/Tulumba Tatlısı/nyt_up_585679_recipe-2016-04-06-10-18-18-320x427.jpg,Tulumba Tatlısı,Tulumba Tatlısı
/home/yapbenzet/Desktop/Jean/cnn_food_classification/data/val/Tulumba Tatlısı/nyt_up_585679_recipe-2018-07-20-21-37-07-320x428.jpg,Tulumba Tatlısı,Tulumba Tatlısı
/home/yapbenzet/Desktop/Jean/cnn_food_classification/data/val/Tulumba Tatlısı/nyt_up_689960_attachment-320x427_4.jpg,Tulumba Tatlısı,Tulumba Tatlısı
/home/yapbenzet/Desktop/Jean/cnn_food_classification/data/val/Tulumba Tatlısı/nyt_up_689960_recipe-2015-06-21-22-46-04-320x180.jpg,Tulumba Tatlısı,Tulumba Tatlısı
/home/yapbenzet/Desktop/Jean/cnn_food_classification/data/val/Tulumba Tatlısı/nyt_up_689960_recipe-2016-02-13-13-36-39-320x568.jpg,Tulumba Tatlısı,Tulumba Tatlısı
/home/yapbenzet/Desktop/Jean/cnn_food_classification/data/val/Tulumba Tatlısı/nyt_up_689960_recipe-2016-05-06-14-16-43-320x569.jpg,Tulumba Tatlısı,Tulumba Tatlısı
/home/yapbenzet/Desktop/Jean/cnn_food_classification/data/val/Tulumba Tatlısı/nyt_up_689960_recipe-2017-04-26-14-53-35-320x427.jpg,Tulumba Tatlısı,Tulumba Tatlısı
/home/yapbenzet/Desktop/Jean/cnn_food_classification/data/val/Tulumba Tatlısı/nyt_up_689960_recipe-2017-06-11-20-27-18-320x570.jpg,Tulumba Tatlısı,Tulumba Tatlısı
/home/yapbenzet/Desktop/Jean/cnn_food_classification/data/val/Tulumba Tatlısı/stock-photo-traditional-turkish-dessert-tulumba-tulumba-tatlisi-in-plate-1756656446.jpg,Tulumba Tatlısı,Tulumba Tatlısı
/home/yapbenzet/Desktop/Jean/cnn_food_classification/data/val/Tulumba Tatlısı/stock-photo-traditional-turkish-dessert-tulumba-tulumba-tatlisi-in-plate-2102870827.jpg,Tulumba Tatlısı,Tulumba Tatlısı
/home/yapbenzet/Desktop/Jean/cnn_food_classification/data/val/Tulumba Tatlısı/stock-photo-traditional-turkish-desserts-tulumba-turkish-name-tulumba-tatlisi-2058632108.jpg,Tulumba Tatlısı,Tulumba Tatlısı
/home/yapbenzet/Desktop/Jean/cnn_food_classification/data/val/Tulumba Tatlısı/stock-photo-traditional-turkish-desserts-tulumba-turkish-name-tulumba-tatlisi-2395093879.jpg,Tulumba Tatlısı,Tulumba Tatlısı
/home/yapbenzet/Desktop/Jean/cnn_food_classification/data/val/Tulumba Tatlısı/stock-photo-tulumba-tatlisi-traditional-turkish-dessert-391230109.jpg,Tulumba Tatlısı,Tulumba Tatlısı
/home/yapbenzet/Desktop/Jean/cnn_food_classification/data/val/Tulumba Tatlısı/stock-photo-turkish-dessert-tulumba-tatlisi-388232098.jpg,Tulumba Tatlısı,Tulumba Tatlısı
/home/yapbenzet/Desktop/Jean/cnn_food_classification/data/val/Tulumba Tatlısı/stock-photo-turkish-dessert-tulumba-tatlisi-with-tea-604951199.jpg,Tulumba Tatlısı,Tulumba Tatlısı
/home/yapbenzet/Desktop/Jean/cnn_food_classification/data/val/Tulumba Tatlısı/stock-photo-turkish-dessert-tulumba-tatlisi-with-tea-604951238.jpg,Tulumba Tatlısı,Tulumba Tatlısı
/home/yapbenzet/Desktop/Jean/cnn_food_classification/data/val/Tulumba Tatlısı/stock-photo-variety-of-oriental-sweets-with-cup-of-coffee-455035324.jpg,Tulumba Tatlısı,Tavuk
/home/yapbenzet/Desktop/Jean/cnn_food_classification/data/val/Tulumba Tatlısı/tulumba-tatlisi-1.webp,Tulumba Tatlısı,Tulumba Tatlısı
/home/yapbenzet/Desktop/Jean/cnn_food_classification/data/val/Tulumba Tatlısı/tulumba-tatlisi-2.webp,Tulumba Tatlısı,Tulumba Tatlısı
/home/yapbenzet/Desktop/Jean/cnn_food_classification/data/val/Tulumba Tatlısı/tulumba-tatlisi-3.webp,Tulumba Tatlısı,Tulumba Tatlısı
/home/yapbenzet/Desktop/Jean/cnn_food_classification/data/val/Tulumba Tatlısı/tulumba-tatlisi.jpg,Tulumba Tatlısı,Tulumba Tatlısı
/home/yapbenzet/Desktop/Jean/cnn_food_classification/data/val/Tulumba Tatlısı/tulumba-tatlisi.webp,Tulumba Tatlısı,Tulumba Tatlısı
/home/yapbenzet/Desktop/Jean/cnn_food_classification/data/val/Tulumba Tatlısı/tulumba-tatlisiorjinal-tarif-5.webp,Tulumba Tatlısı,Tulumba Tatlısı
/home/yapbenzet/Desktop/Jean/cnn_food_classification/data/val/Tulumba Tatlısı/turkish-dessert-background-traditional-pistachio-260nw-2425228739.webp,Tulumba Tatlısı,Tulumba Tatlısı
/home/yapbenzet/Desktop/Jean/cnn_food_classification/data/val/Tulumba Tatlısı/turkish-dessert-tulumba-tatlisi-tea-260nw-604951238.webp,Tulumba Tatlısı,Tulumba Tatlısı
/home/yapbenzet/Desktop/Jean/cnn_food_classification/data/val/Yaprak Sarma/000030.jpg,Yaprak Sarma,Yaprak Sarma
/home/yapbenzet/Desktop/Jean/cnn_food_classification/data/val/Yaprak Sarma/000069_aug_59.jpg,Yaprak Sarma,Yaprak Sarma
/home/yapbenzet/Desktop/Jean/cnn_food_classification/data/val/Yaprak Sarma/nyt-up-140059_recipe-2023-04-16-21-42-04-288x640.jpg,Yaprak Sarma,Yaprak Sarma
/home/yapbenzet/Desktop/Jean/cnn_food_classification/data/val/Yaprak Sarma/nyt-up-140059_recipe-2023-05-10-18-53-21-288x640.jpg,Yaprak Sarma,Yaprak Sarma
/home/yapbenzet/Desktop/Jean/cnn_food_classification/data/val/Yaprak Sarma/nyt-up-140066_3935eeba44f19be7606210740-320x240.jpg,Yaprak Sarma,Patates Kızartması
/home/yapbenzet/Desktop/Jean/cnn_food_classification/data/val/Yaprak Sarma/nyt-up-140066_6855fa199aeba934803011497-320x427.jpg,Yaprak Sarma,Yaprak Sarma
/home/yapbenzet/Desktop/Jean/cnn_food_classification/data/val/Yaprak Sarma/nyt-up-140066_attachment-320x569.jpg,Yaprak Sarma,Yaprak Sarma
/home/yapbenzet/Desktop/Jean/cnn_food_classification/data/val/Yaprak Sarma/nyt-up-140066_recipe-2022-11-27-00-55-49-320x568.jpg,Yaprak Sarma,Yaprak Sarma
/home/yapbenzet/Desktop/Jean/cnn_food_classification/data/val/Yaprak Sarma/nyt-up-140066_recipe-2023-06-10-14-25-01-320x568.jpg,Yaprak Sarma,Adana Kebap
/home/yapbenzet/Desktop/Jean/cnn_food_classification/data/val/Yaprak Sarma/nyt-up-140066_recipe-2024-06-13-16-24-25-288x640.jpg,Yaprak Sarma,Yaprak Sarma
/home/yapbenzet/Desktop/Jean/cnn_food_classification/data/val/Yaprak Sarma/nyt-up-140066_recipe-2024-06-26-11-06-56-320x568.jpg,Yaprak Sarma,Yaprak Sarma
/home/yapbenzet/Desktop/Jean/cnn_food_classification/data/val/Yaprak Sarma/nyt-up-151753_attachment-320x427_2.jpg,Yaprak Sarma,Yaprak Sarma
/home/yapbenzet/Desktop/Jean/cnn_food_classification/data/val/Yaprak Sarma/nyt-up-151753_recipe-2020-02-26-23-08-24-320x569.jpg,Yaprak Sarma,Yaprak Sarma
/home/yapbenzet/Desktop/Jean/cnn_food_classification/data/val/Yaprak Sarma/nyt-up-151753_recipe-2023-07-28-18-44-03-320x427.jpg,Yaprak Sarma,Yaprak Sarma
/home/yapbenzet/Desktop/Jean/cnn_food_classification/data/val/Yaprak Sarma/nyt-up-151753_recipe-2023-07-28-18-44-25-320x427.jpg,Yaprak Sarma,Yaprak Sarma
/home/yapbenzet/Desktop/Jean/cnn_food_classification/data/val/Yaprak Sarma/nyt-up-173740_attachment-320x427_1.jpg,Yaprak Sarma,Yaprak Sarma
/home/yapbenzet/Desktop/Jean/cnn_food_classification/data/val/Yaprak Sarma/nyt-up-173740_recipe-2021-01-11-19-42-02-320x569.jpg,Yaprak Sarma,Yaprak Sarma
/home/yapbenzet/Desktop/Jean/cnn_food_classification/data/val/Yaprak Sarma/nyt-up-202183_attachment-320x427_3.jpg,Yaprak Sarma,Yaprak Sarma
/home/yapbenzet/Desktop/Jean/cnn_food_classification/data/val/Yaprak Sarma/nyt-up-202183_attachment-320x427_6.jpg,Yaprak Sarma,Yaprak Sarma
/home/yapbenzet/Desktop/Jean/cnn_food_classification/data/val/Yaprak Sarma/nyt-up-202183_recipe-2019-10-17-00-34-58-320x427.jpg,Yaprak Sarma,Yaprak Sarma
/home/yapbenzet/Desktop/Jean/cnn_food_classification/data/val/Yaprak Sarma/nyt-up-3010612_attachment-320x427_14.jpg,Yaprak Sarma,Yaprak Sarma
/home/yapbenzet/Desktop/Jean/cnn_food_classification/data/val/Yaprak Sarma/nyt-up-3010612_attachment-320x427_5.jpg,Yaprak Sarma,Yaprak Sarma
/home/yapbenzet/Desktop/Jean/cnn_food_classification/data/val/Yaprak Sarma/nyt-up-3010612_attachment-320x569_1.jpg,Yaprak Sarma,Yaprak Sarma
/home/yapbenzet/Desktop/Jean/cnn_food_classification/data/val/Yaprak Sarma/nyt-up-3010612_recipe-2020-11-27-00-59-41-320x569.jpg,Yaprak Sarma,Yaprak Sarma
/home/yapbenzet/Desktop/Jean/cnn_food_classification/data/val/Yaprak Sarma/nyt-up-3010612_recipe-2022-03-23-23-15-18-320x427.jpg,Yaprak Sarma,Yaprak Sarma
/home/yapbenzet/Desktop/Jean/cnn_food_classification/data/val/Yaprak Sarma/nyt-up-3010612_recipe-2023-06-19-20-56-36-320x427.jpg,Yaprak Sarma,Yaprak Sarma
/home/yapbenzet/Desktop/Jean/cnn_food_classification/data/val/Yaprak Sarma/nyt-up-3391932_attachment-320x180.jpg,Yaprak Sarma,Yaprak Sarma
/home/yapbenzet/Desktop/Jean/cnn_food_classification/data/val/Yaprak Sarma/nyt-up-3391932_recipe-2020-05-13-16-57-43-320x427.jpg,Yaprak Sarma,Yaprak Sarma
/home/yapbenzet/Desktop/Jean/cnn_food_classification/data/val/Yaprak Sarma/nyt-up-3391932_recipe-2021-05-18-01-51-49-e1621330551985-320x427.jpg,Yaprak Sarma,Yaprak Sarma
/home/yapbenzet/Desktop/Jean/cnn_food_classification/data/val/Yaprak Sarma/nyt-up-3391932_recipe-2023-07-05-16-36-27-320x427.jpg,Yaprak Sarma,Yaprak Sarma
/home/yapbenzet/Desktop/Jean/cnn_food_classification/data/val/Yaprak Sarma/nyt-up-3459133_recipe-2024-05-01-10-32-11-320x427.jpg,Yaprak Sarma,Yaprak Sarma
/home/yapbenzet/Desktop/Jean/cnn_food_classification/data/val/Yaprak Sarma/nyt-up-3459133_recipe-2025-01-10-12-35-11-320x569.jpg,Yaprak Sarma,Yaprak Sarma
/home/yapbenzet/Desktop/Jean/cnn_food_classification/data/val/Yaprak Sarma/nyt-up-3844328_54965bb91b37eca8557544815-320x240.jpg,Yaprak Sarma,Yaprak Sarma
/home/yapbenzet/Desktop/Jean/cnn_food_classification/data/val/Yaprak Sarma/nyt-up-3844328_recipe-2021-02-26-20-40-28-320x427.jpg,Yaprak Sarma,Yaprak Sarma
/home/yapbenzet/Desktop/Jean/cnn_food_classification/data/val/Yaprak Sarma/nyt-up-53374_attachment-320x427.jpg,Yaprak Sarma,Yaprak Sarma
/home/yapbenzet/Desktop/Jean/cnn_food_classification/data/val/Yaprak Sarma/nyt-up-53374_recipe-2019-06-09-18-31-26-320x569.jpg,Yaprak Sarma,Yaprak Sarma
/home/yapbenzet/Desktop/Jean/cnn_food_classification/data/val/Yaprak Sarma/nyt-up-53374_recipe-2021-06-02-20-45-24-320x180.jpg,Yaprak Sarma,Yaprak Sarma
/home/yapbenzet/Desktop/Jean/cnn_food_classification/data/val/Yaprak Sarma/nyt-up-8578924_recipe-2021-05-12-17-51-03-320x427.jpg,Yaprak Sarma,Yaprak Sarma
/home/yapbenzet/Desktop/Jean/cnn_food_classification/data/val/Yaprak Sarma/nyt-up-8578924_recipe-2021-06-28-11-59-46-320x427.jpg,Yaprak Sarma,Yaprak Sarma
/home/yapbenzet/Desktop/Jean/cnn_food_classification/data/val/Yaprak Sarma/nyt-up-8578924_recipe-2021-08-04-11-35-25-320x427.jpg,Yaprak Sarma,Yaprak Sarma
/home/yapbenzet/Desktop/Jean/cnn_food_classification/data/val/Yaprak Sarma/nyt-up-8578924_recipe-2023-05-14-22-55-18-320x427.jpg,Yaprak Sarma,Yaprak Sarma
/home/yapbenzet/Desktop/Jean/cnn_food_classification/data/val/Yaprak Sarma/nyt-up-9903121_attachment-320x427_2.jpg,Yaprak Sarma,Yaprak Sarma
/home/yapbenzet/Desktop/Jean/cnn_food_classification/data/val/Yaprak Sarma/nyt_up_10393_attachment-320x569.jpg,Yaprak Sarma,Yaprak Sarma
/home/yapbenzet/Desktop/Jean/cnn_food_classification/data/val/Yaprak Sarma/nyt_up_10393_recipe-2017-01-06-16-24-20-320x569.jpg,Yaprak Sarma,Yaprak Sarma
/home/yapbenzet/Desktop/Jean/cnn_food_classification/data/val/Yaprak Sarma/nyt_up_10393_recipe-2017-01-18-17-57-44-320x568.jpg,Yaprak Sarma,Yaprak Sarma
/home/yapbenzet/Desktop/Jean/cnn_food_classification/data/val/Yaprak Sarma/nyt_up_10393_recipe-2017-06-05-19-36-27-320x569.jpg,Yaprak Sarma,Yaprak Sarma
/home/yapbenzet/Desktop/Jean/cnn_food_classification/data/val/Yaprak Sarma/nyt_up_140059_recipe-2015-01-25-21-02-53-320x180.jpg,Yaprak Sarma,Yaprak Sarma
/home/yapbenzet/Desktop/Jean/cnn_food_classification/data/val/Yaprak Sarma/nyt_up_140059_recipe-2015-06-15-19-56-33-320x569.jpg,Yaprak Sarma,Yaprak Sarma
/home/yapbenzet/Desktop/Jean/cnn_food_classification/data/val/Yaprak Sarma/nyt_up_140059_recipe-2018-01-05-23-43-14-320x180.jpg,Yaprak Sarma,Yaprak Sarma
/home/yapbenzet/Desktop/Jean/cnn_food_classification/data/val/Yaprak Sarma/nyt_up_140059_recipe-2018-11-04-17-46-58-320x427.jpg,Yaprak Sarma,Yaprak Sarma
/home/yapbenzet/Desktop/Jean/cnn_food_classification/data/val/Yaprak Sarma/nyt_up_140066_nyt-up-140066-44faf15c-02d4-4afd-9051-f24222e02ce4-320x240.jpeg,Yaprak Sarma,Yaprak Sarma
/home/yapbenzet/Desktop/Jean/cnn_food_classification/data/val/Yaprak Sarma/nyt_up_140066_recipe-2017-07-26-11-38-23-320x180.jpg,Yaprak Sarma,Yaprak Sarma
/home/yapbenzet/Desktop/Jean/cnn_food_classification/data/val/Yaprak Sarma/nyt_up_151753_attachment-320x427_1.jpg,Yaprak Sarma,Yaprak Sarma
/home/yapbenzet/Desktop/Jean/cnn_food_classification/data/val/Yaprak Sarma/nyt_up_173740_attachment-320x427_4.jpg,Yaprak Sarma,Yaprak Sarma
/home/yapbenzet/Desktop/Jean/cnn_food_classification/data/val/Yaprak Sarma/nyt_up_173740_recipe-2016-02-14-19-10-36-320x240.jpg,Yaprak Sarma,Yaprak Sarma
/home/yapbenzet/Desktop/Jean/cnn_food_classification/data/val/Yaprak Sarma/nyt_up_173740_recipe-2017-03-30-16-34-27-320x337.jpg,Yaprak Sarma,Yaprak Sarma
/home/yapbenzet/Desktop/Jean/cnn_food_classification/data/val/Yaprak Sarma/nyt_up_173740_recipe-2018-02-10-14-22-55-320x533.jpg,Yaprak Sarma,Yaprak Sarma
/home/yapbenzet/Desktop/Jean/cnn_food_classification/data/val/Yaprak Sarma/nyt_up_173740_recipe-2018-05-29-21-11-10-320x427.jpg,Yaprak Sarma,Yaprak Sarma
/home/yapbenzet/Desktop/Jean/cnn_food_classification/data/val/Yaprak Sarma/nyt_up_202183_58fe13a5d6f47-320x240.jpg,Yaprak Sarma,Yaprak Sarma
/home/yapbenzet/Desktop/Jean/cnn_food_classification/data/val/Yaprak Sarma/nyt_up_202183_5995dec522692-320x336.jpg,Yaprak Sarma,Yaprak Sarma
/home/yapbenzet/Desktop/Jean/cnn_food_classification/data/val/Yaprak Sarma/nyt_up_202183_attachment-320x427.jpg,Yaprak Sarma,Yaprak Sarma
/home/yapbenzet/Desktop/Jean/cnn_food_classification/data/val/Yaprak Sarma/nyt_up_202183_attachment-320x427_7.jpg,Yaprak Sarma,Yaprak Sarma
/home/yapbenzet/Desktop/Jean/cnn_food_classification/data/val/Yaprak Sarma/nyt_up_202183_attachment-320x568.jpg,Yaprak Sarma,Yaprak Sarma
/home/yapbenzet/Desktop/Jean/cnn_food_classification/data/val/Yaprak Sarma/nyt_up_202183_recipe-2016-03-06-00-00-27-320x240.jpg,Yaprak Sarma,Hamburger
/home/yapbenzet/Desktop/Jean/cnn_food_classification/data/val/Yaprak Sarma/nyt_up_202183_recipe-2016-09-11-23-17-17-320x180.jpg,Yaprak Sarma,Yaprak Sarma
/home/yapbenzet/Desktop/Jean/cnn_food_classification/data/val/Yaprak Sarma/nyt_up_202183_recipe-2017-02-05-13-43-01-320x568.jpg,Yaprak Sarma,Yaprak Sarma
/home/yapbenzet/Desktop/Jean/cnn_food_classification/data/val/Yaprak Sarma/nyt_up_202183_recipe-2019-01-17-22-49-32-320x180.jpg,Yaprak Sarma,Yaprak Sarma
/home/yapbenzet/Desktop/Jean/cnn_food_classification/data/val/Yaprak Sarma/nyt_up_3010612_recipe-2017-04-03-20-31-14-320x240.jpg,Yaprak Sarma,Yaprak Sarma
/home/yapbenzet/Desktop/Jean/cnn_food_classification/data/val/Yaprak Sarma/nyt_up_3010612_recipe-2017-04-22-12-24-56-320x569.jpg,Yaprak Sarma,Baklava
/home/yapbenzet/Desktop/Jean/cnn_food_classification/data/val/Yaprak Sarma/nyt_up_3010612_recipe-2017-04-25-21-33-58-320x320.jpg,Yaprak Sarma,Yaprak Sarma
/home/yapbenzet/Desktop/Jean/cnn_food_classification/data/val/Yaprak Sarma/nyt_up_3010612_recipe-2017-05-15-21-23-44-320x240.jpg,Yaprak Sarma,Yaprak Sarma
/home/yapbenzet/Desktop/Jean/cnn_food_classification/data/val/Yaprak Sarma/nyt_up_3010612_recipe-2017-05-15-21-24-04-320x240.jpg,Yaprak Sarma,Yaprak Sarma
/home/yapbenzet/Desktop/Jean/cnn_food_classification/data/val/Yaprak Sarma/nyt_up_3010612_recipe-2017-05-15-21-24-19-320x240.jpg,Yaprak Sarma,Yaprak Sarma
/home/yapbenzet/Desktop/Jean/cnn_food_classification/data/val/Yaprak Sarma/nyt_up_3010612_recipe-2017-08-30-19-49-36-320x263.jpg,Yaprak Sarma,Yaprak Sarma
/home/yapbenzet/Desktop/Jean/cnn_food_classification/data/val/Yaprak Sarma/nyt_up_3391932_attachment-320x427_1.jpg,Yaprak Sarma,Yaprak Sarma
/home/yapbenzet/Desktop/Jean/cnn_food_classification/data/val/Yaprak Sarma/nyt_up_3391932_recipe-2017-06-13-14-26-17-320x237.jpg,Yaprak Sarma,Yaprak Sarma
/home/yapbenzet/Desktop/Jean/cnn_food_classification/data/val/Yaprak Sarma/nyt_up_3459133_attachment-1-320x221.jpg,Yaprak Sarma,Yaprak Sarma
/home/yapbenzet/Desktop/Jean/cnn_food_classification/data/val/Yaprak Sarma/nyt_up_3459133_recipe-2018-05-30-08-37-38-320x240.jpg,Yaprak Sarma,Mercimek Çorbası
/home/yapbenzet/Desktop/Jean/cnn_food_classification/data/val/Yaprak Sarma/nyt_up_38205_attachment-320x240_1.jpg,Yaprak Sarma,Yaprak Sarma
/home/yapbenzet/Desktop/Jean/cnn_food_classification/data/val/Yaprak Sarma/nyt_up_38205_attachment-320x320.jpg,Yaprak Sarma,Yaprak Sarma
/home/yapbenzet/Desktop/Jean/cnn_food_classification/data/val/Yaprak Sarma/nyt_up_38205_attachment-320x427_4.jpg,Yaprak Sarma,Yaprak Sarma
/home/yapbenzet/Desktop/Jean/cnn_food_classification/data/val/Yaprak Sarma/nyt_up_38205_recipe-2015-06-01-09-53-15-320x427.jpg,Yaprak Sarma,Yaprak Sarma
/home/yapbenzet/Desktop/Jean/cnn_food_classification/data/val/Yaprak Sarma/nyt_up_38205_recipe-2015-06-29-14-11-16-320x240.jpg,Yaprak Sarma,Yaprak Sarma
/home/yapbenzet/Desktop/Jean/cnn_food_classification/data/val/Yaprak Sarma/nyt_up_38205_recipe-2016-01-08-16-31-45-320x568.jpg,Yaprak Sarma,Yaprak Sarma
/home/yapbenzet/Desktop/Jean/cnn_food_classification/data/val/Yaprak Sarma/nyt_up_38205_recipe-2016-01-27-21-39-34-320x427.jpg,Yaprak Sarma,Yaprak Sarma
/home/yapbenzet/Desktop/Jean/cnn_food_classification/data/val/Yaprak Sarma/nyt_up_38205_recipe-2016-06-25-18-13-11-320x569.jpg,Yaprak Sarma,Yaprak Sarma
/home/yapbenzet/Desktop/Jean/cnn_food_classification/data/val/Yaprak Sarma/nyt_up_38205_recipe-2016-11-07-11-09-46-320x569.jpg,Yaprak Sarma,Yaprak Sarma
/home/yapbenzet/Desktop/Jean/cnn_food_classification/data/val/Yaprak Sarma/nyt_up_38205_recipe-2017-01-20-21-39-44-320x568.jpg,Yaprak Sarma,Yaprak Sarma
/home/yapbenzet/Desktop/Jean/cnn_food_classification/data/val/Yaprak Sarma/nyt_up_38205_recipe-2017-02-13-22-51-28-320x427.jpg,Yaprak Sarma,Yaprak Sarma
/home/yapbenzet/Desktop/Jean/cnn_food_classification/data/val/Yaprak Sarma/nyt_up_38205_recipe-2017-06-24-22-29-30-320x180.jpg,Yaprak Sarma,Yaprak Sarma
/home/yapbenzet/Desktop/Jean/cnn_food_classification/data/val/Yulaf Ekmeği/000001.jpg,Yulaf Ekmeği,Esmer Ekmek
/home/yapbenzet/Desktop/Jean/cnn_food_classification/data/val/Yulaf Ekmeği/000002.jpg,Yulaf Ekmeği,Esmer Ekmek
/home/yapbenzet/Desktop/Jean/cnn_food_classification/data/val/Yulaf Ekmeği/000009.jpg,Yulaf Ekmeği,Esmer Ekmek
/home/yapbenzet/Desktop/Jean/cnn_food_classification/data/val/Yulaf Ekmeği/000011.jpg,Yulaf Ekmeği,Esmer Ekmek
/home/yapbenzet/Desktop/Jean/cnn_food_classification/data/val/Yulaf Ekmeği/000016.jpg,Yulaf Ekmeği,Yulaf Ekmeği
/home/yapbenzet/Desktop/Jean/cnn_food_classification/data/val/Yulaf Ekmeği/000025.jpg,Yulaf Ekmeği,Esmer Ekmek
/home/yapbenzet/Desktop/Jean/cnn_food_classification/data/val/Yulaf Ekmeği/000034.jpg,Yulaf Ekmeği,Esmer Ekmek
/home/yapbenzet/Desktop/Jean/cnn_food_classification/data/val/Yulaf Ekmeği/000036.jpg,Yulaf Ekmeği,Beyaz Ekmek
/home/yapbenzet/Desktop/Jean/cnn_food_classification/data/val/Yulaf Ekmeği/000076.jpg,Yulaf Ekmeği,Esmer Ekmek
/home/yapbenzet/Desktop/Jean/cnn_food_classification/data/val/Yulaf Ekmeği/000085.jpg,Yulaf Ekmeği,Yulaf Ekmeği
/home/yapbenzet/Desktop/Jean/cnn_food_classification/data/val/Yulaf Ekmeği/000087.jpg,Yulaf Ekmeği,Börek
/home/yapbenzet/Desktop/Jean/cnn_food_classification/data/val/Yulaf Ekmeği/000092.jpg,Yulaf Ekmeği,Beyaz Ekmek
/home/yapbenzet/Desktop/Jean/cnn_food_classification/data/val/Yulaf Ekmeği/istockphoto-1145899152-1024x1024.jpg,Yulaf Ekmeği,Esmer Ekmek
/home/yapbenzet/Desktop/Jean/cnn_food_classification/data/val/Yulaf Ekmeği/istockphoto-1166503535-1024x1024.jpg,Yulaf Ekmeği,Yulaf Ekmeği
/home/yapbenzet/Desktop/Jean/cnn_food_classification/data/val/Yulaf Ekmeği/istockphoto-1205570773-1024x1024.jpg,Yulaf Ekmeği,Yulaf Ekmeği
/home/yapbenzet/Desktop/Jean/cnn_food_classification/data/val/Yulaf Ekmeği/istockphoto-1208849776-1024x1024.jpg,Yulaf Ekmeği,Yulaf Ekmeği
/home/yapbenzet/Desktop/Jean/cnn_food_classification/data/val/Yulaf Ekmeği/istockphoto-1209055142-1024x1024.jpg,Yulaf Ekmeği,Esmer Ekmek
/home/yapbenzet/Desktop/Jean/cnn_food_classification/data/val/Yulaf Ekmeği/istockphoto-1219804120-1024x1024.jpg,Yulaf Ekmeği,Yulaf Ekmeği
/home/yapbenzet/Desktop/Jean/cnn_food_classification/data/val/Yulaf Ekmeği/istockphoto-1268513290-1024x1024.jpg,Yulaf Ekmeği,Yulaf Ekmeği
/home/yapbenzet/Desktop/Jean/cnn_food_classification/data/val/Yulaf Ekmeği/istockphoto-1268746625-1024x1024.jpg,Yulaf Ekmeği,Yulaf Ekmeği
/home/yapbenzet/Desktop/Jean/cnn_food_classification/data/val/Yulaf Ekmeği/istockphoto-1276363065-1024x1024.jpg,Yulaf Ekmeği,Yulaf Ekmeği
/home/yapbenzet/Desktop/Jean/cnn_food_classification/data/val/Yulaf Ekmeği/istockphoto-1310666233-1024x1024.jpg,Yulaf Ekmeği,Yulaf Ekmeği
/home/yapbenzet/Desktop/Jean/cnn_food_classification/data/val/Yulaf Ekmeği/istockphoto-1333002457-1024x1024.jpg,Yulaf Ekmeği,Esmer Ekmek
/home/yapbenzet/Desktop/Jean/cnn_food_classification/data/val/Yulaf Ekmeği/istockphoto-1334871575-1024x1024.jpg,Yulaf Ekmeği,Yulaf Ekmeği
/home/yapbenzet/Desktop/Jean/cnn_food_classification/data/val/Yulaf Ekmeği/istockphoto-1359356642-1024x1024.jpg,Yulaf Ekmeği,Yulaf Ekmeği
/home/yapbenzet/Desktop/Jean/cnn_food_classification/data/val/Yulaf Ekmeği/istockphoto-1382529847-1024x1024.jpg,Yulaf Ekmeği,Yulaf Ekmeği
/home/yapbenzet/Desktop/Jean/cnn_food_classification/data/val/Yulaf Ekmeği/istockphoto-1438712750-1024x1024.jpg,Yulaf Ekmeği,Yulaf Ekmeği
/home/yapbenzet/Desktop/Jean/cnn_food_classification/data/val/Yulaf Ekmeği/istockphoto-144804343-1024x1024.jpg,Yulaf Ekmeği,Yulaf Ekmeği
/home/yapbenzet/Desktop/Jean/cnn_food_classification/data/val/Yulaf Ekmeği/istockphoto-1480082732-1024x1024.jpg,Yulaf Ekmeği,Yulaf Ekmeği
/home/yapbenzet/Desktop/Jean/cnn_food_classification/data/val/Yulaf Ekmeği/istockphoto-164898867-1024x1024.jpg,Yulaf Ekmeği,Yulaf Ekmeği
/home/yapbenzet/Desktop/Jean/cnn_food_classification/data/val/Yulaf Ekmeği/istockphoto-171262442-1024x1024.jpg,Yulaf Ekmeği,Yulaf Ekmeği
/home/yapbenzet/Desktop/Jean/cnn_food_classification/data/val/Yulaf Ekmeği/istockphoto-175936385-1024x1024.jpg,Yulaf Ekmeği,Yulaf Ekmeği
/home/yapbenzet/Desktop/Jean/cnn_food_classification/data/val/Yulaf Ekmeği/istockphoto-177137581-1024x1024.jpg,Yulaf Ekmeği,Esmer Ekmek
/home/yapbenzet/Desktop/Jean/cnn_food_classification/data/val/Yulaf Ekmeği/istockphoto-179274663-1024x1024.jpg,Yulaf Ekmeği,Yulaf Ekmeği
/home/yapbenzet/Desktop/Jean/cnn_food_classification/data/val/Yulaf Ekmeği/istockphoto-182839551-1024x1024.jpg,Yulaf Ekmeği,Yulaf Ekmeği
/home/yapbenzet/Desktop/Jean/cnn_food_classification/data/val/Yulaf Ekmeği/istockphoto-182867150-1024x1024.jpg,Yulaf Ekmeği,Yulaf Ekmeği
/home/yapbenzet/Desktop/Jean/cnn_food_classification/data/val/Yulaf Ekmeği/istockphoto-2158030390-1024x1024.jpg,Yulaf Ekmeği,Esmer Ekmek
/home/yapbenzet/Desktop/Jean/cnn_food_classification/data/val/Yulaf Ekmeği/istockphoto-2162858030-1024x1024.jpg,Yulaf Ekmeği,Esmer Ekmek
/home/yapbenzet/Desktop/Jean/cnn_food_classification/data/val/Yulaf Ekmeği/istockphoto-2164226511-1024x1024.jpg,Yulaf Ekmeği,Yulaf Ekmeği
/home/yapbenzet/Desktop/Jean/cnn_food_classification/data/val/Yulaf Ekmeği/istockphoto-450116379-1024x1024.jpg,Yulaf Ekmeği,Yulaf Ekmeği
/home/yapbenzet/Desktop/Jean/cnn_food_classification/data/val/Yulaf Ekmeği/istockphoto-452478687-1024x1024.jpg,Yulaf Ekmeği,Esmer Ekmek
/home/yapbenzet/Desktop/Jean/cnn_food_classification/data/val/Yulaf Ekmeği/istockphoto-485571958-1024x1024.jpg,Yulaf Ekmeği,Yulaf Ekmeği
/home/yapbenzet/Desktop/Jean/cnn_food_classification/data/val/Yulaf Ekmeği/istockphoto-485688586-1024x1024.jpg,Yulaf Ekmeği,Yulaf Ekmeği
/home/yapbenzet/Desktop/Jean/cnn_food_classification/data/val/Yulaf Ekmeği/istockphoto-493970112-1024x1024.jpg,Yulaf Ekmeği,Yulaf Ekmeği
/home/yapbenzet/Desktop/Jean/cnn_food_classification/data/val/Yulaf Ekmeği/istockphoto-505687536-1024x1024.jpg,Yulaf Ekmeği,Yulaf Ekmeği
/home/yapbenzet/Desktop/Jean/cnn_food_classification/data/val/Yulaf Ekmeği/istockphoto-512100104-1024x1024.jpg,Yulaf Ekmeği,Yulaf Ekmeği
/home/yapbenzet/Desktop/Jean/cnn_food_classification/data/val/Yulaf Ekmeği/istockphoto-514468774-1024x1024.jpg,Yulaf Ekmeği,Esmer Ekmek
/home/yapbenzet/Desktop/Jean/cnn_food_classification/data/val/Yulaf Ekmeği/istockphoto-520914133-1024x1024.jpg,Yulaf Ekmeği,Yulaf Ekmeği
/home/yapbenzet/Desktop/Jean/cnn_food_classification/data/val/Yulaf Ekmeği/istockphoto-610238220-1024x1024.jpg,Yulaf Ekmeği,Yulaf Ekmeği
/home/yapbenzet/Desktop/Jean/cnn_food_classification/data/val/Yulaf Ekmeği/istockphoto-637641978-1024x1024.jpg,Yulaf Ekmeği,Yulaf Ekmeği
/home/yapbenzet/Desktop/Jean/cnn_food_classification/data/val/Yulaf Ekmeği/istockphoto-642312088-1024x1024.jpg,Yulaf Ekmeği,Yulaf Ekmeği
/home/yapbenzet/Desktop/Jean/cnn_food_classification/data/val/Yulaf Ekmeği/istockphoto-653974880-1024x1024.jpg,Yulaf Ekmeği,Yulaf Ekmeği
/home/yapbenzet/Desktop/Jean/cnn_food_classification/data/val/Yulaf Ekmeği/istockphoto-654693152-1024x1024.jpg,Yulaf Ekmeği,Yulaf Ekmeği
/home/yapbenzet/Desktop/Jean/cnn_food_classification/data/val/Yulaf Ekmeği/istockphoto-827041100-1024x1024.jpg,Yulaf Ekmeği,Esmer Ekmek
/home/yapbenzet/Desktop/Jean/cnn_food_classification/data/val/Yulaf Ekmeği/istockphoto-843535180-1024x1024.jpg,Yulaf Ekmeği,Yulaf Ekmeği
/home/yapbenzet/Desktop/Jean/cnn_food_classification/data/val/Yulaf Ekmeği/istockphoto-849768208-1024x1024.jpg,Yulaf Ekmeği,Yulaf Ekmeği
/home/yapbenzet/Desktop/Jean/cnn_food_classification/data/val/Yulaf Ekmeği/istockphoto-896765708-1024x1024.jpg,Yulaf Ekmeği,Esmer Ekmek
/home/yapbenzet/Desktop/Jean/cnn_food_classification/data/val/Yulaf Ekmeği/istockphoto-905715258-1024x1024.jpg,Yulaf Ekmeği,Yulaf Ekmeği
/home/yapbenzet/Desktop/Jean/cnn_food_classification/data/val/Yulaf Ekmeği/istockphoto-910636516-1024x1024.jpg,Yulaf Ekmeği,Yulaf Ekmeği
/home/yapbenzet/Desktop/Jean/cnn_food_classification/data/val/Yulaf Ekmeği/nyt_up_220463_recipe-2018-06-29-16-07-44-320x180.jpg,Yulaf Ekmeği,Esmer Ekmek
/home/yapbenzet/Desktop/Jean/cnn_food_classification/data/val/Çiğ Köfte/000008_aug_8.jpg,Çiğ Köfte,Çiğ Köfte
/home/yapbenzet/Desktop/Jean/cnn_food_classification/data/val/Çiğ Köfte/000009.jpg,Çiğ Köfte,Çiğ Köfte
/home/yapbenzet/Desktop/Jean/cnn_food_classification/data/val/Çiğ Köfte/000010_aug_15.jpg,Çiğ Köfte,Çiğ Köfte
/home/yapbenzet/Desktop/Jean/cnn_food_classification/data/val/Çiğ Köfte/000013.jpg,Çiğ Köfte,Çiğ Köfte
/home/yapbenzet/Desktop/Jean/cnn_food_classification/data/val/Çiğ Köfte/000014.jpg,Çiğ Köfte,Çiğ Köfte
/home/yapbenzet/Desktop/Jean/cnn_food_classification/data/val/Çiğ Köfte/000018.jpg,Çiğ Köfte,Çiğ Köfte
/home/yapbenzet/Desktop/Jean/cnn_food_classification/data/val/Çiğ Köfte/000020.jpg,Çiğ Köfte,Çiğ Köfte
/home/yapbenzet/Desktop/Jean/cnn_food_classification/data/val/Çiğ Köfte/000021.jpg,Çiğ Köfte,Çiğ Köfte
/home/yapbenzet/Desktop/Jean/cnn_food_classification/data/val/Çiğ Köfte/000024.jpg,Çiğ Köfte,Çiğ Köfte
/home/yapbenzet/Desktop/Jean/cnn_food_classification/data/val/Çiğ Köfte/000028_aug_46.jpg,Çiğ Köfte,Çiğ Köfte
/home/yapbenzet/Desktop/Jean/cnn_food_classification/data/val/Çiğ Köfte/000034.jpg,Çiğ Köfte,Çiğ Köfte
/home/yapbenzet/Desktop/Jean/cnn_food_classification/data/val/Çiğ Köfte/000041.jpg,Çiğ Köfte,Çiğ Köfte
/home/yapbenzet/Desktop/Jean/cnn_food_classification/data/val/Çiğ Köfte/000047.jpg,Çiğ Köfte,Çiğ Köfte
/home/yapbenzet/Desktop/Jean/cnn_food_classification/data/val/Çiğ Köfte/000055.jpg,Çiğ Köfte,Çiğ Köfte
/home/yapbenzet/Desktop/Jean/cnn_food_classification/data/val/Çiğ Köfte/000059.jpg,Çiğ Köfte,Çiğ Köfte
/home/yapbenzet/Desktop/Jean/cnn_food_classification/data/val/Çiğ Köfte/000060.jpg,Çiğ Köfte,Çiğ Köfte
/home/yapbenzet/Desktop/Jean/cnn_food_classification/data/val/Çiğ Köfte/000063.jpg,Çiğ Köfte,Çiğ Köfte
/home/yapbenzet/Desktop/Jean/cnn_food_classification/data/val/Çiğ Köfte/000065.png,Çiğ Köfte,Çiğ Köfte
/home/yapbenzet/Desktop/Jean/cnn_food_classification/data/val/Çiğ Köfte/000068.jpg,Çiğ Köfte,Çiğ Köfte
/home/yapbenzet/Desktop/Jean/cnn_food_classification/data/val/Çiğ Köfte/000069.jpg,Çiğ Köfte,Çiğ Köfte
/home/yapbenzet/Desktop/Jean/cnn_food_classification/data/val/Çiğ Köfte/nyt-up-2526260_2525f8c48bf976d6155593358-320x569.jpg,Çiğ Köfte,Çiğ Köfte
/home/yapbenzet/Desktop/Jean/cnn_food_classification/data/val/Çiğ Köfte/nyt-up-2526260_4025e87a22b4298f323558258-320x240.jpg,Çiğ Köfte,Çiğ Köfte
/home/yapbenzet/Desktop/Jean/cnn_food_classification/data/val/Çiğ Köfte/nyt-up-2526260_4305f92ed488414f026246481-320x427.jpg,Çiğ Köfte,Çiğ Köfte
/home/yapbenzet/Desktop/Jean/cnn_food_classification/data/val/Çiğ Köfte/nyt-up-2526260_43610e77c110218363695658-320x626.jpeg,Çiğ Köfte,Çiğ Köfte
/home/yapbenzet/Desktop/Jean/cnn_food_classification/data/val/Çiğ Köfte/nyt-up-2526260_514643c99cb94791164554319-320x567.jpg,Çiğ Köfte,Çiğ Köfte
/home/yapbenzet/Desktop/Jean/cnn_food_classification/data/val/Çiğ Köfte/nyt-up-2526260_6355ebd598240030713297427-320x240.jpg,Çiğ Köfte,Çiğ Köfte
/home/yapbenzet/Desktop/Jean/cnn_food_classification/data/val/Çiğ Köfte/nyt-up-2526260_attachment-1-e1704057798251-320x427.jpg,Çiğ Köfte,Çiğ Köfte
/home/yapbenzet/Desktop/Jean/cnn_food_classification/data/val/Çiğ Köfte/nyt-up-2526260_attachment-320x180.jpg,Çiğ Köfte,Çiğ Köfte
/home/yapbenzet/Desktop/Jean/cnn_food_classification/data/val/Çiğ Köfte/nyt-up-2526260_attachment-320x240.jpg,Çiğ Köfte,Çiğ Köfte
/home/yapbenzet/Desktop/Jean/cnn_food_classification/data/val/Çiğ Köfte/nyt-up-2526260_recipe-2019-04-02-16-42-29-320x427.jpg,Çiğ Köfte,Çiğ Köfte
/home/yapbenzet/Desktop/Jean/cnn_food_classification/data/val/Çiğ Köfte/nyt-up-2526260_recipe-2019-11-03-00-17-19-320x353.jpg,Çiğ Köfte,Çiğ Köfte
/home/yapbenzet/Desktop/Jean/cnn_food_classification/data/val/Çiğ Köfte/nyt-up-2526260_recipe-2019-11-15-17-23-18-320x328.jpg,Çiğ Köfte,Çiğ Köfte
/home/yapbenzet/Desktop/Jean/cnn_food_classification/data/val/Çiğ Köfte/nyt-up-2526260_recipe-2019-12-25-15-16-21-320x569.jpg,Çiğ Köfte,Çiğ Köfte
/home/yapbenzet/Desktop/Jean/cnn_food_classification/data/val/Çiğ Köfte/nyt-up-2526260_recipe-2020-03-08-21-01-37-320x569.jpg,Çiğ Köfte,Çiğ Köfte
/home/yapbenzet/Desktop/Jean/cnn_food_classification/data/val/Çiğ Köfte/nyt-up-2526260_recipe-2020-03-12-17-44-11-320x427.jpg,Çiğ Köfte,Çiğ Köfte
/home/yapbenzet/Desktop/Jean/cnn_food_classification/data/val/Çiğ Köfte/nyt-up-2526260_recipe-2020-03-29-13-57-34-320x427.jpg,Çiğ Köfte,Çiğ Köfte
/home/yapbenzet/Desktop/Jean/cnn_food_classification/data/val/Çiğ Köfte/nyt-up-2526260_recipe-2020-04-09-18-06-32-320x427.jpg,Çiğ Köfte,Çiğ Köfte
/home/yapbenzet/Desktop/Jean/cnn_food_classification/data/val/Çiğ Köfte/nyt-up-2526260_recipe-2020-04-16-20-34-00-320x569.jpg,Çiğ Köfte,Çiğ Köfte
/home/yapbenzet/Desktop/Jean/cnn_food_classification/data/val/Çiğ Köfte/nyt-up-2526260_recipe-2020-04-29-23-50-05-320x427.jpg,Çiğ Köfte,Çiğ Köfte
/home/yapbenzet/Desktop/Jean/cnn_food_classification/data/val/Çiğ Köfte/nyt-up-2526260_recipe-2020-05-03-13-31-28-320x427.jpg,Çiğ Köfte,Çiğ Köfte
/home/yapbenzet/Desktop/Jean/cnn_food_classification/data/val/Çiğ Köfte/nyt-up-2526260_recipe-2020-05-03-20-24-16-320x427.jpg,Çiğ Köfte,Çiğ Köfte
/home/yapbenzet/Desktop/Jean/cnn_food_classification/data/val/Çiğ Köfte/nyt-up-2526260_recipe-2020-05-16-18-12-34-320x427.jpg,Çiğ Köfte,Çiğ Köfte
/home/yapbenzet/Desktop/Jean/cnn_food_classification/data/val/Çiğ Köfte/nyt-up-2526260_recipe-2020-05-18-02-17-30-320x569.jpg,Çiğ Köfte,Çiğ Köfte
/home/yapbenzet/Desktop/Jean/cnn_food_classification/data/val/Çiğ Köfte/nyt-up-2526260_recipe-2020-05-29-14-21-24-320x427.jpg,Çiğ Köfte,Çiğ Köfte
/home/yapbenzet/Desktop/Jean/cnn_food_classification/data/val/Çiğ Köfte/nyt-up-2526260_recipe-2020-08-08-16-39-44-320x568.jpg,Çiğ Köfte,Çiğ Köfte
/home/yapbenzet/Desktop/Jean/cnn_food_classification/data/val/Çiğ Köfte/nyt-up-2526260_recipe-2020-09-25-21-09-34-320x427.jpg,Çiğ Köfte,Çiğ Köfte
/home/yapbenzet/Desktop/Jean/cnn_food_classification/data/val/Çiğ Köfte/nyt-up-2526260_recipe-2020-11-10-13-19-54-320x427.jpg,Çiğ Köfte,Çiğ Köfte
/home/yapbenzet/Desktop/Jean/cnn_food_classification/data/val/Çiğ Köfte/nyt-up-2526260_recipe-2020-11-21-11-34-45-320x427.jpg,Çiğ Köfte,Çiğ Köfte
/home/yapbenzet/Desktop/Jean/cnn_food_classification/data/val/Çiğ Köfte/nyt-up-2526260_recipe-2020-11-29-20-46-01-311x640.jpg,Çiğ Köfte,Haşlanmış Yumurta
/home/yapbenzet/Desktop/Jean/cnn_food_classification/data/val/Çiğ Köfte/nyt-up-2526260_recipe-2020-12-02-22-14-37-320x569.jpg,Çiğ Köfte,Çiğ Köfte
/home/yapbenzet/Desktop/Jean/cnn_food_classification/data/val/Çiğ Köfte/nyt-up-2526260_recipe-2020-12-22-04-57-13-320x569.jpg,Çiğ Köfte,Çiğ Köfte
/home/yapbenzet/Desktop/Jean/cnn_food_classification/data/val/Çiğ Köfte/nyt-up-2526260_recipe-2020-12-30-14-00-16-320x427.jpg,Çiğ Köfte,Çiğ Köfte
/home/yapbenzet/Desktop/Jean/cnn_food_classification/data/val/Çiğ Köfte/nyt-up-2526260_recipe-2021-01-24-16-05-00-320x240.jpg,Çiğ Köfte,Çiğ Köfte
/home/yapbenzet/Desktop/Jean/cnn_food_classification/data/val/Çiğ Köfte/nyt-up-2526260_recipe-2021-02-28-21-16-36-320x180.jpg,Çiğ Köfte,Çiğ Köfte
/home/yapbenzet/Desktop/Jean/cnn_food_classification/data/val/Çiğ Köfte/nyt-up-2526260_recipe-2021-03-10-17-21-33-320x569.jpg,Çiğ Köfte,Çiğ Köfte
/home/yapbenzet/Desktop/Jean/cnn_food_classification/data/val/Çiğ Köfte/nyt-up-2526260_recipe-2021-03-18-20-52-32-320x240.jpg,Çiğ Köfte,Çiğ Köfte
/home/yapbenzet/Desktop/Jean/cnn_food_classification/data/val/Çiğ Köfte/nyt-up-2526260_recipe-2021-06-27-13-30-25-320x180.jpg,Çiğ Köfte,Çiğ Köfte
/home/yapbenzet/Desktop/Jean/cnn_food_classification/data/val/Çiğ Köfte/nyt-up-2526260_recipe-2022-09-01-16-21-44-288x640.jpg,Çiğ Köfte,Çiğ Köfte
/home/yapbenzet/Desktop/Jean/cnn_food_classification/data/val/Çiğ Köfte/nyt-up-2526260_recipe-2022-10-04-22-59-05-320x569.jpg,Çiğ Köfte,Çiğ Köfte
/home/yapbenzet/Desktop/Jean/cnn_food_classification/data/val/Çiğ Köfte/nyt-up-2526260_recipe-2022-12-07-15-44-15-320x569.jpg,Çiğ Köfte,Çiğ Köfte
/home/yapbenzet/Desktop/Jean/cnn_food_classification/data/val/Çiğ Köfte/nyt-up-2526260_recipe-2023-04-05-20-06-45-320x240.jpg,Çiğ Köfte,Çiğ Köfte
/home/yapbenzet/Desktop/Jean/cnn_food_classification/data/val/Çiğ Köfte/nyt-up-2526260_recipe-2023-08-22-18-13-01-320x427.jpg,Çiğ Köfte,Çiğ Köfte
/home/yapbenzet/Desktop/Jean/cnn_food_classification/data/val/Çiğ Köfte/nyt-up-2526260_recipe-2024-03-10-12-40-10-e1710093821382-320x233.jpg,Çiğ Köfte,Çiğ Köfte
/home/yapbenzet/Desktop/Jean/cnn_food_classification/data/val/Çiğ Köfte/nyt-up-2526260_recipe-2024-10-05-01-03-56-320x569.jpg,Çiğ Köfte,Çiğ Köfte
/home/yapbenzet/Desktop/Jean/cnn_food_classification/data/val/Çiğ Köfte/nyt-up-391978_1606720f32aa9d06204181951-320x425.jpg,Çiğ Köfte,Çiğ Köfte
/home/yapbenzet/Desktop/Jean/cnn_food_classification/data/val/Çiğ Köfte/nyt-up-391978_3115ff9bd29a0387747006410-320x240.jpg,Çiğ Köfte,Çiğ Köfte
/home/yapbenzet/Desktop/Jean/cnn_food_classification/data/val/Çiğ Köfte/nyt-up-391978_442644002641407c446939776-320x427.jpeg,Çiğ Köfte,Çiğ Köfte
/home/yapbenzet/Desktop/Jean/cnn_food_classification/data/val/Çiğ Köfte/nyt-up-391978_667644f8ed1b2217179767865-320x427.jpg,Çiğ Köfte,Çiğ Köfte
/home/yapbenzet/Desktop/Jean/cnn_food_classification/data/val/Çiğ Köfte/nyt-up-391978_7955faad40d608ef016692284-320x427.jpg,Çiğ Köfte,Çiğ Köfte
/home/yapbenzet/Desktop/Jean/cnn_food_classification/data/val/Çiğ Köfte/nyt-up-391978_attachment-320x568.jpg,Çiğ Köfte,Çiğ Köfte
/home/yapbenzet/Desktop/Jean/cnn_food_classification/data/val/Çiğ Köfte/nyt-up-391978_recipe-2020-05-07-11-46-29-320x427.jpg,Çiğ Köfte,Çiğ Köfte
/home/yapbenzet/Desktop/Jean/cnn_food_classification/data/val/Çiğ Köfte/nyt-up-391978_recipe-2020-12-05-18-59-11-320x427.jpg,Çiğ Köfte,Çiğ Köfte
/home/yapbenzet/Desktop/Jean/cnn_food_classification/data/val/Çiğ Köfte/nyt-up-391978_recipe-2021-02-21-19-17-22-320x427.jpg,Çiğ Köfte,Çiğ Köfte
/home/yapbenzet/Desktop/Jean/cnn_food_classification/data/val/Çiğ Köfte/nyt-up-391978_recipe-2021-04-06-15-49-24-320x638.jpg,Çiğ Köfte,Çiğ Köfte
/home/yapbenzet/Desktop/Jean/cnn_food_classification/data/val/Çiğ Köfte/nyt-up-391978_recipe-2021-09-16-22-11-05-320x569.jpg,Çiğ Köfte,Çiğ Köfte
/home/yapbenzet/Desktop/Jean/cnn_food_classification/data/val/Çiğ Köfte/nyt-up-391978_recipe-2021-10-29-15-30-56-320x240.jpg,Çiğ Köfte,Çiğ Köfte
/home/yapbenzet/Desktop/Jean/cnn_food_classification/data/val/Çiğ Köfte/nyt-up-391978_recipe-2022-02-08-15-32-52-320x240.jpg,Çiğ Köfte,Çiğ Köfte
/home/yapbenzet/Desktop/Jean/cnn_food_classification/data/val/Çiğ Köfte/nyt-up-391978_recipe-2022-04-12-19-39-19-320x180.jpg,Çiğ Köfte,Çiğ Köfte
/home/yapbenzet/Desktop/Jean/cnn_food_classification/data/val/Çiğ Köfte/nyt-up-391978_recipe-2022-04-13-19-08-15-303x640.jpg,Çiğ Köfte,Çiğ Köfte
/home/yapbenzet/Desktop/Jean/cnn_food_classification/data/val/Çiğ Köfte/nyt-up-391978_recipe-2022-06-05-16-01-00-320x427.jpg,Çiğ Köfte,Çiğ Köfte
/home/yapbenzet/Desktop/Jean/cnn_food_classification/data/val/Çiğ Köfte/nyt-up-391978_recipe-2022-07-19-14-49-44-320x427.jpg,Çiğ Köfte,Çiğ Köfte
/home/yapbenzet/Desktop/Jean/cnn_food_classification/data/val/Çiğ Köfte/nyt-up-391978_recipe-2023-01-25-13-58-02-320x427.jpg,Çiğ Köfte,Çiğ Köfte
/home/yapbenzet/Desktop/Jean/cnn_food_classification/data/val/Çiğ Köfte/nyt-up-391978_recipe-2023-03-08-19-29-40-311x640.jpg,Çiğ Köfte,Çiğ Köfte
/home/yapbenzet/Desktop/Jean/cnn_food_classification/data/val/Çiğ Köfte/nyt-up-391978_recipe-2023-04-10-20-22-05-320x567.jpg,Çiğ Köfte,Çiğ Köfte
/home/yapbenzet/Desktop/Jean/cnn_food_classification/data/val/Çiğ Köfte/nyt-up-391978_recipe-2023-05-28-17-36-34-320x427.jpg,Çiğ Köfte,Çiğ Köfte
/home/yapbenzet/Desktop/Jean/cnn_food_classification/data/val/Çiğ Köfte/nyt-up-391978_recipe-2023-10-23-22-17-40-320x400.jpg,Çiğ Köfte,Çiğ Köfte
/home/yapbenzet/Desktop/Jean/cnn_food_classification/data/val/Çiğ Köfte/nyt-up-391978_recipe-2023-11-17-17-43-17-320x427.jpg,Çiğ Köfte,Çiğ Köfte
/home/yapbenzet/Desktop/Jean/cnn_food_classification/data/val/Çiğ Köfte/nyt-up-391978_recipe-2024-11-29-10-06-31-320x427.jpg,Çiğ Köfte,Çiğ Köfte
/home/yapbenzet/Desktop/Jean/cnn_food_classification/data/val/Çiğ Köfte/nyt-up-391978_recipe-2024-12-25-10-49-15-320x425.jpg,Çiğ Köfte,Çiğ Köfte
/home/yapbenzet/Desktop/Jean/cnn_food_classification/data/val/Çiğ Köfte/nyt-up-391978_recipe-2025-01-20-17-47-20-320x240.jpg,Çiğ Köfte,Çiğ Köfte
/home/yapbenzet/Desktop/Jean/cnn_food_classification/data/val/Çiğ Köfte/nyt-up-391978_recipe-2025-02-01-15-46-59-320x427.jpg,Çiğ Köfte,Çiğ Köfte
/home/yapbenzet/Desktop/Jean/cnn_food_classification/data/val/Çiğ Köfte/nyt_up_2526260_580e3337cfd41-320x180.jpg,Çiğ Köfte,Çiğ Köfte
/home/yapbenzet/Desktop/Jean/cnn_food_classification/data/val/Çiğ Köfte/nyt_up_2526260_580e4230a4950-320x239.jpg,Çiğ Köfte,Çiğ Köfte
/home/yapbenzet/Desktop/Jean/cnn_food_classification/data/val/Çiğ Köfte/nyt_up_2526260_58e53758afa18-320x180.jpg,Çiğ Köfte,Çiğ Köfte
/home/yapbenzet/Desktop/Jean/cnn_food_classification/data/val/Çiğ Köfte/nyt_up_2526260_image-e1477308135300-320x427.jpg,Çiğ Köfte,Çiğ Köfte
/home/yapbenzet/Desktop/Jean/cnn_food_classification/data/val/Çiğ Köfte/nyt_up_2526260_recipe-2016-10-24-12-37-45-320x569.jpg,Çiğ Köfte,Çiğ Köfte
/home/yapbenzet/Desktop/Jean/cnn_food_classification/data/val/Çiğ Köfte/nyt_up_2526260_recipe-2016-10-24-12-37-49-320x569.jpg,Çiğ Köfte,Çiğ Köfte
/home/yapbenzet/Desktop/Jean/cnn_food_classification/data/val/Çiğ Köfte/nyt_up_2526260_recipe-2016-10-25-19-10-01-320x427.jpg,Çiğ Köfte,Çiğ Köfte
/home/yapbenzet/Desktop/Jean/cnn_food_classification/data/val/Çiğ Köfte/nyt_up_2526260_recipe-2016-10-25-21-39-47-320x180.jpg,Çiğ Köfte,Çiğ Köfte
/home/yapbenzet/Desktop/Jean/cnn_food_classification/data/val/Çiğ Köfte/nyt_up_2526260_recipe-2016-10-26-15-20-30-320x180.jpg,Çiğ Köfte,Tulumba Tatlısı
/home/yapbenzet/Desktop/Jean/cnn_food_classification/data/val/Çiğ Köfte/nyt_up_2526260_recipe-2016-10-26-21-58-54-320x180.jpg,Çiğ Köfte,Çiğ Köfte
/home/yapbenzet/Desktop/Jean/cnn_food_classification/data/val/Çiğ Köfte/nyt_up_2526260_recipe-2016-10-28-15-04-01-320x568.jpg,Çiğ Köfte,Çiğ Köfte
/home/yapbenzet/Desktop/Jean/cnn_food_classification/data/val/Çiğ Köfte/nyt_up_2526260_recipe-2016-10-28-18-58-13-320x568.jpg,Çiğ Köfte,Çiğ Köfte
/home/yapbenzet/Desktop/Jean/cnn_food_classification/data/val/Çiğ Köfte/nyt_up_2526260_recipe-2016-10-28-21-34-00-320x192.jpg,Çiğ Köfte,Çiğ Köfte
/home/yapbenzet/Desktop/Jean/cnn_food_classification/data/val/Çiğ Köfte/nyt_up_2526260_recipe-2016-10-28-22-23-18-320x569.jpg,Çiğ Köfte,Çiğ Köfte
/home/yapbenzet/Desktop/Jean/cnn_food_classification/data/val/Çiğ Köfte/nyt_up_2526260_recipe-2016-10-29-21-14-28-320x427.jpg,Çiğ Köfte,Çiğ Köfte
/home/yapbenzet/Desktop/Jean/cnn_food_classification/data/val/Çiğ Köfte/nyt_up_2526260_recipe-2016-10-31-19-38-50-320x240.jpg,Çiğ Köfte,Çiğ Köfte
/home/yapbenzet/Desktop/Jean/cnn_food_classification/data/val/Çiğ Köfte/nyt_up_2526260_recipe-2016-11-02-12-21-28-320x180.jpg,Çiğ Köfte,Çiğ Köfte
/home/yapbenzet/Desktop/Jean/cnn_food_classification/data/val/Çiğ Köfte/nyt_up_2526260_recipe-2016-11-13-16-03-43-320x294.jpg,Çiğ Köfte,Çiğ Köfte
/home/yapbenzet/Desktop/Jean/cnn_food_classification/data/val/Çiğ Köfte/nyt_up_2526260_recipe-2016-11-13-18-39-00-320x180.jpg,Çiğ Köfte,Çiğ Köfte
/home/yapbenzet/Desktop/Jean/cnn_food_classification/data/val/Çiğ Köfte/nyt_up_2526260_recipe-2016-12-31-16-45-03-320x180.jpg,Çiğ Köfte,Çiğ Köfte
/home/yapbenzet/Desktop/Jean/cnn_food_classification/data/val/Çiğ Köfte/nyt_up_2526260_recipe-2017-01-22-16-49-04-320x393.jpg,Çiğ Köfte,Çiğ Köfte
/home/yapbenzet/Desktop/Jean/cnn_food_classification/data/val/Çiğ Köfte/nyt_up_2526260_recipe-2017-04-08-22-41-45-320x569.jpg,Çiğ Köfte,Çiğ Köfte
/home/yapbenzet/Desktop/Jean/cnn_food_classification/data/val/Çiğ Köfte/nyt_up_2526260_recipe-2017-06-15-16-56-53-320x427.jpg,Çiğ Köfte,Çiğ Köfte
/home/yapbenzet/Desktop/Jean/cnn_food_classification/data/val/Çiğ Köfte/nyt_up_2526260_recipe-2017-09-08-16-48-22-320x569.jpg,Çiğ Köfte,Çiğ Köfte
/home/yapbenzet/Desktop/Jean/cnn_food_classification/data/val/Çiğ Köfte/nyt_up_2526260_recipe-2017-12-25-17-03-31-320x569.jpg,Çiğ Köfte,Pide
/home/yapbenzet/Desktop/Jean/cnn_food_classification/data/val/Çiğ Köfte/nyt_up_2526260_recipe-2018-01-04-12-36-04-320x180.jpg,Çiğ Köfte,Çiğ Köfte
/home/yapbenzet/Desktop/Jean/cnn_food_classification/data/val/Çiğ Köfte/nyt_up_2526260_recipe-2018-02-23-16-54-29-320x240.jpg,Çiğ Köfte,Çiğ Köfte
/home/yapbenzet/Desktop/Jean/cnn_food_classification/data/val/Çiğ Köfte/nyt_up_2526260_recipe-2018-04-24-15-49-51-320x427.jpg,Çiğ Köfte,Çiğ Köfte
/home/yapbenzet/Desktop/Jean/cnn_food_classification/data/val/Çiğ Köfte/nyt_up_2526260_recipe-2019-02-02-15-55-51-320x569.jpg,Çiğ Köfte,Çiğ Köfte
/home/yapbenzet/Desktop/Jean/cnn_food_classification/data/val/Çiğ Köfte/nyt_up_2526260_recipe-2019-02-09-23-20-49-320x240.jpg,Çiğ Köfte,Çiğ Köfte
/home/yapbenzet/Desktop/Jean/cnn_food_classification/data/val/Çiğ Köfte/nyt_up_391978_IMG_20151223_171458-320x180.jpg,Çiğ Köfte,Çiğ Köfte
/home/yapbenzet/Desktop/Jean/cnn_food_classification/data/val/Çiğ Köfte/nyt_up_391978_image-320x240.jpeg,Çiğ Köfte,Çiğ Köfte
/home/yapbenzet/Desktop/Jean/cnn_food_classification/data/val/Çiğ Köfte/nyt_up_391978_image-e1460832872841-320x427.jpeg,Çiğ Köfte,Çiğ Köfte
/home/yapbenzet/Desktop/Jean/cnn_food_classification/data/val/Çiğ Köfte/nyt_up_391978_nyt-up-391978-img-4463-320x240.jpg,Çiğ Köfte,Çiğ Köfte
/home/yapbenzet/Desktop/Jean/cnn_food_classification/data/val/Çiğ Köfte/nyt_up_391978_recipe-2015-02-07-17-28-48-240x320.jpg,Çiğ Köfte,Çiğ Köfte
/home/yapbenzet/Desktop/Jean/cnn_food_classification/data/val/Çiğ Köfte/nyt_up_391978_recipe-2015-05-30-17-09-18-320x180.jpg,Çiğ Köfte,Çiğ Köfte
/home/yapbenzet/Desktop/Jean/cnn_food_classification/data/val/Çiğ Köfte/nyt_up_391978_recipe-2015-08-20-15-53-35-320x569.jpg,Çiğ Köfte,Çiğ Köfte
/home/yapbenzet/Desktop/Jean/cnn_food_classification/data/val/Çiğ Köfte/nyt_up_391978_recipe-2016-12-19-20-56-35-320x180.jpg,Çiğ Köfte,Çiğ Köfte
/home/yapbenzet/Desktop/Jean/cnn_food_classification/data/val/Çiğ Köfte/nyt_up_391978_recipe-2016-12-27-17-23-48-320x427.jpg,Çiğ Köfte,Çiğ Köfte
/home/yapbenzet/Desktop/Jean/cnn_food_classification/data/val/Çiğ Köfte/nyt_up_391978_recipe-2017-10-10-19-48-08-320x569.jpg,Çiğ Köfte,Çiğ Köfte
/home/yapbenzet/Desktop/Jean/cnn_food_classification/data/val/Çiğ Köfte/nyt_up_391978_recipe-2018-01-20-14-52-51-320x569.jpg,Çiğ Köfte,Çiğ Köfte
/home/yapbenzet/Desktop/Jean/cnn_food_classification/data/val/İskender/000014.jpg,İskender,İskender
/home/yapbenzet/Desktop/Jean/cnn_food_classification/data/val/İskender/000026_aug_72.jpg,İskender,İskender
/home/yapbenzet/Desktop/Jean/cnn_food_classification/data/val/İskender/000029.jpg,İskender,Adana Kebap
/home/yapbenzet/Desktop/Jean/cnn_food_classification/data/val/İskender/000048.jpg,İskender,İskender
/home/yapbenzet/Desktop/Jean/cnn_food_classification/data/val/İskender/000067.jpg,İskender,İskender
/home/yapbenzet/Desktop/Jean/cnn_food_classification/data/val/İskender/000068.jpg,İskender,İskender
/home/yapbenzet/Desktop/Jean/cnn_food_classification/data/val/İskender/ev-yapimi-iskender-kebap-1-320x213.jpg,İskender,İskender
/home/yapbenzet/Desktop/Jean/cnn_food_classification/data/val/İskender/evde-orijinal-iskender-yapilisi-fotografi-320x213.jpg,İskender,İskender
/home/yapbenzet/Desktop/Jean/cnn_food_classification/data/val/İskender/istockphoto-1046246208-612x612.jpg,İskender,İskender
/home/yapbenzet/Desktop/Jean/cnn_food_classification/data/val/İskender/istockphoto-1049458424-612x612.jpg,İskender,İskender
/home/yapbenzet/Desktop/Jean/cnn_food_classification/data/val/İskender/istockphoto-1049465800-612x612.jpg,İskender,İskender
/home/yapbenzet/Desktop/Jean/cnn_food_classification/data/val/İskender/istockphoto-1272297726-612x612.jpg,İskender,İskender
/home/yapbenzet/Desktop/Jean/cnn_food_classification/data/val/İskender/istockphoto-1318596897-612x612.jpg,İskender,İskender
/home/yapbenzet/Desktop/Jean/cnn_food_classification/data/val/İskender/istockphoto-1444050236-612x612.jpg,İskender,İskender
/home/yapbenzet/Desktop/Jean/cnn_food_classification/data/val/İskender/istockphoto-1451170178-612x612.jpg,İskender,İskender
/home/yapbenzet/Desktop/Jean/cnn_food_classification/data/val/İskender/istockphoto-1481118075-612x612.jpg,İskender,Kumpir
/home/yapbenzet/Desktop/Jean/cnn_food_classification/data/val/İskender/istockphoto-1498527771-612x612.jpg,İskender,İskender
/home/yapbenzet/Desktop/Jean/cnn_food_classification/data/val/İskender/istockphoto-187565622-612x612.jpg,İskender,İskender
/home/yapbenzet/Desktop/Jean/cnn_food_classification/data/val/İskender/istockphoto-2160626344-612x612.jpg,İskender,Şakşuka
/home/yapbenzet/Desktop/Jean/cnn_food_classification/data/val/İskender/istockphoto-2184721141-612x612.jpg,İskender,İskender
/home/yapbenzet/Desktop/Jean/cnn_food_classification/data/val/İskender/istockphoto-470681876-612x612.jpg,İskender,İskender
/home/yapbenzet/Desktop/Jean/cnn_food_classification/data/val/İskender/istockphoto-514829274-612x612.jpg,İskender,İskender
/home/yapbenzet/Desktop/Jean/cnn_food_classification/data/val/İskender/istockphoto-520221665-612x612.jpg,İskender,İskender
/home/yapbenzet/Desktop/Jean/cnn_food_classification/data/val/İskender/istockphoto-590595432-612x612.jpg,İskender,İskender
/home/yapbenzet/Desktop/Jean/cnn_food_classification/data/val/İskender/istockphoto-838109248-612x612.jpg,İskender,İskender
/home/yapbenzet/Desktop/Jean/cnn_food_classification/data/val/İskender/istockphoto-838109262-612x612.jpg,İskender,İskender
/home/yapbenzet/Desktop/Jean/cnn_food_classification/data/val/İskender/istockphoto-888357858-612x612.jpg,İskender,İskender
/home/yapbenzet/Desktop/Jean/cnn_food_classification/data/val/İskender/istockphoto-976721350-612x612.jpg,İskender,İskender
/home/yapbenzet/Desktop/Jean/cnn_food_classification/data/val/İskender/nyt-up-142146_attachment-320x427.jpg,İskender,İskender
/home/yapbenzet/Desktop/Jean/cnn_food_classification/data/val/İskender/nyt-up-142146_attachment-320x490.jpg,İskender,İskender
/home/yapbenzet/Desktop/Jean/cnn_food_classification/data/val/İskender/nyt-up-142146_recipe-2020-05-09-19-17-03-320x240.jpg,İskender,İskender
/home/yapbenzet/Desktop/Jean/cnn_food_classification/data/val/İskender/nyt-up-2572825_attachment-320x427_3.jpg,İskender,İskender
/home/yapbenzet/Desktop/Jean/cnn_food_classification/data/val/İskender/nyt-up-2572825_recipe-2019-05-25-00-33-38-320x240.jpg,İskender,Karnıyarık
/home/yapbenzet/Desktop/Jean/cnn_food_classification/data/val/İskender/nyt-up-2572825_recipe-2019-12-27-02-15-11-320x427.jpg,İskender,İskender
/home/yapbenzet/Desktop/Jean/cnn_food_classification/data/val/İskender/nyt-up-2572825_recipe-2020-01-17-18-44-55-320x240.jpg,İskender,İskender
/home/yapbenzet/Desktop/Jean/cnn_food_classification/data/val/İskender/nyt-up-2572825_recipe-2021-05-12-02-15-32-e1620809016173-320x240.jpg,İskender,İskender
/home/yapbenzet/Desktop/Jean/cnn_food_classification/data/val/İskender/nyt-up-302196_attachment-320x240_1.jpg,İskender,İskender
/home/yapbenzet/Desktop/Jean/cnn_food_classification/data/val/İskender/nyt-up-302196_recipe-2020-03-26-16-49-44-320x427.jpg,İskender,İskender
/home/yapbenzet/Desktop/Jean/cnn_food_classification/data/val/İskender/nyt-up-302196_recipe-2021-06-05-17-56-48-320x569.jpg,İskender,İskender
/home/yapbenzet/Desktop/Jean/cnn_food_classification/data/val/İskender/nyt-up-457242_recipe-2020-02-11-23-01-44-320x240.jpg,İskender,İskender
/home/yapbenzet/Desktop/Jean/cnn_food_classification/data/val/İskender/nyt-up-457242_recipe-2020-05-12-19-51-50-320x569.jpg,İskender,İskender
/home/yapbenzet/Desktop/Jean/cnn_food_classification/data/val/İskender/nyt-up-457242_recipe-2021-04-29-19-26-04-320x427.jpg,İskender,İskender
/home/yapbenzet/Desktop/Jean/cnn_food_classification/data/val/İskender/nyt-up-457242_recipe-2022-04-22-19-23-55-320x426.jpg,İskender,İskender
/home/yapbenzet/Desktop/Jean/cnn_food_classification/data/val/İskender/nyt_up_142146_5894bc5d80c82-320x427.jpg,İskender,İskender
/home/yapbenzet/Desktop/Jean/cnn_food_classification/data/val/İskender/nyt_up_142146_attachment-320x426.jpg,İskender,Köfte
/home/yapbenzet/Desktop/Jean/cnn_food_classification/data/val/İskender/nyt_up_142146_recipe-2015-12-23-11-14-22-320x427.jpg,İskender,İskender
/home/yapbenzet/Desktop/Jean/cnn_food_classification/data/val/İskender/nyt_up_142146_recipe-2016-01-19-19-22-46-320x568.jpg,İskender,Şakşuka
/home/yapbenzet/Desktop/Jean/cnn_food_classification/data/val/İskender/nyt_up_142146_recipe-2016-03-12-19-26-20-320x240.jpg,İskender,İskender
/home/yapbenzet/Desktop/Jean/cnn_food_classification/data/val/İskender/nyt_up_142146_recipe-2016-08-17-20-45-20-320x569.jpg,İskender,Karnıyarık
/home/yapbenzet/Desktop/Jean/cnn_food_classification/data/val/İskender/nyt_up_142146_recipe-2017-05-04-11-48-44-320x431.jpg,İskender,Karnıyarık
/home/yapbenzet/Desktop/Jean/cnn_food_classification/data/val/İskender/nyt_up_2572825_recipe-2016-11-16-19-40-49-320x533.jpg,İskender,İskender
/home/yapbenzet/Desktop/Jean/cnn_food_classification/data/val/İskender/nyt_up_2572825_recipe-2017-03-19-06-17-01-320x180.jpg,İskender,Mantı
/home/yapbenzet/Desktop/Jean/cnn_food_classification/data/val/İskender/nyt_up_302196_attachment-320x240.jpg,İskender,İskender
/home/yapbenzet/Desktop/Jean/cnn_food_classification/data/val/İskender/nyt_up_302196_attachment-320x427.jpg,İskender,Adana Kebap
/home/yapbenzet/Desktop/Jean/cnn_food_classification/data/val/İskender/nyt_up_302196_recipe-2015-06-21-21-55-40-320x180.jpg,İskender,İskender
/home/yapbenzet/Desktop/Jean/cnn_food_classification/data/val/İskender/nyt_up_302196_recipe-2015-07-29-22-37-38-320x240.jpg,İskender,İskender
/home/yapbenzet/Desktop/Jean/cnn_food_classification/data/val/İskender/nyt_up_302196_recipe-2016-06-09-12-41-44-320x569.jpg,İskender,İskender
/home/yapbenzet/Desktop/Jean/cnn_food_classification/data/val/İskender/nyt_up_302196_recipe-2016-06-16-18-12-00-320x569.jpg,İskender,İskender
/home/yapbenzet/Desktop/Jean/cnn_food_classification/data/val/İskender/nyt_up_302196_recipe-2016-09-15-19-11-59-320x427.jpg,İskender,İskender
/home/yapbenzet/Desktop/Jean/cnn_food_classification/data/val/İskender/nyt_up_302196_recipe-2017-01-10-17-27-59-e1484059040502-320x240.jpg,İskender,İskender
/home/yapbenzet/Desktop/Jean/cnn_food_classification/data/val/İskender/nyt_up_302196_recipe-2017-05-30-20-39-43-320x180.jpg,İskender,İskender
/home/yapbenzet/Desktop/Jean/cnn_food_classification/data/val/İskender/nyt_up_302196_recipe-2019-01-02-22-17-06-320x569.jpg,İskender,İskender
/home/yapbenzet/Desktop/Jean/cnn_food_classification/data/val/İskender/nyt_up_457242_recipe-2015-08-08-20-25-22-320x427.jpg,İskender,İskender
/home/yapbenzet/Desktop/Jean/cnn_food_classification/data/val/Şakşuka/000003.jpg,Şakşuka,Şakşuka
/home/yapbenzet/Desktop/Jean/cnn_food_classification/data/val/Şakşuka/000004.jpg,Şakşuka,Şakşuka
/home/yapbenzet/Desktop/Jean/cnn_food_classification/data/val/Şakşuka/000007.jpg,Şakşuka,Şakşuka
/home/yapbenzet/Desktop/Jean/cnn_food_classification/data/val/Şakşuka/000009.jpg,Şakşuka,Şakşuka
/home/yapbenzet/Desktop/Jean/cnn_food_classification/data/val/Şakşuka/000031.jpg,Şakşuka,Şakşuka
/home/yapbenzet/Desktop/Jean/cnn_food_classification/data/val/Şakşuka/000032.jpg,Şakşuka,Şakşuka
/home/yapbenzet/Desktop/Jean/cnn_food_classification/data/val/Şakşuka/000052.jpg,Şakşuka,Şakşuka
/home/yapbenzet/Desktop/Jean/cnn_food_classification/data/val/Şakşuka/000062.jpg,Şakşuka,Şakşuka
/home/yapbenzet/Desktop/Jean/cnn_food_classification/data/val/Şakşuka/000064.jpg,Şakşuka,Şakşuka
/home/yapbenzet/Desktop/Jean/cnn_food_classification/data/val/Şakşuka/000066.jpg,Şakşuka,İskender
/home/yapbenzet/Desktop/Jean/cnn_food_classification/data/val/Şakşuka/179_picture_1617537510.jpg,Şakşuka,Şakşuka
/home/yapbenzet/Desktop/Jean/cnn_food_classification/data/val/Şakşuka/nyt-up-10498386_attachment-320x427.jpg,Şakşuka,Şakşuka
/home/yapbenzet/Desktop/Jean/cnn_food_classification/data/val/Şakşuka/nyt-up-10498386_recipe-2022-07-16-15-17-23-320x427.jpg,Şakşuka,Şakşuka
/home/yapbenzet/Desktop/Jean/cnn_food_classification/data/val/Şakşuka/nyt-up-324974_recipe-2022-07-18-15-36-18-320x427.jpg,Şakşuka,Şakşuka
/home/yapbenzet/Desktop/Jean/cnn_food_classification/data/val/Şakşuka/nyt-up-3604710_recipe-2022-07-27-13-13-52-320x240.jpg,Şakşuka,Şakşuka
/home/yapbenzet/Desktop/Jean/cnn_food_classification/data/val/Şakşuka/nyt-up-5641768_recipe-2019-05-11-19-17-36-320x240.jpg,Şakşuka,Şakşuka
/home/yapbenzet/Desktop/Jean/cnn_food_classification/data/val/Şakşuka/nyt-up-6242127_recipe-2021-05-22-17-50-09-303x640.jpg,Şakşuka,Şakşuka
/home/yapbenzet/Desktop/Jean/cnn_food_classification/data/val/Şakşuka/nyt-up-7299137_attachment-320x320.jpg,Şakşuka,Şakşuka
/home/yapbenzet/Desktop/Jean/cnn_food_classification/data/val/Şakşuka/nyt-up-7299137_recipe-2020-05-13-18-52-21-320x427.jpg,Şakşuka,Şakşuka
/home/yapbenzet/Desktop/Jean/cnn_food_classification/data/val/Şakşuka/nyt-up-89885_6045f5e2de26e332846679006-320x239.jpg,Şakşuka,Şakşuka
/home/yapbenzet/Desktop/Jean/cnn_food_classification/data/val/Şakşuka/nyt-up-89885_attachment-320x427_2.jpg,Şakşuka,Şakşuka
/home/yapbenzet/Desktop/Jean/cnn_food_classification/data/val/Şakşuka/nyt-up-89885_attachment-320x427_20.jpg,Şakşuka,Şakşuka
/home/yapbenzet/Desktop/Jean/cnn_food_classification/data/val/Şakşuka/nyt-up-89885_attachment-320x427_21.jpg,Şakşuka,Şakşuka
/home/yapbenzet/Desktop/Jean/cnn_food_classification/data/val/Şakşuka/nyt-up-89885_attachment-320x427_7.jpg,Şakşuka,Şakşuka
/home/yapbenzet/Desktop/Jean/cnn_food_classification/data/val/Şakşuka/nyt-up-89885_attachment-320x427_9.jpg,Şakşuka,Şakşuka
/home/yapbenzet/Desktop/Jean/cnn_food_classification/data/val/Şakşuka/nyt-up-89885_recipe-2020-03-30-21-09-10-320x569.jpg,Şakşuka,Şakşuka
/home/yapbenzet/Desktop/Jean/cnn_food_classification/data/val/Şakşuka/nyt-up-89885_recipe-2020-04-24-19-02-03-311x640.jpg,Şakşuka,Şakşuka
/home/yapbenzet/Desktop/Jean/cnn_food_classification/data/val/Şakşuka/nyt-up-89885_recipe-2020-04-28-19-18-31-320x427.jpg,Şakşuka,Şakşuka
/home/yapbenzet/Desktop/Jean/cnn_food_classification/data/val/Şakşuka/nyt-up-89885_recipe-2020-06-17-23-58-04-320x180.jpg,Şakşuka,İskender
/home/yapbenzet/Desktop/Jean/cnn_food_classification/data/val/Şakşuka/nyt-up-89885_recipe-2020-07-22-18-53-59-320x225.jpg,Şakşuka,Şakşuka
/home/yapbenzet/Desktop/Jean/cnn_food_classification/data/val/Şakşuka/nyt-up-89885_recipe-2020-07-25-16-48-23-320x188.jpg,Şakşuka,Şakşuka
/home/yapbenzet/Desktop/Jean/cnn_food_classification/data/val/Şakşuka/nyt-up-89885_recipe-2021-08-10-22-23-59-320x180.jpg,Şakşuka,Şakşuka
/home/yapbenzet/Desktop/Jean/cnn_food_classification/data/val/Şakşuka/nyt-up-89885_recipe-2022-01-29-17-15-47-320x427.jpg,Şakşuka,Şakşuka
/home/yapbenzet/Desktop/Jean/cnn_food_classification/data/val/Şakşuka/nyt-up-89885_recipe-2022-03-10-16-32-45-320x426.jpg,Şakşuka,Şakşuka
/home/yapbenzet/Desktop/Jean/cnn_food_classification/data/val/Şakşuka/nyt-up-89885_recipe-2023-05-21-10-05-06-320x428.jpg,Şakşuka,Şakşuka
/home/yapbenzet/Desktop/Jean/cnn_food_classification/data/val/Şakşuka/nyt_up_2240561_recipe-2016-07-17-22-56-31-320x570.jpg,Şakşuka,Şakşuka
/home/yapbenzet/Desktop/Jean/cnn_food_classification/data/val/Şakşuka/nyt_up_324974_5910434e83c64-e1494238090391-320x427.jpg,Şakşuka,Şakşuka
/home/yapbenzet/Desktop/Jean/cnn_food_classification/data/val/Şakşuka/nyt_up_324974_recipe-2016-06-26-21-39-43-320x569.jpg,Şakşuka,Şakşuka
/home/yapbenzet/Desktop/Jean/cnn_food_classification/data/val/Şakşuka/nyt_up_48520_recipe-2015-07-05-20-10-34-320x240.jpg,Şakşuka,Şakşuka
/home/yapbenzet/Desktop/Jean/cnn_food_classification/data/val/Şakşuka/nyt_up_89885_20151031_201725-320x180.jpg,Şakşuka,Şakşuka
/home/yapbenzet/Desktop/Jean/cnn_food_classification/data/val/Şakşuka/nyt_up_89885_961405_10205509367710845_2035804668_n-320x320.jpg,Şakşuka,Bulgur Pilavı
/home/yapbenzet/Desktop/Jean/cnn_food_classification/data/val/Şakşuka/nyt_up_89885_attachment-320x240_3.jpg,Şakşuka,Şakşuka
/home/yapbenzet/Desktop/Jean/cnn_food_classification/data/val/Şakşuka/nyt_up_89885_attachment-320x427_4.jpg,Şakşuka,Şakşuka
/home/yapbenzet/Desktop/Jean/cnn_food_classification/data/val/Şakşuka/nyt_up_89885_recipe-2015-06-20-18-24-47-320x569.jpg,Şakşuka,Şakşuka
/home/yapbenzet/Desktop/Jean/cnn_food_classification/data/val/Şakşuka/nyt_up_89885_recipe-2015-06-20-22-12-39-e1434827123628-320x180.jpg,Şakşuka,Şakşuka
/home/yapbenzet/Desktop/Jean/cnn_food_classification/data/val/Şakşuka/nyt_up_89885_recipe-2015-07-04-16-15-55-320x180.jpg,Şakşuka,Şakşuka
/home/yapbenzet/Desktop/Jean/cnn_food_classification/data/val/Şakşuka/nyt_up_89885_recipe-2015-07-08-15-42-29-320x240.jpg,Şakşuka,Şakşuka
/home/yapbenzet/Desktop/Jean/cnn_food_classification/data/val/Şakşuka/nyt_up_89885_recipe-2016-01-08-17-12-05-320x180.jpg,Şakşuka,Şakşuka
/home/yapbenzet/Desktop/Jean/cnn_food_classification/data/val/Şakşuka/nyt_up_89885_recipe-2016-09-03-21-15-25-320x240.jpg,Şakşuka,İskender
/home/yapbenzet/Desktop/Jean/cnn_food_classification/data/val/Şakşuka/nyt_up_89885_recipe-2016-09-05-19-25-16-320x427.jpg,Şakşuka,Şakşuka
/home/yapbenzet/Desktop/Jean/cnn_food_classification/data/val/Şakşuka/nyt_up_89885_recipe-2017-05-28-17-34-50-320x569.jpg,Şakşuka,Şakşuka
/home/yapbenzet/Desktop/Jean/cnn_food_classification/data/val/Şakşuka/nyt_up_89885_recipe-2017-05-28-17-34-53-320x569.jpg,Şakşuka,Şakşuka
/home/yapbenzet/Desktop/Jean/cnn_food_classification/data/val/Şakşuka/nyt_up_89885_recipe-2017-06-05-18-04-31-320x240.jpg,Şakşuka,Şakşuka
/home/yapbenzet/Desktop/Jean/cnn_food_classification/data/val/Şakşuka/nyt_up_89885_recipe-2017-06-13-19-32-25-320x569.jpg,Şakşuka,Şakşuka
/home/yapbenzet/Desktop/Jean/cnn_food_classification/data/val/Şakşuka/nyt_up_89885_recipe-2017-06-14-03-20-37-320x569.jpg,Şakşuka,Şakşuka
/home/yapbenzet/Desktop/Jean/cnn_food_classification/data/val/Şakşuka/saksuka-muhtesem-lezzet-6.webp,Şakşuka,Şakşuka
/home/yapbenzet/Desktop/Jean/cnn_food_classification/data/val/Şakşuka/saksuka-muhtesem-lezzet-7.webp,Şakşuka,Şakşuka
/home/yapbenzet/Desktop/Jean/cnn_food_classification/data/val/Şakşuka/saksuka-muhtesem-lezzet.webp,Şakşuka,Şakşuka
/home/yapbenzet/Desktop/Jean/cnn_food_classification/data/val/Şakşuka/saksuka-tarifi-videolu-anlatimi-1-320x213.jpg,Şakşuka,Şakşuka
/home/yapbenzet/Desktop/Jean/cnn_food_classification/data/val/Şakşuka/saksuka.webp,Şakşuka,Şakşuka
/home/yapbenzet/Desktop/Jean/cnn_food_classification/data/val/Şekerpare/000007.jpg,Şekerpare,Şekerpare
/home/yapbenzet/Desktop/Jean/cnn_food_classification/data/val/Şekerpare/000013.jpg,Şekerpare,Şekerpare
/home/yapbenzet/Desktop/Jean/cnn_food_classification/data/val/Şekerpare/000016.jpg,Şekerpare,Şekerpare
/home/yapbenzet/Desktop/Jean/cnn_food_classification/data/val/Şekerpare/000020.jpg,Şekerpare,Şekerpare
/home/yapbenzet/Desktop/Jean/cnn_food_classification/data/val/Şekerpare/000029.jpg,Şekerpare,Şekerpare
/home/yapbenzet/Desktop/Jean/cnn_food_classification/data/val/Şekerpare/000030.jpg,Şekerpare,Şekerpare
/home/yapbenzet/Desktop/Jean/cnn_food_classification/data/val/Şekerpare/000032.jpg,Şekerpare,Şekerpare
/home/yapbenzet/Desktop/Jean/cnn_food_classification/data/val/Şekerpare/000040.jpg,Şekerpare,Şekerpare
/home/yapbenzet/Desktop/Jean/cnn_food_classification/data/val/Şekerpare/000052.jpg,Şekerpare,Şekerpare
/home/yapbenzet/Desktop/Jean/cnn_food_classification/data/val/Şekerpare/000054.jpg,Şekerpare,Şekerpare
/home/yapbenzet/Desktop/Jean/cnn_food_classification/data/val/Şekerpare/000055.jpg,Şekerpare,Şekerpare
/home/yapbenzet/Desktop/Jean/cnn_food_classification/data/val/Şekerpare/000057.jpg,Şekerpare,Revani
/home/yapbenzet/Desktop/Jean/cnn_food_classification/data/val/Şekerpare/000058.jpg,Şekerpare,Esmer Ekmek
/home/yapbenzet/Desktop/Jean/cnn_food_classification/data/val/Şekerpare/000063.jpg,Şekerpare,Şekerpare
/home/yapbenzet/Desktop/Jean/cnn_food_classification/data/val/Şekerpare/000067.jpg,Şekerpare,Şekerpare
/home/yapbenzet/Desktop/Jean/cnn_food_classification/data/val/Şekerpare/000069.jpg,Şekerpare,Şekerpare
/home/yapbenzet/Desktop/Jean/cnn_food_classification/data/val/Şekerpare/nyt-up-217825_3546173fb5b156b9285386431.jpg,Şekerpare,Şekerpare
/home/yapbenzet/Desktop/Jean/cnn_food_classification/data/val/Şekerpare/nyt-up-217825_6935e024b1cbee28066837413-320x180.jpg,Şekerpare,Şekerpare
/home/yapbenzet/Desktop/Jean/cnn_food_classification/data/val/Şekerpare/nyt-up-217825_attachment-296x640.jpg,Şekerpare,Şekerpare
/home/yapbenzet/Desktop/Jean/cnn_food_classification/data/val/Şekerpare/nyt-up-217825_recipe-2020-02-15-16-06-35-303x640.jpg,Şekerpare,Şekerpare
/home/yapbenzet/Desktop/Jean/cnn_food_classification/data/val/Şekerpare/nyt-up-217825_recipe-2020-03-27-17-35-27-320x427.jpg,Şekerpare,Şekerpare
/home/yapbenzet/Desktop/Jean/cnn_food_classification/data/val/Şekerpare/nyt-up-217825_recipe-2020-04-08-19-20-53-320x569.jpg,Şekerpare,Şekerpare
/home/yapbenzet/Desktop/Jean/cnn_food_classification/data/val/Şekerpare/nyt-up-217825_recipe-2020-04-16-16-30-43-320x568.jpg,Şekerpare,Şekerpare
/home/yapbenzet/Desktop/Jean/cnn_food_classification/data/val/Şekerpare/nyt-up-217825_recipe-2020-04-29-16-16-33-320x569.jpg,Şekerpare,Şekerpare
/home/yapbenzet/Desktop/Jean/cnn_food_classification/data/val/Şekerpare/nyt-up-217825_recipe-2020-05-16-21-04-33-320x440.jpg,Şekerpare,Şekerpare
/home/yapbenzet/Desktop/Jean/cnn_food_classification/data/val/Şekerpare/nyt-up-217825_recipe-2020-11-13-12-28-17-320x240.jpg,Şekerpare,Şekerpare
/home/yapbenzet/Desktop/Jean/cnn_food_classification/data/val/Şekerpare/nyt-up-217825_recipe-2020-12-11-16-51-59-320x427.jpg,Şekerpare,Pastane Poğaçası
/home/yapbenzet/Desktop/Jean/cnn_food_classification/data/val/Şekerpare/nyt-up-3188137_46665c77b7cbabca740942081-320x569.jpg,Şekerpare,Tulumba Tatlısı
/home/yapbenzet/Desktop/Jean/cnn_food_classification/data/val/Şekerpare/nyt-up-3188137_78062b074bbd3284274419874-320x569.jpg,Şekerpare,Şekerpare
/home/yapbenzet/Desktop/Jean/cnn_food_classification/data/val/Şekerpare/nyt-up-3188137_9465d8f4db1e632030768031-320x427.jpg,Şekerpare,Şekerpare
/home/yapbenzet/Desktop/Jean/cnn_food_classification/data/val/Şekerpare/nyt-up-3188137_attachment-320x288.jpg,Şekerpare,Şekerpare
/home/yapbenzet/Desktop/Jean/cnn_food_classification/data/val/Şekerpare/nyt-up-3188137_attachment-320x427_11.jpg,Şekerpare,Şekerpare
/home/yapbenzet/Desktop/Jean/cnn_food_classification/data/val/Şekerpare/nyt-up-3188137_attachment-320x427_13.jpg,Şekerpare,Şekerpare
/home/yapbenzet/Desktop/Jean/cnn_food_classification/data/val/Şekerpare/nyt-up-3188137_attachment-320x427_15.jpg,Şekerpare,Şekerpare
/home/yapbenzet/Desktop/Jean/cnn_food_classification/data/val/Şekerpare/nyt-up-3188137_attachment-320x427_19.jpg,Şekerpare,Şekerpare
/home/yapbenzet/Desktop/Jean/cnn_food_classification/data/val/Şekerpare/nyt-up-3188137_attachment-320x427_7.jpg,Şekerpare,Şekerpare
/home/yapbenzet/Desktop/Jean/cnn_food_classification/data/val/Şekerpare/nyt-up-3188137_recipe-2021-05-14-08-39-42-320x240.jpg,Şekerpare,Pastane Poğaçası
/home/yapbenzet/Desktop/Jean/cnn_food_classification/data/val/Şekerpare/nyt-up-3188137_recipe-2021-06-20-17-28-44-303x640.jpg,Şekerpare,Şekerpare
/home/yapbenzet/Desktop/Jean/cnn_food_classification/data/val/Şekerpare/nyt-up-3188137_recipe-2021-07-25-12-40-06-320x427.jpg,Şekerpare,Şekerpare
/home/yapbenzet/Desktop/Jean/cnn_food_classification/data/val/Şekerpare/nyt-up-3188137_recipe-2021-08-04-17-50-13-320x569.jpg,Şekerpare,Baklava
/home/yapbenzet/Desktop/Jean/cnn_food_classification/data/val/Şekerpare/nyt-up-3188137_recipe-2022-02-13-17-31-46-320x180.jpg,Şekerpare,Esmer Ekmek
/home/yapbenzet/Desktop/Jean/cnn_food_classification/data/val/Şekerpare/nyt-up-3188137_recipe-2022-03-23-13-42-46-300x640.jpg,Şekerpare,Şekerpare
/home/yapbenzet/Desktop/Jean/cnn_food_classification/data/val/Şekerpare/nyt-up-3188137_recipe-2022-05-02-21-29-32-320x427.jpg,Şekerpare,Şekerpare
/home/yapbenzet/Desktop/Jean/cnn_food_classification/data/val/Şekerpare/nyt-up-3188137_recipe-2022-07-27-23-20-54-320x427.jpg,Şekerpare,Şekerpare
/home/yapbenzet/Desktop/Jean/cnn_food_classification/data/val/Şekerpare/nyt-up-3188137_recipe-2022-10-13-17-33-20-320x427.jpg,Şekerpare,Şekerpare
/home/yapbenzet/Desktop/Jean/cnn_food_classification/data/val/Şekerpare/nyt-up-3188137_recipe-2024-02-06-14-22-29-288x640.jpg,Şekerpare,Şekerpare
/home/yapbenzet/Desktop/Jean/cnn_food_classification/data/val/Şekerpare/nyt-up-3188137_recipe-2024-03-25-12-31-40-320x241.jpg,Şekerpare,Tulumba Tatlısı
/home/yapbenzet/Desktop/Jean/cnn_food_classification/data/val/Şekerpare/nyt-up-3188137_recipe-2024-03-29-13-46-55-320x240.jpg,Şekerpare,Şekerpare
/home/yapbenzet/Desktop/Jean/cnn_food_classification/data/val/Şekerpare/nyt-up-3188137_recipe-2024-03-29-16-18-35-320x569.jpg,Şekerpare,Pastane Poğaçası
/home/yapbenzet/Desktop/Jean/cnn_food_classification/data/val/Şekerpare/nyt-up-3188137_recipe-2024-06-17-16-26-51-e1718728490599-320x192.jpg,Şekerpare,Şekerpare
/home/yapbenzet/Desktop/Jean/cnn_food_classification/data/val/Şekerpare/nyt-up-4029750_9875ea84f0389576028568263-320x427.jpg,Şekerpare,Şekerpare
/home/yapbenzet/Desktop/Jean/cnn_food_classification/data/val/Şekerpare/nyt-up-4029750_attachment-1-320x427.jpg,Şekerpare,Şekerpare
/home/yapbenzet/Desktop/Jean/cnn_food_classification/data/val/Şekerpare/nyt-up-4029750_attachment-320x427_17.jpg,Şekerpare,Şekerpare
/home/yapbenzet/Desktop/Jean/cnn_food_classification/data/val/Şekerpare/nyt-up-4029750_attachment-320x427_29.jpg,Şekerpare,Şekerpare
/home/yapbenzet/Desktop/Jean/cnn_food_classification/data/val/Şekerpare/nyt-up-4029750_attachment-320x569_2.jpg,Şekerpare,Şekerpare
/home/yapbenzet/Desktop/Jean/cnn_food_classification/data/val/Şekerpare/nyt-up-4029750_recipe-2020-04-26-16-04-27-320x427.jpg,Şekerpare,Şekerpare
/home/yapbenzet/Desktop/Jean/cnn_food_classification/data/val/Şekerpare/nyt-up-4029750_recipe-2020-05-08-16-16-14-320x569.jpg,Şekerpare,Şekerpare
/home/yapbenzet/Desktop/Jean/cnn_food_classification/data/val/Şekerpare/nyt-up-4029750_recipe-2021-01-13-09-27-00-320x427.jpg,Şekerpare,Şekerpare
/home/yapbenzet/Desktop/Jean/cnn_food_classification/data/val/Şekerpare/nyt-up-4029750_recipe-2021-02-08-15-50-25-320x427.jpg,Şekerpare,Şekerpare
/home/yapbenzet/Desktop/Jean/cnn_food_classification/data/val/Şekerpare/nyt-up-4029750_recipe-2021-04-19-17-10-07-320x569.jpg,Şekerpare,Şekerpare
/home/yapbenzet/Desktop/Jean/cnn_food_classification/data/val/Şekerpare/nyt-up-4029750_recipe-2021-05-10-18-03-29-320x427.jpg,Şekerpare,Şekerpare
/home/yapbenzet/Desktop/Jean/cnn_food_classification/data/val/Şekerpare/nyt-up-4029750_recipe-2021-05-12-17-09-48-320x240.jpg,Şekerpare,Şekerpare
/home/yapbenzet/Desktop/Jean/cnn_food_classification/data/val/Şekerpare/nyt-up-4029750_recipe-2021-05-12-19-01-04-320x427.jpg,Şekerpare,Şekerpare
/home/yapbenzet/Desktop/Jean/cnn_food_classification/data/val/Şekerpare/nyt-up-4029750_recipe-2022-02-27-15-34-37-288x640.jpg,Şekerpare,Şekerpare
/home/yapbenzet/Desktop/Jean/cnn_food_classification/data/val/Şekerpare/nyt-up-4029750_recipe-2022-03-01-16-48-39-320x240.jpg,Şekerpare,Şekerpare
/home/yapbenzet/Desktop/Jean/cnn_food_classification/data/val/Şekerpare/nyt-up-4029750_recipe-2022-05-07-18-45-15-320x569.jpg,Şekerpare,Şekerpare
/home/yapbenzet/Desktop/Jean/cnn_food_classification/data/val/Şekerpare/nyt-up-4029750_recipe-2023-03-09-17-21-38-320x240.jpg,Şekerpare,Şekerpare
/home/yapbenzet/Desktop/Jean/cnn_food_classification/data/val/Şekerpare/nyt-up-4029750_recipe-2023-03-29-16-17-53-320x427.jpg,Şekerpare,Şekerpare
/home/yapbenzet/Desktop/Jean/cnn_food_classification/data/val/Şekerpare/nyt-up-4029750_recipe-2023-04-07-09-30-05-320x569.jpg,Şekerpare,Şekerpare
/home/yapbenzet/Desktop/Jean/cnn_food_classification/data/val/Şekerpare/nyt-up-4029750_recipe-2023-04-11-22-23-19-320x427.jpg,Şekerpare,Şekerpare
/home/yapbenzet/Desktop/Jean/cnn_food_classification/data/val/Şekerpare/nyt-up-4029750_recipe-2023-04-17-22-30-27-320x427.jpg,Şekerpare,Şekerpare
/home/yapbenzet/Desktop/Jean/cnn_food_classification/data/val/Şekerpare/nyt-up-4029750_recipe-2023-04-18-19-04-19-288x640.jpg,Şekerpare,Şekerpare
/home/yapbenzet/Desktop/Jean/cnn_food_classification/data/val/Şekerpare/nyt-up-4029750_recipe-2023-04-21-23-25-31-320x240.jpg,Şekerpare,Şekerpare
/home/yapbenzet/Desktop/Jean/cnn_food_classification/data/val/Şekerpare/nyt-up-4029750_recipe-2023-06-27-13-26-06-e1687897400532-320x152.jpg,Şekerpare,Şekerpare
/home/yapbenzet/Desktop/Jean/cnn_food_classification/data/val/Şekerpare/nyt-up-4029750_recipe-2023-09-21-15-31-38-320x427.jpg,Şekerpare,Şekerpare
/home/yapbenzet/Desktop/Jean/cnn_food_classification/data/val/Şekerpare/nyt-up-4029750_recipe-2024-02-16-17-09-50-320x427.jpg,Şekerpare,Şekerpare
/home/yapbenzet/Desktop/Jean/cnn_food_classification/data/val/Şekerpare/nyt-up-4029750_recipe-2024-03-12-17-01-10-320x569.jpg,Şekerpare,Şekerpare
/home/yapbenzet/Desktop/Jean/cnn_food_classification/data/val/Şekerpare/nyt-up-4029750_recipe-2024-05-25-19-26-33-320x427.jpg,Şekerpare,Şekerpare
/home/yapbenzet/Desktop/Jean/cnn_food_classification/data/val/Şekerpare/nyt-up-4029750_recipe-2024-12-16-19-54-28-320x569.jpg,Şekerpare,Şekerpare
/home/yapbenzet/Desktop/Jean/cnn_food_classification/data/val/Şekerpare/nyt-up-4029750_recipe-2025-01-14-23-00-28-320x569.jpg,Şekerpare,Şekerpare
/home/yapbenzet/Desktop/Jean/cnn_food_classification/data/val/Şekerpare/nyt-up-4029750_recipe-2025-01-24-09-53-14-320x428.jpg,Şekerpare,Şekerpare
/home/yapbenzet/Desktop/Jean/cnn_food_classification/data/val/Şekerpare/nyt-up-4635227_98162652f82d9f86160556156-320x231.jpeg,Şekerpare,Şekerpare
/home/yapbenzet/Desktop/Jean/cnn_food_classification/data/val/Şekerpare/nyt-up-4635227_attachment-1-320x427_1.jpg,Şekerpare,Şekerpare
/home/yapbenzet/Desktop/Jean/cnn_food_classification/data/val/Şekerpare/nyt-up-4635227_attachment-268x640.jpg,Şekerpare,Şekerpare
/home/yapbenzet/Desktop/Jean/cnn_food_classification/data/val/Şekerpare/nyt-up-4635227_attachment-320x180.jpg,Şekerpare,Şekerpare
/home/yapbenzet/Desktop/Jean/cnn_food_classification/data/val/Şekerpare/nyt-up-4635227_attachment-320x240_1.jpg,Şekerpare,Şekerpare
/home/yapbenzet/Desktop/Jean/cnn_food_classification/data/val/Şekerpare/nyt-up-4635227_attachment-320x427_13.jpg,Şekerpare,Şekerpare
/home/yapbenzet/Desktop/Jean/cnn_food_classification/data/val/Şekerpare/nyt-up-4635227_attachment-320x427_4.jpg,Şekerpare,Şekerpare
/home/yapbenzet/Desktop/Jean/cnn_food_classification/data/val/Şekerpare/nyt-up-4635227_attachment-320x427_8.jpg,Şekerpare,Şekerpare
/home/yapbenzet/Desktop/Jean/cnn_food_classification/data/val/Şekerpare/nyt-up-4635227_attachment-320x569_4.jpg,Şekerpare,Şekerpare
/home/yapbenzet/Desktop/Jean/cnn_food_classification/data/val/Şekerpare/nyt-up-4635227_recipe-2019-05-20-18-54-38-320x427.jpg,Şekerpare,Şekerpare
/home/yapbenzet/Desktop/Jean/cnn_food_classification/data/val/Şekerpare/nyt-up-4635227_recipe-2019-06-11-22-39-26-320x427.jpg,Şekerpare,Şekerpare
/home/yapbenzet/Desktop/Jean/cnn_food_classification/data/val/Şekerpare/nyt-up-4635227_recipe-2020-03-25-20-46-12-320x427.jpg,Şekerpare,Şekerpare
/home/yapbenzet/Desktop/Jean/cnn_food_classification/data/val/Şekerpare/nyt-up-4635227_recipe-2020-04-29-00-13-18-320x240.jpg,Şekerpare,Şekerpare
/home/yapbenzet/Desktop/Jean/cnn_food_classification/data/val/Şekerpare/nyt-up-4635227_recipe-2020-04-30-09-18-48-320x427.jpg,Şekerpare,Şekerpare
/home/yapbenzet/Desktop/Jean/cnn_food_classification/data/val/Şekerpare/nyt-up-4635227_recipe-2020-04-30-15-19-41-320x427.jpg,Şekerpare,Şekerpare
/home/yapbenzet/Desktop/Jean/cnn_food_classification/data/val/Şekerpare/nyt-up-4635227_recipe-2020-05-01-17-47-51-320x427.jpg,Şekerpare,Tulumba Tatlısı
/home/yapbenzet/Desktop/Jean/cnn_food_classification/data/val/Şekerpare/nyt-up-4635227_recipe-2020-05-03-16-23-53-311x640.jpg,Şekerpare,Tulumba Tatlısı
/home/yapbenzet/Desktop/Jean/cnn_food_classification/data/val/Şekerpare/nyt-up-4635227_recipe-2020-05-11-15-58-39-320x427.jpg,Şekerpare,Şekerpare
/home/yapbenzet/Desktop/Jean/cnn_food_classification/data/val/Şekerpare/nyt-up-4635227_recipe-2020-05-16-18-56-38-320x240.jpg,Şekerpare,Şekerpare
/home/yapbenzet/Desktop/Jean/cnn_food_classification/data/val/Şekerpare/nyt-up-4635227_recipe-2020-05-19-16-02-21-320x427.jpg,Şekerpare,Şekerpare
/home/yapbenzet/Desktop/Jean/cnn_food_classification/data/val/Şekerpare/nyt-up-4635227_recipe-2020-05-31-15-19-50-320x569.jpg,Şekerpare,Şekerpare
/home/yapbenzet/Desktop/Jean/cnn_food_classification/data/val/Şekerpare/nyt-up-4635227_recipe-2020-08-17-14-40-50-320x180.jpg,Şekerpare,Şekerpare
/home/yapbenzet/Desktop/Jean/cnn_food_classification/data/val/Şekerpare/nyt-up-4635227_recipe-2020-09-01-20-25-50-320x568.jpg,Şekerpare,Şekerpare
/home/yapbenzet/Desktop/Jean/cnn_food_classification/data/val/Şekerpare/nyt-up-4635227_recipe-2021-04-16-14-02-00-320x427.jpg,Şekerpare,Şekerpare
/home/yapbenzet/Desktop/Jean/cnn_food_classification/data/val/Şekerpare/nyt-up-4635227_recipe-2021-04-22-15-06-09-320x427.jpg,Şekerpare,Şekerpare
/home/yapbenzet/Desktop/Jean/cnn_food_classification/data/val/Şekerpare/nyt-up-4635227_recipe-2021-05-20-18-44-08-320x240.jpg,Şekerpare,Şekerpare
/home/yapbenzet/Desktop/Jean/cnn_food_classification/data/val/Şekerpare/nyt-up-4635227_recipe-2021-06-26-12-05-10-320x427.jpg,Şekerpare,Şekerpare
/home/yapbenzet/Desktop/Jean/cnn_food_classification/data/val/Şekerpare/nyt-up-4635227_recipe-2021-11-21-20-14-58-e1637516090911-320x240.jpg,Şekerpare,Şekerpare
/home/yapbenzet/Desktop/Jean/cnn_food_classification/data/val/Şekerpare/nyt-up-4635227_recipe-2022-09-15-18-29-21-288x640.jpg,Şekerpare,Tulumba Tatlısı
/home/yapbenzet/Desktop/Jean/cnn_food_classification/data/val/Şekerpare/nyt-up-4635227_recipe-2023-03-29-16-03-22-320x427.jpg,Şekerpare,Şekerpare
/home/yapbenzet/Desktop/Jean/cnn_food_classification/data/val/Şekerpare/nyt-up-4635227_recipe-2023-04-02-20-33-20-320x427.jpg,Şekerpare,Şekerpare
/home/yapbenzet/Desktop/Jean/cnn_food_classification/data/val/Şekerpare/nyt-up-4635227_recipe-2024-01-08-15-44-56-320x425.jpg,Şekerpare,Şekerpare
/home/yapbenzet/Desktop/Jean/cnn_food_classification/data/val/Şekerpare/nyt-up-578503_59462594790d40d3822512696-320x240.jpg,Şekerpare,Şekerpare
/home/yapbenzet/Desktop/Jean/cnn_food_classification/data/val/Şekerpare/nyt-up-578503_90665a3dfe81836e009281920-320x427.jpg,Şekerpare,Şekerpare
/home/yapbenzet/Desktop/Jean/cnn_food_classification/data/val/Şekerpare/nyt-up-578503_attachment-320x427_16.jpg,Şekerpare,Şekerpare
/home/yapbenzet/Desktop/Jean/cnn_food_classification/data/val/Şekerpare/nyt-up-578503_attachment-320x427_19.jpg,Şekerpare,Şekerpare
/home/yapbenzet/Desktop/Jean/cnn_food_classification/data/val/Şekerpare/nyt-up-578503_attachment-320x427_21.jpg,Şekerpare,Şekerpare
/home/yapbenzet/Desktop/Jean/cnn_food_classification/data/val/Şekerpare/nyt-up-578503_attachment-320x427_3.jpg,Şekerpare,Şekerpare
/home/yapbenzet/Desktop/Jean/cnn_food_classification/data/val/Şekerpare/nyt-up-578503_attachment-320x427_31.jpg,Şekerpare,Şekerpare
/home/yapbenzet/Desktop/Jean/cnn_food_classification/data/val/Şekerpare/nyt-up-578503_attachment-320x427_38.jpg,Şekerpare,Şekerpare
/home/yapbenzet/Desktop/Jean/cnn_food_classification/data/val/Şekerpare/nyt-up-578503_attachment-320x427_44.jpg,Şekerpare,Şekerpare
/home/yapbenzet/Desktop/Jean/cnn_food_classification/data/val/Şekerpare/nyt-up-578503_attachment-320x427_48.jpg,Şekerpare,Şekerpare
/home/yapbenzet/Desktop/Jean/cnn_food_classification/data/val/Şekerpare/nyt-up-578503_attachment-320x427_5.jpg,Şekerpare,Şekerpare
/home/yapbenzet/Desktop/Jean/cnn_food_classification/data/val/Şekerpare/nyt-up-578503_attachment-320x427_51.jpg,Şekerpare,Şekerpare
/home/yapbenzet/Desktop/Jean/cnn_food_classification/data/val/Şekerpare/nyt-up-578503_attachment-320x428.jpg,Şekerpare,Şekerpare
/home/yapbenzet/Desktop/Jean/cnn_food_classification/data/val/Şekerpare/nyt-up-578503_attachment-320x569_2.jpg,Şekerpare,Şekerpare
/home/yapbenzet/Desktop/Jean/cnn_food_classification/data/val/Şekerpare/nyt-up-578503_attachment-e1660415275418-320x240.jpg,Şekerpare,Şekerpare
/home/yapbenzet/Desktop/Jean/cnn_food_classification/data/val/Şekerpare/nyt-up-578503_recipe-2020-06-01-17-16-25-320x427.jpg,Şekerpare,Şekerpare
/home/yapbenzet/Desktop/Jean/cnn_food_classification/data/val/Şekerpare/nyt-up-578503_recipe-2020-09-25-11-21-42-320x427.jpg,Şekerpare,Şekerpare
/home/yapbenzet/Desktop/Jean/cnn_food_classification/data/val/Şekerpare/nyt-up-578503_recipe-2020-12-29-18-39-55-320x427.jpg,Şekerpare,Şekerpare
/home/yapbenzet/Desktop/Jean/cnn_food_classification/data/val/Şekerpare/nyt-up-578503_recipe-2021-01-31-14-09-51-303x640.jpg,Şekerpare,Şekerpare
/home/yapbenzet/Desktop/Jean/cnn_food_classification/data/val/Şekerpare/nyt-up-578503_recipe-2021-04-17-17-51-14-320x569.jpg,Şekerpare,Şekerpare
/home/yapbenzet/Desktop/Jean/cnn_food_classification/data/val/Şekerpare/nyt-up-578503_recipe-2021-04-28-19-43-39-320x180.jpg,Şekerpare,Şekerpare
/home/yapbenzet/Desktop/Jean/cnn_food_classification/data/val/Şekerpare/nyt-up-578503_recipe-2021-05-11-22-56-12-320x569.jpg,Şekerpare,Şekerpare
/home/yapbenzet/Desktop/Jean/cnn_food_classification/data/val/Şekerpare/nyt-up-578503_recipe-2021-05-13-18-58-47-320x569.jpg,Şekerpare,Şekerpare
/home/yapbenzet/Desktop/Jean/cnn_food_classification/data/val/Şekerpare/nyt-up-578503_recipe-2021-05-22-18-55-56-e1622442993800-320x569.jpg,Şekerpare,Şekerpare
/home/yapbenzet/Desktop/Jean/cnn_food_classification/data/val/Şekerpare/nyt-up-578503_recipe-2021-10-06-13-10-01-320x180.jpg,Şekerpare,Şekerpare
/home/yapbenzet/Desktop/Jean/cnn_food_classification/data/val/Şekerpare/nyt-up-578503_recipe-2021-11-03-10-05-31-320x240.jpg,Şekerpare,Şekerpare
/home/yapbenzet/Desktop/Jean/cnn_food_classification/data/val/Şekerpare/nyt-up-578503_recipe-2021-11-12-00-40-23-320x427.jpg,Şekerpare,Şekerpare
/home/yapbenzet/Desktop/Jean/cnn_food_classification/data/val/Şekerpare/nyt-up-578503_recipe-2022-04-22-23-40-13-320x387.jpg,Şekerpare,Şekerpare
/home/yapbenzet/Desktop/Jean/cnn_food_classification/data/val/Şekerpare/nyt-up-578503_recipe-2022-08-05-00-09-44-320x427.jpg,Şekerpare,Şekerpare
/home/yapbenzet/Desktop/Jean/cnn_food_classification/data/val/Şekerpare/nyt-up-578503_recipe-2022-08-21-00-37-12-320x569.jpg,Şekerpare,Şekerpare
/home/yapbenzet/Desktop/Jean/cnn_food_classification/data/val/Şekerpare/nyt-up-578503_recipe-2022-09-22-15-44-55-320x427.jpg,Şekerpare,Şekerpare
/home/yapbenzet/Desktop/Jean/cnn_food_classification/data/val/Şekerpare/nyt-up-578503_recipe-2023-01-01-20-48-19-320x427.jpg,Şekerpare,Şekerpare
/home/yapbenzet/Desktop/Jean/cnn_food_classification/data/val/Şekerpare/nyt-up-578503_recipe-2023-04-01-17-11-35-320x427.jpg,Şekerpare,Şekerpare
/home/yapbenzet/Desktop/Jean/cnn_food_classification/data/val/Şekerpare/nyt-up-578503_recipe-2024-04-06-20-08-26-320x427.jpg,Şekerpare,Şekerpare
/home/yapbenzet/Desktop/Jean/cnn_food_classification/data/val/Şekerpare/nyt-up-578503_recipe-2024-04-09-08-05-51-320x427.jpg,Şekerpare,Şekerpare
/home/yapbenzet/Desktop/Jean/cnn_food_classification/data/val/Şekerpare/nyt-up-578503_recipe-2024-04-16-11-34-04-320x169.jpg,Şekerpare,Şekerpare
/home/yapbenzet/Desktop/Jean/cnn_food_classification/data/val/Şekerpare/nyt-up-578503_recipe-2024-07-17-17-39-56-320x200.jpg,Şekerpare,Şekerpare
/home/yapbenzet/Desktop/Jean/cnn_food_classification/data/val/Şekerpare/nyt-up-578503_recipe-2024-08-04-14-02-07-320x427.jpg,Şekerpare,Şekerpare
/home/yapbenzet/Desktop/Jean/cnn_food_classification/data/val/Şekerpare/nyt-up-578503_recipe-2024-09-16-00-24-13-320x323.jpg,Şekerpare,Şekerpare
/home/yapbenzet/Desktop/Jean/cnn_food_classification/data/val/Şekerpare/nyt-up-578503_recipe-2024-09-21-19-54-41-320x427.jpg,Şekerpare,Şekerpare
/home/yapbenzet/Desktop/Jean/cnn_food_classification/data/val/Şekerpare/nyt-up-578503_recipe-2024-11-14-14-47-28-320x315.jpg,Şekerpare,Şekerpare
/home/yapbenzet/Desktop/Jean/cnn_food_classification/data/val/Şekerpare/nyt-up-628138_21366f5b460280bd096706044-320x425.jpg,Şekerpare,Şekerpare
/home/yapbenzet/Desktop/Jean/cnn_food_classification/data/val/Şekerpare/nyt-up-628138_260661429e94e666148820736-320x569.jpg,Şekerpare,Şekerpare
/home/yapbenzet/Desktop/Jean/cnn_food_classification/data/val/Şekerpare/nyt-up-628138_576677ce487e95d924973632-320x425.jpg,Şekerpare,Şekerpare
/home/yapbenzet/Desktop/Jean/cnn_food_classification/data/val/Şekerpare/nyt-up-628138_90665b9620f6796c703663157-320x569.jpg,Şekerpare,Şekerpare
/home/yapbenzet/Desktop/Jean/cnn_food_classification/data/val/Şekerpare/nyt-up-628138_98565e026e594dcb551391022-320x282.jpg,Şekerpare,Şekerpare
/home/yapbenzet/Desktop/Jean/cnn_food_classification/data/val/Şekerpare/nyt-up-628138_attachment-1-e1704058314991-320x240.jpg,Şekerpare,Şekerpare
/home/yapbenzet/Desktop/Jean/cnn_food_classification/data/val/Şekerpare/nyt-up-628138_attachment-1-e1710963966603-320x180.jpg,Şekerpare,Şekerpare
/home/yapbenzet/Desktop/Jean/cnn_food_classification/data/val/Şekerpare/nyt-up-628138_attachment-320x240_2.jpg,Şekerpare,Şekerpare
/home/yapbenzet/Desktop/Jean/cnn_food_classification/data/val/Şekerpare/nyt-up-628138_attachment-320x362.jpg,Şekerpare,Şekerpare
/home/yapbenzet/Desktop/Jean/cnn_food_classification/data/val/Şekerpare/nyt-up-628138_attachment-320x427_12.jpg,Şekerpare,Şekerpare
/home/yapbenzet/Desktop/Jean/cnn_food_classification/data/val/Şekerpare/nyt-up-628138_attachment-320x427_13.jpg,Şekerpare,Şekerpare
/home/yapbenzet/Desktop/Jean/cnn_food_classification/data/val/Şekerpare/nyt-up-628138_attachment-320x569_4.jpg,Şekerpare,Şekerpare
/home/yapbenzet/Desktop/Jean/cnn_food_classification/data/val/Şekerpare/nyt-up-628138_attachment-320x569_6.jpg,Şekerpare,Şekerpare
/home/yapbenzet/Desktop/Jean/cnn_food_classification/data/val/Şekerpare/nyt-up-628138_attachment-e1701543196125-320x240.jpg,Şekerpare,Şekerpare
/home/yapbenzet/Desktop/Jean/cnn_food_classification/data/val/Şekerpare/nyt-up-628138_attachment-e1712408662825-320x180.jpg,Şekerpare,Şekerpare
/home/yapbenzet/Desktop/Jean/cnn_food_classification/data/val/Şekerpare/nyt-up-628138_nyt-5ee145ae-ad03-484e-86b2-1d11aeeedea0-320x427.jpg,Şekerpare,Şekerpare
/home/yapbenzet/Desktop/Jean/cnn_food_classification/data/val/Şekerpare/nyt-up-628138_recipe-2023-08-28-13-02-54-320x240.jpg,Şekerpare,Şekerpare
/home/yapbenzet/Desktop/Jean/cnn_food_classification/data/val/Şekerpare/nyt-up-628138_recipe-2023-09-02-20-48-36-320x425.jpg,Şekerpare,Şekerpare
/home/yapbenzet/Desktop/Jean/cnn_food_classification/data/val/Şekerpare/nyt-up-628138_recipe-2023-10-20-22-37-23-320x402.jpg,Şekerpare,Şekerpare
/home/yapbenzet/Desktop/Jean/cnn_food_classification/data/val/Şekerpare/nyt-up-628138_recipe-2024-02-26-19-45-42-320x569.jpg,Şekerpare,Şekerpare
/home/yapbenzet/Desktop/Jean/cnn_food_classification/data/val/Şekerpare/nyt-up-628138_recipe-2024-03-12-14-13-25-320x427.jpg,Şekerpare,Börek
/home/yapbenzet/Desktop/Jean/cnn_food_classification/data/val/Şekerpare/nyt-up-628138_recipe-2024-03-19-21-52-59-320x148.jpg,Şekerpare,Aşure
/home/yapbenzet/Desktop/Jean/cnn_food_classification/data/val/Şekerpare/nyt-up-628138_recipe-2024-09-06-15-33-33-320x144.jpg,Şekerpare,Şekerpare
/home/yapbenzet/Desktop/Jean/cnn_food_classification/data/val/Şekerpare/nyt-up-628138_recipe-2024-10-18-19-19-19-289x640.jpg,Şekerpare,Şekerpare
/home/yapbenzet/Desktop/Jean/cnn_food_classification/data/val/Şekerpare/nyt-up-628138_recipe-2024-12-11-19-49-19-320x427.jpg,Şekerpare,Şekerpare
/home/yapbenzet/Desktop/Jean/cnn_food_classification/data/val/Şekerpare/nyt-up-628138_recipe-2025-01-04-22-02-45-320x569.jpg,Şekerpare,Şekerpare
/home/yapbenzet/Desktop/Jean/cnn_food_classification/data/val/Şekerpare/nyt_up_217825_attachment-1-320x355.jpg,Şekerpare,Şekerpare
/home/yapbenzet/Desktop/Jean/cnn_food_classification/data/val/Şekerpare/nyt_up_217825_attachment-320x427_12.jpg,Şekerpare,Şekerpare
/home/yapbenzet/Desktop/Jean/cnn_food_classification/data/val/Şekerpare/nyt_up_217825_attachment-320x427_20.jpg,Şekerpare,Şekerpare
/home/yapbenzet/Desktop/Jean/cnn_food_classification/data/val/Şekerpare/nyt_up_217825_attachment-320x478.jpg,Şekerpare,Şekerpare
/home/yapbenzet/Desktop/Jean/cnn_food_classification/data/val/Şekerpare/nyt_up_217825_recipe-2016-05-06-13-51-09-320x569.jpg,Şekerpare,Şekerpare
/home/yapbenzet/Desktop/Jean/cnn_food_classification/data/val/Şekerpare/nyt_up_217825_recipe-2016-12-17-10-07-05-320x569.jpg,Şekerpare,Şekerpare
/home/yapbenzet/Desktop/Jean/cnn_food_classification/data/val/Şekerpare/nyt_up_217825_recipe-2017-02-01-20-34-59-320x240.jpg,Şekerpare,Şekerpare
/home/yapbenzet/Desktop/Jean/cnn_food_classification/data/val/Şekerpare/nyt_up_217825_recipe-2018-01-14-15-28-01-320x427.jpg,Şekerpare,Şekerpare
/home/yapbenzet/Desktop/Jean/cnn_food_classification/data/val/Şekerpare/nyt_up_217825_recipe-2018-01-17-15-16-52-320x240.jpg,Şekerpare,Şekerpare
/home/yapbenzet/Desktop/Jean/cnn_food_classification/data/val/Şekerpare/nyt_up_217825_recipe-2018-03-02-18-03-54-320x427.jpg,Şekerpare,Şekerpare
/home/yapbenzet/Desktop/Jean/cnn_food_classification/data/val/Şekerpare/nyt_up_217825_recipe-2018-03-02-18-04-29-320x240.jpg,Şekerpare,Şekerpare
/home/yapbenzet/Desktop/Jean/cnn_food_classification/data/val/Şekerpare/nyt_up_217825_recipe-2018-08-13-00-16-55-320x180.jpg,Şekerpare,Pastane Poğaçası
